:020000022000DC
:1060000000000120756302005D6302005F6302000F
:106010006163020063630200656302000000000028
:1060200000000000000000000000000067630200A4
:1060300069630200000000006B6302006D630200F0
:10604000B9A902006F630200D5BA02006F630200B3
:106050006F6302006F630200F5B702006F63020016
:106060006F6302006F630200417F03006F630200F1
:106070006F6302006F6302006F6302006F630200D0
:106080006F63020089C50300059A03006F63020075
:10609000F9C503006F630200116E03006F63020015
:1060A0006F6302006F6302006F6302006F630200A0
:1060B0005DCB02006F6302000000000000000000E2
:1060C0006F63020075CB02006F6302006F63020012
:1060D0006F6302006F6302006F6302000000000044
:1060E00000000000000000000000000000000000B0
:1060F00000000000000000000000000000000000A0
:10610000000000000000000000000000000000008F
:10611000000000000000000000000000000000007F
:10612000000000000000000000000000000000006F
:10613000000000000000000000000000000000005F
:10614000000000000000000000000000000000004F
:10615000000000000000000000000000000000003F
:10616000000000000000000000000000000000002F
:10617000000000000000000000000000000000001F
:10618000000000000000000000000000000000000F
:1061900000000000000000000000000000000000FF
:1061A00000000000000000000000000000000000EF
:1061B00000000000000000000000000000000000DF
:1061C00000000000000000000000000000000000CF
:1061D00000000000000000000000000000000000BF
:1061E00000000000000000000000000000000000AF
:1061F000000000000000000000000000000000009F
:10620000354936480A1A02D0072291438D4634494F
:1062100034480A1A06D00722914381F309880222E2
:1062200082F3148830483149314A00F044F831484B
:106230003149324A00F03FF831483249324A00F0E1
:106240003AF832483249334A00F035F83248334997
:10625000334A00F030F833483349344A00F02BF821
:1062600033483449344A00F026F83448344900228F
:1062700000F02CF833483449002200F027F8334866
:106280003349091A082902DB002202604160314AC1
:1062900090471F481F49884205D00268043003B464
:1062A000904703BCF7E700208646EC46002000211B
:1062B000294A9047FEE7884207D0521A05D0037852
:1062C00001300B700131013AF9D17047884202D098
:1062D00002700130FAE770470000012000E0002062
:1062E0000000012000000120B0F50300AC2A0020CE
:1062F000CC2C0020D0630200D063020000D2030047
:10630000B0F50300AC2A0020AC2A002050D30300D3
:1063100050D3030050D3030050D3030050D30300E5
:1063200050D3030050D3030050D30300AFF5030054
:10633000D0F70300CC2C0020CC2C0020CC2C00204B
:10634000BC480020BC480020BC480020BC480020BD
:10635000BC6800209D63020035E40200FEE7FEE712
:10636000FEE7FEE7FEE7FEE7FEE7FEE7FEE7FEE705
:1063700000F002B8FFF7FCBF0F484FF00701884359
:1063800085460E4880470E48016841F4700101605F
:10639000BFF34F8FBFF36F8FFFF732BF09480A4932
:1063A0000A4A884207D0521A05D0037801300B7090
:1063B0000131013AF9D1704700000120D99B020058
:1063C00088ED00E03CD30300982A0020AC2A00208E
:1063D00000B585B00190019B002B0AD0074B43F01C
:1063E00001030393019B9B010293039B029898472F
:1063F00000E000BF05B05DF804FB00BF60D3030000
:1064000000B583B00190019B002B0AD04FF47A7045
:10641000FFF7DEFF019B013B0193019B002BF5D1B0
:1064200000E000BF03B05DF804FB08B50CF0A6FF68
:1064300000BF08BD00B589B0039002910192019B95
:10644000002B33D00023079303230693029A079B64
:106450001344019A194600200CF01AFF0590079A80
:10646000059B13440793019A059BD31A0193059B3F
:10647000002B13D10F4B1B7883F00103DBB2002BF1
:1064800013D10120FFF7BCFF069B013B0693069B3F
:10649000002B03D1074B00221A7007E0054B0122A5
:1064A0001A70019B002BD1D100E000BF00BF09B0E2
:1064B0005DF804FBCC2C002000B585B00390029160
:1064C000054B00934023054A0299039800F012F807
:1064D00000BF05B05DF804FB35640200D02C00203D
:1064E00082B0019000BF02B0704782B0019000BF3F
:1064F00002B0704700B5A1B00590049103920293D9
:10650000049802F04BFA039B1593029B1693002309
:10651000179300238DF8603000231993229B1A9360
:1065200000231F930FA91F9B0822049802F010FB61
:1065300008231F93119B1293BDF84030ADF84C30E7
:10654000BDF84230ADF84E3000238DF851309DF843
:106550003C3003F00303DBB2012B26D10F9BC3F3C6
:1065600095231C939DF83C30C3F3C203DBB28DF836
:106570005030BDF83C30C3F38313DBB21B931B9B3D
:106580009A0009A91F9B049802F0E2FA1B9B9B004A
:106590001F9A13441F9312AA09A915AB009313461F
:1065A0001B9A1C9800F03EFF2FE09DF83C3003F052
:1065B0000303DBB2022B28D1BDF83E30C3F38913AD
:1065C0009BB21E939DF83C30C3F3C203DBB28DF83F
:1065D00050301E9B082B28BF08231D9307A91F9B23
:1065E0001D9A049802F0B4FA1F9A1D9B13441F933E
:1065F0001E9A1D9BD31A1E9315AB12AA07A81D99AC
:1066000000F0B2FF1E9B002BE3D1049802F0D5F9F5
:1066100000BF21B05DF804FB82B00190019BDB68F4
:1066200001225A7100BF02B07047000000B583B06C
:106630004FF0FF330193FFF7F8FE0421084800F004
:106640000BFE0190019B002B03DA0649412006F066
:106650002FFF0348FFF7E0FF00BF03B05DF804FB26
:106660002CD3030078D3030000B583B001900091D0
:10667000019B1B681B6800990198984700BF03B0F5
:106680005DF804FB00B583B00190019B1B685B685B
:106690000198984700BF03B05DF804FB00B583B0D4
:1066A0000190019B1B689B680198984700BF03B04D
:1066B0005DF804FB82B001900B468DF80330019B1E
:1066C000DB689DF803201A7100BF02B0704782B0EA
:1066D0000190019BDB681B79184602B0704782B0BD
:1066E0000190019BDB6801225A7100BF02B0704724
:1066F00082B00190019BDB685B79184602B070475D
:1067000000B585B001900091154BFF229A60144BA3
:1067100000221A60124B00225A60114B0022C3F86B
:1067200018240F4B0022C3F814240D4B002283F8C9
:1067300020240C4802F096F80390039B002B01D014
:10674000039B08E0084802F0C1FA084A084BD31A34
:10675000DB0802930023184605B05DF804FB00BF78
:10676000782E002088D20300E0D303002CD303004E
:106770009CD20300024A034BD31ADB081846704729
:106780002CD303009CD2030000B587B001900B46C8
:106790008DF803309DF80330002B1FD0FFF7EAFF80
:1067A00004900023059313E0059B9B000E4A1344BD
:1067B0000393039B1B881A46019B1B689A4204D1D2
:1067C000019B059A1A60002309E0059B013305939C
:1067D000059A049B9A42E7D3052300E0002318465C
:1067E00007B05DF804FB00BFAC2A002000B585B0FF
:1067F00001900B468DF803309DF8032001AB114644
:106800001846FFF7C1FF0346002B07D1019BDB00B1
:10681000054A13440393039B1B6800E000231846BA
:1068200005B05DF804FB00BF9CD2030084B001906A
:106830000B468DF80330019BDB00174A134402938B
:106840009DF80330013B032B1CD801A252F823F022
:106850006168020069680200716802007B680200DA
:1068600002238DF80F3011E004238DF80F300DE076
:10687000029B1B798DF80F3008E0029B5B798DF845
:106880000F3003E000238DF80F3000BF9DF80F306C
:10689000184604B0704700BF9CD2030084B001903A
:1068A000009100238DF80F30019B1B7803F0040347
:1068B000DBB2002B24D0019B1B78C3F30103DBB2B6
:1068C000012B02D0022B0CD017E0009B1B68019A11
:1068D0001288C2F38312D2B213449A1C009B1A602E
:1068E0000BE0009B1B68019A5288C2F3891292B296
:1068F00013449A1C009B1A6000BF01238DF80F30CF
:106900009DF80F30184604B07047000000B58BB0FA
:106910000023ADF826303E4801F0A3FA3D4801F0CF
:10692000A0FA3D4B5B6804933B4B9B680693049A2B
:10693000069B134002339B00374A134404330893E9
:1069400004AB19460898FFF7A9FF0346002B09D0AE
:10695000049A069B134002339B002F4A13440433CE
:106960000893EDE700BF0023079311E0049B5A1C36
:106970000492069A1340079A920001A90A442649F4
:1069800002339B000B445B681360079B0133079342
:10699000079B012BEAD99DF80430C3F30103DBB256
:1069A000012B10D0022B1CD1BDF80A30ADF82630D7
:1069B000BDF80630C3F389139BB203339A08049BD6
:1069C0001344049313E0BDF80A30ADF82630BDF847
:1069D0000430C3F38313DBB21A46049B13440493BD
:1069E00005E00E494FF4BF7006F062FD00BF094894
:1069F00001F043FA0590059B002B02D0049B064A48
:106A00005360BDF8263018460BB05DF804FB00BF9C
:106A1000903200208C320020782E0020F0D303002A
:106A200000B585B00021074801F068F90390039B89
:106A30000293029B83F310030193019B184605B058
:106A40005DF804FB9432002000B589B003900291F8
:106A500001920093039B1B0C0793FFF7E1FF069045
:106A6000FFF788FE0246079B934204D3214940F278
:106A7000A31006F01DFD069B1904009B5A1C0A9BDF
:106A80001340079A0A431C4902339B000B445A6087
:106A9000009A0A9B134002339B00174A13440433A5
:106AA0000593039B03F00703D9B2059A137861F3AA
:106AB000C5031370019B03F00F03D9B2059A138825
:106AC00061F389131380029BC3F31501059A1368C0
:106AD00061F39F231360059A1378012161F3010389
:106AE0001370059A13786FF38203137000BF09B017
:106AF0005DF804FBF0D30300782E002000B58DB0C4
:106B00000390029113468DF80730039B02330A93DA
:106B100001238DF8273000238DF81B300DF11B0366
:106B2000184600F01BFF404B1A68029B1A603E4B50
:106B30009A683D4B59683C4B1B68CB1A1344013390
:106B40000B9314E00121394801F04FF9FFF7DEFE05
:106B500007900799354801F048F9334B9A68324B52
:106B60005968314B1B68CB1A134401330B930A9AB3
:106B70000B9B9A42E6D89DF82730002B48D0002383
:106B800005939DF80730002B17D09DF81430012293
:106B900062F301038DF814309DF8143043F00403C0
:106BA0008DF81430039B03F00F03DAB2BDF81430F4
:106BB00062F38913ADF8143016E09DF81430022208
:106BC00062F301038DF814309DF8143043F0040390
:106BD0008DF81430039BC3F309039AB2BDF8163045
:106BE00062F38F13ADF816300F4B1A680E4B9B688B
:106BF000134002339B000C4A134404330893059A54
:106C0000089B1A60084B1A680A9B1344064A1360D3
:106C10009DF81B30184600F0B7FE9DF82730184647
:106C20000DB05DF804FB00BF782E002094320020E8
:106C300000B587B00190244B93F82034002B02D18B
:106C4000019B002B01D1019B39E0019815F08DFFCC
:106C500003460133049304AA03A901231B4802F04D
:106C600053F80346002B29D1039B049A0199184637
:106C700015F0FDFE039A049B013B134400221A7099
:106C8000049B1946114802F0BFF80590059B002BA4
:106C900004D00F4940F20A2006F00AFC049B194672
:106CA0000A4802F0E4F80590059B002B04D008493F
:106CB00040F20E2006F0FCFB039B00E00023184688
:106CC00007B05DF804FB00BF782E0020E0D303007E
:106CD000F0D3030000B58BB00590049103920293AA
:106CE0001F4B9B68079306AB012219460298FFF7DA
:106CF00005FF0346002B24D0069B02330993002393
:106D0000089311E0089B9B00039A1A44099B591CA5
:106D1000099107990B401268114902339B000B44FB
:106D20005A60089B01330893089A029B9A42E9D360
:106D3000069A079B00931346029A04990598FFF759
:106D400083FE074B93F82034002B05D000BF00F0E2
:106D50007BF80346002BFAD100BF0BB05DF804FBB3
:106D6000782E002000B583B001900091002300220E
:106D700000990198FFF7AEFF00BF03B05DF804FB78
:106D800000B587B0039002910192019B059305AA7B
:106D9000012302990398FFF79DFF00BF07B05DF83C
:106DA00004FB00B587B00390029101920093019B10
:106DB0000493009B059304AA022302990398FFF70A
:106DC00089FF00BF07B05DF804FB00B589B00390F0
:106DD000029101920093019B0593009B06930A9BED
:106DE000079305AA032302990398FFF773FF00BFD7
:106DF00009B05DF804FB00B58BB0039002910192DD
:106E00000093019B0593009B06930C9B07930D9B9E
:106E100008930E9B099305AA052302990398FFF78F
:106E200059FF00BF0BB05DF804FB0000054B5A682A
:106E3000044B1B689A420CBF01230023DBB21846A7
:106E4000704700BF782E002000B599B0FFF7EEFF25
:106E50000346002B01D00023BEE19B4B0022C3F868
:106E60001824BFF34F8F00BF974B5B680493964B7A
:106E70009B681093049A109B134002339B00924A24
:106E80001344043311930023179300231693002314
:106E90000F9304AB19461198FFF700FD0346002B32
:106EA00019D0894BD3F81834002B14D1864B1A68AB
:106EB000049B9A4205D8844B1B68834A5360002385
:106EC0008AE1049A109B134002339B007E4A1344CC
:106ED00004331193DDE70023159311E0049B5A1C42
:106EE0000492109A1340159A920001A90A44764917
:106EF00002339B000B445B681360159B01331593B1
:106F0000159B012BEAD99DF8043003F00303DBB293
:106F1000022B40F09C80BDF80630C3F389139BB26E
:106F20000D93BDF80630C3F389139BB2502B28BFD5
:106F300050239BB20C930C9BC3F309039AB2BDF888
:106F4000063062F38F13ADF806300C9B08330B93B9
:106F50009DF80430C3F3C203DBB20F930B995B4877
:106F600001F08BFC1790179B002B00F0D180179835
:106F700001F014FD01A9169B0822179801F0CAFD23
:106F8000169B08331693049BDA43109B134001337E
:106F90009B000A930C9A0A9B9A4242D90A9B002BA7
:106FA00008D0049A109B134002339B00464A1344B6
:106FB000043300E0464B08930A9B002B02D00A9B47
:106FC000DBB201E00C9BDBB28DF81F300A9B002B7B
:106FD00001D03F4B00E0002306930A9B002B06D014
:106FE0000C9BDAB20A9BDBB2D31ADBB200E00023BF
:106FF0008DF817309DF81F20169B0899179801F0FF
:1070000089FD9DF81F30169A13441693069B002B9A
:1070100016D09DF81720169B0699179801F07AFD57
:107020000EE0049A109B134002339B00264A13443F
:1070300004330993169B0C9A0999179801F06AFD7D
:107040000D9B03339A08049B1344049360E09DF85E
:10705000043003F00303DBB2012B59D1BDF8043037
:10706000C3F38313DBB2062B28BF0623DAB2BDF8C5
:10707000043062F38913ADF80430BDF80430C3F373
:107080008313DBB202330E939DF80430C3F3C203C3
:10709000DBB20F930E9B9B0019460C4801F0EDFBF1
:1070A0001790179B002B33D0179801F077FC01A99C
:1070B000169B0822179801F02DFD169B0833169396
:1070C000002315931BE000BF782E002088D2030018
:1070D000842E0020049B5A1C0492109A1340023301
:1070E0009B003F4A1344191D169B0422179801F078
:1070F00011FD169B04331693159B01331593BDF8B0
:107100000430C3F38313DBB21A46159B9342E1D3D9
:10711000179B002B40D0324BD3F810341493304BD4
:10712000D3F81834002B1BD0179801F046FC4DE023
:1071300000238DF84F301498FFF7DAFA0346002B3E
:1071400002D001238DF84F309DF84F30002B03D033
:1071500017991498FFF788FA149BDB681B6814933F
:10716000149B002BE4D1179801F027FC00238DF825
:1071700003300DF10303184600F0F0FB184BD3F871
:107180001834002B02D1049B154A53609DF803303C
:10719000184600F0F9FB19E0114BD3F810341293A4
:1071A00006E01298FFF77AFA129BDB681B681293CD
:1071B000129B002BF5D10B4A0B4BD31ADB081B0497
:1071C00043F0020309491846FFF7CCFDFFF72EFEF6
:1071D000034683F00103DBB2184619B05DF804FBE7
:1071E000782E0020D4D203009CD2030050D4030098
:1071F00000B585B00023039323E0164BD3F8103479
:10720000029301238DF807300FE00298FFF75FFA31
:1072100003461A46039B934203D100238DF807309F
:1072200006E0029BDB681B680293029B002BECD1FB
:107230009DF80730002B01D0039B07E0039B01332F
:107240000393039B092BD8DD4FF0FF33184605B09D
:107250005DF804FB782E002000B585B001900B4648
:107260008DF80330FFF7C4FF0390039BB3F1FF3F9A
:1072700001D1039B22E0039BDBB219460198FFF783
:1072800019FA104BD3F81034002B08D10D4A019B8A
:10729000C2F81034019BDB6800221A600DE0094B34
:1072A000D3F81034DA68019BDB6812681A60054B6A
:1072B000D3F81034DB68019A1A60039B184605B0B6
:1072C0005DF804FB782E002000B583B00D4BD3F899
:1072D000103401930B4B012283F8202409E001981C
:1072E000FFF7FDF90198FFF7CDF9019BDB681B68FB
:1072F0000193019B002BF2D100BF00BF03B05DF8EA
:1073000004FB00BF782E002082B00190009100BFE6
:1073100002B0704710B584B003900291039BDB88E4
:10732000002B0AD0039BDB881A461F4B00931346A1
:107330001E4A1F49029800F0E9FE039B1B7A052BA9
:107340002ED0039B5B7A002B12D0039B9B881A469E
:10735000039B1B7A19461046FFF768FA03461A4644
:10736000144B53F822301A461349029800F0CEFE0F
:10737000039B1B6819460298FFF7C6FF039B1B7A05
:107380001A460E4B53F82240039B9B880021184657
:10739000FFF72CFA034622460949029800F0B6FE90
:1073A00000BF04B010BD00BF84D4030094D4030018
:1073B000CCD40300C82A0020E4D40300B42A00205F
:1073C000E8D4030000B585B00390029113468DF810
:1073D0000730039B1B7A052B0FD0039B5B7A002B96
:1073E00006D00D4B1B681A460C49029800F08EFE21
:1073F0000B49029800F08AFE07E09DF80730002B49
:1074000003D00749029800F081FE029800F05CFE6C
:1074100000BF05B05DF804FBC82A0020E4D40300D7
:10742000F4D4030030B58BB0079006910592049315
:107430000E9B1B7B8DF827300E9B00221A730E9932
:107440000498FFF767FF059B062B7FD801A252F82F
:1074500023F000BF717402007B7402008B74020081
:107460009F740200BD740200E574020015750200ED
:1074700007990E9800F04AFE69E0069B1B681A46C1
:1074800007990E9800F042FE61E0069B1A68069B81
:1074900004331B6807990E9800F038FE57E0069BEE
:1074A0001A68069B04331968069B08331B6800930F
:1074B0000B4607990E9800F029FE48E0069B1968D4
:1074C000069B04331868069B08331B68069A0C3227
:1074D00012680192009303460A4607990E9800F03D
:1074E00015FE34E0069B1868069B04331C68069B57
:1074F00008331B68069A0C32126806991031096825
:107500000291019200932346024607990E9800F0DB
:10751000FDFD1CE0069B1C68069B04331D68069B52
:1075200008331B68069A0C321268069910310968F4
:1075300006981430006803900291019200932B4644
:10754000224607990E9800F0E1FD00E000BF0022FE
:107550000E990498FFF736FF0E9B9DF827201A73AB
:1075600000BF0BB030BD00BF00B587B003900291E3
:1075700001920093029B082B60D8009B1B7B8DF827
:107580001330009B00221A7300990198FFF7C2FE86
:107590000023059314E0059A029B9A4209D2039AAC
:1075A000059B13441B781A462649009800F0AEFD4F
:1075B00003E02549009800F0A9FD059B01330593E0
:1075C000059B072BE7D92149009800F09FFD002378
:1075D000059326E0059A029B9A421BD2039A059BCB
:1075E00013441B788DF812309DF812307E2B0AD888
:1075F0009DF81230184615F00FFA0346002B02D002
:107600009DF8123000E02E231A461149009800F030
:107610007DFD03E00F49009800F078FD059B0133E4
:107620000593059B072BD5D9012200990198FFF7F7
:10763000C9FE009B9DF813201A7300E000BF07B03D
:107640005DF804FBF8D4030000D5030004D5030063
:1076500008D503000CD5030086B003900291019277
:1076600001238DF817309DF81730214A039B1360D2
:107670001F4A029B53601E4A019B9360039B44F286
:107680000102934213D0039B44F20202934221D1A0
:10769000019B174AD360164BDB681B881A46144BB4
:1076A0009A61134BDB685B68114AD36112E0019B5E
:1076B0000F4A13610E4B1B699B680D4A53610C4BBB
:1076C0001B691B680A4A9361094B1B695B68084A7E
:1076D000D36100BF72B600BF00BF9DF81730DBB2A8
:1076E000002BFAD162B600BF00BF06B0704700BFE2
:1076F0009C32002000B583B002900091019244F2C8
:10770000010071466A4600F003F803B000BD00BFF7
:1077100030B58BB007900691059272B600BFFFF7A7
:10772000D3FD00BFFFF790FB0346002BFAD1079B68
:1077300044F2020293422FD0079B44F2020293428A
:1077400069D8079B44F20102934237D0079B44F269
:10775000010293425FD8079B012B05D0079B41F2A2
:10776000010293420CD056E0394A3A4BD31ADB0857
:107770001B0443F0010338491846FFF7F3FA57E0BA
:10778000334A344BD31ADB081B0443F0010333495B
:107790001846FFF7E7FA4BE0059B09932C4A2D4B5F
:1077A000D31ADB081B0443F00100099B5B681A46EF
:1077B000099B1B882A49FFF7F4FA39E0059B0893D7
:1077C000234A244BD31ADB081B0443F00104089B13
:1077D0009D68089B9B68184601F0D0FB034618463D
:1077E000089B5B681946089B1B68069A02920193E6
:1077F000009103462A461B492046FFF7FCFA144A2B
:10780000144BD31ADB081B0443F001031649184636
:10781000FFF7A8FA0CE00E4A0E4BD31ADB081B0444
:1078200043F00103069A11491846FFF7A9FA00BF71
:107830000F4B1B6803F00103002B00D000BE059A1C
:1078400006990798FFF708FF00BF0BB030BD00BFD7
:10785000D4D203009CD2030078D5030098D503004E
:10786000BCD50300D8D5030000D6030014D603000E
:10787000F0ED00E082B0EFF310830093009B0193E2
:1078800072B600BF019B184602B0704762B600BFD7
:1078900000BF704700B585B00190FFF7EBFF039084
:1078A000164B9B68002B1BD1144B01229A60144B82
:1078B000D3F88020134B1340104A1360104B114A29
:1078C000C3F880200E4BD3F884300C4A53600C4B25
:1078D0004FF0FF32C3F88420019B00221A7002E0AF
:1078E000019B01221A70039B002B01D1FFF7CEFFF1
:1078F0000023184605B05DF804FB00BFBC32002031
:1079000000E100E0FC06FFBD00B585B003468DF840
:107910000730104B9B68002B16D09DF80730002BCA
:1079200012D1FFF7A7FF03900B4A0A4B1B681360A5
:10793000094A084B5B685360064B00229A60039B20
:10794000002B01D1FFF7A2FF0023184605B05DF818
:1079500004FB00BFBC32002000E100E000B583B0B2
:10796000019000F02BF80346012B03D0054943207A
:1079700005F09EFD0198FFF78DFF00BF03B05DF895
:1079800004FB00BF2CD6030000B583B003468DF87E
:10799000073000F013F80346012B03D006495120AD
:1079A00005F086FD9DF807301846FFF7ADFF00BFD4
:1079B00003B05DF804FB00BF2CD6030084B0EFF3E6
:1079C00005830193019BC3F308030393039B002BDF
:1079D0000DD1EFF314830093009B0293029B03F0FD
:1079E0000103002B0CBF01230023DBB200E00123C5
:1079F000184604B0704786B001900091019B53E88F
:107A0000011F8AB2D88902449889824228BF121A7B
:107A10001889824202BFBFF32F8F002307E0C2EA1A
:107A2000010243E801200028E9D14FF001038DF85D
:107A30000F30059002910492029A009B1A609DF803
:107A40000F30DBB2184606B0704784B00190019940
:107A500051E8013FC3EA034341E80132002AF7D16C
:107A60000392029300BF04B0704786B0019000916A
:107A7000019B53E8021F1FFAA1F2D888824202BF7D
:107A8000BFF32F8F00230DE0D889024498898242EA
:107A900028BF121AC1EA024243E802200028E8D1B6
:107AA0004FF001038DF80F30059002910492029A75
:107AB000009B1A609DF80F30DBB2184606B0704785
:107AC00084B00190019951E8023FC3EA234341E8A1
:107AD0000232002AF7D10392029300BF04B070472C
:107AE00086B00190019B53E8021FDA88B1EB314F59
:107AF0004FF0000017BF89B242EA024241EA024257
:107B000004E05968B1EB314F08BF012043E802217E
:107B10000029E8D18DF80F00059104929DF80F30EF
:107B2000DBB2184606B0704784B00390029111464C
:107B30001A460B46ADF806301346ADF80430029BEA
:107B4000002B01D10E231FE0BDF80630BDF8042044
:107B5000B3FBF2F102FB01F29B1A9BB2002B01D0A6
:107B6000092311E0039B029A1A60039B00225A60CA
:107B7000039B00229A60039BBDF806209A81039B19
:107B8000BDF80420DA810023184604B0704700B520
:107B900085B001900198FFF7A3FF03468DF80F30E1
:107BA0009DF80F30002B01D0002300E01123184670
:107BB00005B05DF804FB00B585B001900091009B15
:107BC00019460198FFF717FF0346002B07D0019BCA
:107BD0001B68009A128813440393039B00E0002360
:107BE000184605B05DF804FB00B583B00190009124
:107BF000009B1A88009B5B889A4204D10198FFF78A
:107C000024FF012300E00023184603B05DF804FBC5
:107C100000B585B001900091009B19460198FFF7CF
:107C200024FF0346002B07D0019B1B68009A528853
:107C300013440393039B00E00023184605B05DF84E
:107C400004FB00B583B001900091009B1A88009B53
:107C50005B889A4204D10198FFF732FF012300E0CC
:107C60000023184603B05DF804FB00B585B0019011
:107C70000091009B5B099B00019A1A44009B03F052
:107C80001F03012101FA03F31946104600F065F8BD
:107C9000039000BF05B05DF804FB00B585B001900E
:107CA0000091009B5B099B00019A1A44009B03F022
:107CB0001F03012101FA03F3DB431946104600F0CC
:107CC0007CF8039000BF05B05DF804FB82B0019022
:107CD0000091009B5B099B00019A13441A68009B6A
:107CE00003F01F0322FA03F303F00103002B14BF78
:107CF00001230023DBB2184602B0704710B487B0EE
:107D000001900091019B009A53E8004F104643E810
:107D1000000191F0000FF7D1059404900391059BA9
:107D2000184607B05DF8044B704710B487B0019057
:107D30000091019B009A53E8004F44EA020043E897
:107D4000000191F0000FF6D1059404900391059B7A
:107D5000184607B05DF8044B704710B487B0019027
:107D60000091019B009A53E8004F44EA020043E867
:107D7000000191F0000FF6D1059404900391049B4B
:107D8000184607B05DF8044B704710B487B00190F7
:107D90000091019B009A53E8004F04EA020043E877
:107DA000000191F0000FF6D1059404900391059B1A
:107DB000184607B05DF8044B704710B487B00190C7
:107DC0000091019B009A53E8004F04EA020043E847
:107DD000000191F0000FF6D1059404900391049BEB
:107DE000184607B05DF8044B704710B487B0019097
:107DF0000091019B009A53E8004F04EB020043E816
:107E0000000191F0000FF6D1059404900391049BBA
:107E1000184607B05DF8044B704710B487B0019066
:107E20000091019B009A53E8004FA4EB020043E845
:107E3000000191F0000FF6D1059404900391049B8A
:107E4000184607B05DF8044B704700B583B0019049
:107E500001210198FFF769FF0346184603B05DF85A
:107E600004FB00B583B0019001210198FFF775FF75
:107E70000346184603B05DF804FB00B583B00190DB
:107E800000210198FFF781FF0346184603B05DF813
:107E900004FB00B583B0019000210198FFF78DFF2E
:107EA0000346184603B05DF804FB000000B583B03C
:107EB00001900B468DF80330019B002B03D108493C
:107EC000E82005F0F5FA019BDA689DF80330019986
:107ED000098A01FB03F31344184603B05DF804FB61
:107EE0008CD6030000B583B001900091019B002B5C
:107EF00003D10849F52005F0DBFA009B019AD2680E
:107F00009B1A019A128AB3FBF2F3DBB2184603B054
:107F10005DF804FB8CD6030000B585B00190019B91
:107F2000002B01D10E234CE0019B1B68002B03D1D9
:107F30002649FF2005F0BCFA019B5B68002B04D1A9
:107F400022494FF4807005F0B3FA019B9B68002B27
:107F500004D11E4940F2011005F0AAFA019BDB682A
:107F6000002B04D119494FF4817005F0A1FA019B4F
:107F70001B8A002B04D1154940F2031005F098FA32
:107F8000019B9A68019B5B68D31A8DF80F30019BA7
:107F90001B68019A52681A6007E0019B1A6813680F
:107FA000591C11609DF80F201A709DF80F305A1E51
:107FB0008DF80F20002BF0D1019B1B6800221A7155
:107FC0000023184605B05DF804FB00BF8CD6030003
:107FD00000B585B00190019B002B04D11F494FF4DF
:107FE000927005F065FA0023039300238DF80A30A0
:107FF0000DF10A031846FFF7B1FC019B1B681A68D4
:10800000019B5B689A421FD9019B1B681A68013A61
:108010001A601B681B7819460198FFF747FF039009
:10802000019B9A68019B1B681B68D31A8DF80B3063
:10803000019B1B681B799DF80B209A4204D9019B78
:108040001B689DF80B201A719DF80A301846FFF73F
:108050009BFC039B184605B05DF804FB8CD603001F
:1080600010B584B001900091019B002B04D11549FB
:1080700040F2471005F01CFA009B002B04D1114977
:108080004FF4A47005F014FA009B039300238DF8BD
:108090000B300DF10B031846FFF760FC019B1B68CA
:1080A0001C68621C1A6003990198FFF71BFF0346C6
:1080B00023709DF80B301846FFF766FC00BF04B034
:1080C00010BD00BF8CD6030000B583B00190019BAA
:1080D000002B03D10C49312005F0EAF9019B9B6884
:1080E000002B0CD0019B5B69019A1069019A116801
:1080F000019A92689847019B00229A6000E000BFB5
:1081000003B05DF804FB00BFE8D603000EB400B571
:1081100084B00190019B002B03D11849422005F047
:10812000C7F9019B5B69002B03D11449432005F07B
:10813000BFF9019B1B68002B03D11049442005F0B7
:10814000B7F9019B5B68002B03D10C49452005F072
:10815000AFF9059B002B0AD00023039306AB0393D2
:1081600003AB1A460599019800F0B8F900E000BF8A
:1081700004B05DF804EB03B0704700BFE8D603001D
:1081800000B583B001900B468DF803309DF80330A5
:108190000A2B03D10D210198FFF7F2FF019B1A680A
:1081A000019B9B68581C0199886013449DF803202B
:1081B0001A70019B9A68019B5B689A4202D30198EE
:1081C000FFF782FF00BF03B05DF804FB00B587B086
:1081D000039002910192009300230593009B03F00A
:1081E0000103002B24D00BE0029B01330293059B7B
:1081F000013305939DF8133019460398FFF7C0FF2C
:10820000029B1B788DF813309DF81330002BEBD1B7
:1082100006E0019B013B019320210398FFF7B0FF8B
:10822000019A059B9A422ED9019B002BF1D12AE09D
:10823000029B002B0BD0029814F097FC059006E0EF
:10824000019B013B019320210398FFF799FF019ABD
:10825000059B9A420FD9019B002BF1D10BE0029BA9
:1082600001330293059B013305939DF813301946A2
:108270000398FFF785FF029B1B788DF813309DF85C
:108280001330002BEBD100BF07B05DF804FB0000FA
:1082900000B589B00390029101920093029B07936D
:1082A0000123069307E0079A019BB2FBF3F30793C0
:1082B000069B01330693079A019B9A42F3D2009AD8
:1082C000069B9A4201D9009B06930B9B03F0010386
:1082D000002B22D10A9B002B1FD00B9B03F0020323
:1082E000002B06D0009B002B03D130238DF81730D4
:1082F00002E020238DF8173008E00A9B013B0A9327
:108300009DF8173019460398FFF73AFF0A9B002B98
:1083100003D0069A0A9B9A42EFD301230793009B4E
:10832000012B03D9009B013B009309E0029A079BB4
:10833000B2FBF3F30493049A019B9A4200D205E046
:10834000079B019A02FB03F30793E8E7029A079B56
:10835000B2FBF3F30493049B079A02FB03F3029A24
:10836000D31A0293154A049B13441B7819460398A9
:10837000FFF706FF079A019BB2FBF3F30793079BF6
:10838000002BE3D10B9B03F00103002B11D00A9BC0
:10839000002B0ED006E00A9B013B0A932021039894
:1083A000FFF7EEFE0A9B002B03D0069A0A9B9A4227
:1083B000F1D300BF09B05DF804FB00BF90D7030004
:1083C00000B589B00590049103920293049B002BA1
:1083D000B8BF5B4206930123079307E0039B069A0D
:1083E00092FBF3F30693079B01330793039B069AD3
:1083F0009A42F3DA029A079B9A4201D9029B0793A9
:108400000A9B002B0AD0049B002B04DB0B9B03F080
:108410000403002B02D00A9B013B0A930B9B03F041
:108420000203002B02D0029B002B16D00B9B03F003
:108430000103002B11D10A9B002B0ED006E00A9BF2
:10844000013B0A9320210598FFF79AFE0A9B002B17
:1084500003D0079A0A9B9A42F1D3049B002B07DAB8
:10846000049B5B4204932D210598FFF789FE08E0E9
:108470000B9B03F00403002B03D02B210598FFF77F
:108480007FFE0B9B03F00203002B19D00B9B03F024
:108490000103002B14D1029B002B11D10A9B002B4E
:1084A0000ED006E00A9B013B0A9330210598FFF7A6
:1084B00067FE0A9B002B03D0079A0A9B9A42F1D3CE
:1084C00004990B9B01930A9B0093029B039A0598C6
:1084D000FFF7DEFE00BF09B05DF804FB00B58FB00A
:1084E000059004910392059B002B04D1B64940F2FC
:1084F000522004F0DDFF059B5B69002B04D1B249DB
:108500004FF4157004F0D4FF059B1B68002B04D1B9
:10851000AD4940F2552004F0CBFF059B5B68002B72
:1085200004D1A94940F2562004F0C2FF049B002B5D
:1085300000F09381049B1B788DF83730049B013346
:1085400004939DF83730002B00F07E819DF8373082
:10855000252B40F06D8100230A9301230C93049B8B
:108560001B788DF837309DF83730302B0DD0302BFD
:108570001BDC2B2B11D02D2B17D10A9B43F00103B1
:108580000A93049B0133049312E00A9B43F0020315
:108590000A93049B013304930AE00A9B43F004030B
:1085A0000A93049B0133049302E000230C9300BF61
:1085B0000C9B002BD3D1002309939DF837302A2B35
:1085C0000CD1039B1B68191D039A11601B68099A43
:1085D00013440993049B013304931AE0049B1B7812
:1085E0008DF837309DF837302F2B12D99DF8373062
:1085F000392B0ED8049B01330493099A13469B0030
:1086000013445B001A469DF837301344303B0993FE
:10861000D3E700230B93049B1B788DF837309DF82C
:1086200037302E2B1DD1049B01330493049B1B7800
:108630008DF837309DF837302F2B12D99DF8373011
:10864000392B0ED8049B013304930B9A13469B00DD
:1086500013445B001A469DF837301344303B0B93AC
:10866000E4E7049B1B788DF837309DF837306C2B8E
:1086700003D09DF83730682B07D1049B0133049356
:10868000049B1B788DF83730EFE79DF83730252BAA
:1086900000F0C480252BC0F2C680782B00F3C38085
:1086A000582BC0F2C080583B202B00F2BC8001A2A6
:1086B00052F823F0A38702002788020027880200CF
:1086C00027880200278802002788020027880200E6
:1086D00027880200278802002788020027880200D6
:1086E000398702005B870200278802002788020082
:1086F00027880200278802005B8702002788020083
:1087000027880200278802002788020027880200A5
:1087100027880200E98702002788020027880200D4
:10872000CD870200278802007F8702002788020089
:1087300027880200A3870200039B1B68191D039A68
:1087400011601B680C930C9B8DF81F309DF81F3037
:1087500019460598FFF714FD66E0039B1B68191D79
:10876000039A11601B680C930A9B0193099B009369
:108770000B9B0A220C990598FFF722FE54E0039BFD
:108780001B68191D039A11601B680C930C990A9BB6
:108790000193099B00930B9B0A220598FFF778FD34
:1087A00042E0039B1B68191D039A11601B680C9320
:1087B0000C990A9B0193099B00930B9B102205982F
:1087C000FFF766FD30E000BF38D70300039B1B684E
:1087D000191D039A11601B6808930A9B099A08994E
:1087E0000598FFF7F3FC1FE0039B1B68191D039A14
:1087F00011601B680C9330210598FFF7C1FC7821AC
:108800000598FFF7BDFC0C99002301930823009302
:10881000082310220598FFF73BFD05E02521059868
:10882000FFF7AEFC00E000BF049B0133049305E0BA
:108830009DF8373019460598FFF7A2FC049B1B787A
:10884000002B7FF477AE00E000BF059B1B7B002B65
:1088500004D00598FFF738FC00E000BF0FB05DF8CA
:1088600004FB00BF00B583B001900198FFF754FBF3
:108870000346184603B05DF804FB00B58BB00190C9
:108880000091019B1B8A043B0793009A079B1344AA
:10889000DA1C079BB2FBF3F38DF81B300198FFF74E
:1088A00097FB0590059B002B01D1002338E0059B29
:1088B00000221A71059B01225A71079B9AB2059BEF
:1088C000DA80059B09939DF81B30013B0493099BBB
:1088D000019A1A60002308931DE00198FFF778FBC6
:1088E0000390039B002B0ED0059B5B790133DAB21A
:1088F000059B5A71099B039A1A60039B019A1A609F
:10890000039B099304E0059800F00EF8002307E0AC
:10891000089B01330893089A049B9A42DDD3059B78
:1089200018460BB05DF804FB00B58BB00190019BBD
:108930000793079B5B798DF81B30019B08939DF88B
:108940001B30013B05930023099305E0089B1B683E
:108950000893099B01330993099A059B9A42F5D321
:10896000089B1B680493019B0893002309930BE069
:10897000089B1B68039308990498FFF771FB039BFE
:108980000893099B013309939DF81B30099A9A4279
:10899000EED300BF00BF0BB05DF804FB00B585B09F
:1089A0000190019B0393039B043301211846FFF7B9
:1089B0001CFA00BF05B05DF804FB00B587B001905C
:1089C000019B0593059B043301211846FFF725FA07
:1089D0000346039303AB0493049B1B78002B02D143
:1089E0000198FFF7A1FF00BF07B05DF804FB00008E
:1089F00000B591B00390029101920093039B002B6C
:108A000003D14349B62004F053FD039B0993039B14
:108A10000F93099BDB881A46099B5B7903FB02F3E2
:108A2000043B0893009A089B9A4203D33849C42018
:108A300004F03EFD099BDB880793009B1A1D079BF2
:108A4000B2FBF3F30E93009B0433079AB3FBF2F2ED
:108A5000079901FB02F29B1A0D93019B1A68009B78
:108A60001344089A9A4203D2089A009BD31A01E051
:108A7000019B1B680C93019B0C9A1A6005E00F9BED
:108A80001B680F930E9B013B0E930E9B002BF6D1A0
:108A900000230B93079A0D9BD31A0A930A9A0C9BF7
:108AA000934228BF13460A932AE0029A0B9B134471
:108AB00006930F9A0D9B1344043305939DF8483099
:108AC000002B05D00A9A0599069813F0D0FF04E010
:108AD0000A9A0699059813F0CAFF00230D930F9B7D
:108AE0001B680F930C9A0A9BD31A0C930B9A0A9B40
:108AF00013440B93079A0C9B934228BF13460A9387
:108B00000C9B002BD1D100BF00BF11B05DF804FB5E
:108B1000A0D7030000B589B0059004910392029399
:108B2000039B079307AA00230093029B04990598CF
:108B3000FFF75EFF079B039A9A4203D00349F62092
:108B400004F0B6FC00BF09B05DF804FBA0D7030039
:108B500000B589B00590049103920293039B07939B
:108B600007AA01230093029B04990598FFF740FF91
:108B7000079B039A9A4204D004494FF4807004F092
:108B800097FC00BF09B05DF804FB00BFA0D703004D
:108B900082B003468DF807309DF8073003F01F02BE
:108BA00006499DF907305B09012000FA02F26033A3
:108BB00041F8232000BF02B0704700BF00E100E091
:108BC00000B583B00190019B002B03D106497220B0
:108BD00004F06EFC019B00221A60BFF35F8F00BFA0
:108BE00000BF03B05DF804FB50D8030041DF7047BD
:108BF00000BF184600B585B000238DF803300DF195
:108C000003031846FEF7AAFEF1EE103A0193019B0A
:108C10000393039B23F09F030293029BE1EE103A20
:108C200000BFBFF35F8F00BF2620FFF7B1FF9DF8A5
:108C300003301846FEF7A8FE039B03F00703002B42
:108C400003D004497D2004F033FC00BF05B05DF87B
:108C500004FB00BF94D8030008B5064B00221A702D
:108C60000548FFF7ADFF0549054800F02BF9002343
:108C7000184608BDCC320020C8320020F4D80300CA
:108C8000D032002000B583B0FFF7B4FF0EF092F8A9
:108C90000346002B0ED0FFF7A9FF0190019B002B8C
:108CA0000ED0019B022B0BD007494FF4B07004F09B
:108CB000FFFB05E020BF00BF40BF00BF20BF00BFDB
:108CC00000BF03B05DF804FB94D8030082B00190AC
:108CD000019B9B6800229A60019B9B6800221A619D
:108CE000019B9B6800225A61019B9B680022DA600D
:108CF000019B9B6800225A60019B9B6800221A60BE
:108D000000BF02B07047000000B589B00390029127
:108D100001928DF80330029B002B03D139493B208F
:108D200004F0C6FB019B002B03D136493C2004F024
:108D3000BFFB9DF80330002B09D0039B9B681846AE
:108D4000FFF783F80346002B01D0112355E0039B66
:108D50009B68DA68039B9B681B69D21A039B5B685C
:108D600001339A420DD1019B00221A609DF8033015
:108D7000002B04D0039B9B681846FFF78AF800235A
:108D80003BE0039B9B68DA68039B5B681340079397
:108D9000039B9B681A69039B5B6813400693079AC1
:108DA000069B9A4205D3039B5A68079BD31A01334B
:108DB0000AE0039B9B681A69039B5968039B9B68A5
:108DC000DB68CB1A134401330593019B1A68059B9A
:108DD0009A4228BF1A46019B1A60039B1A68079B98
:108DE0001A44029B1A60039B9B68D968019B1A680E
:108DF000039B9B680A44DA600023184609B05DF8BB
:108E000004FB00BF00D9030000B585B001900091BC
:108E1000019B5A68019B9B681969019B9B689B6831
:108E2000CB1A134401330393009A039B9A4201D94E
:108E3000042318E0019B9B689968019B9B68009A3A
:108E40000A449A60019B9A68019B9B689268DA6069
:108E5000019B9B681846FFF710F80346002B01D1D1
:108E6000082300E00023184605B05DF804FB00B5B8
:108E700085B001900091019B9B689A68019B9B685B
:108E80001B69D31A0393009A039B9A4201D90423C6
:108E900014E0019B9B681969019B9B68009A0A4436
:108EA0001A61019B9A68019B9B6812695A61019B38
:108EB0009B6804331846FEF7ECFF0023184605B004
:108EC0005DF804FB00B583B001900091019B002B7D
:108ED00003D11049502004F0EBFA009B002B03D182
:108EE0000C49512004F0E4FA019B009A1A60019B9E
:108EF0001B681A68019B5A60019B5A68019B1B689A
:108F00005B689A4202D1019B00225A6000BF03B005
:108F10005DF804FB5CD9030000B583B00190019BB0
:108F2000002B03D11449632004F0C2FA019B1B6893
:108F3000002B03D11049642004F0BAFA019B5B684E
:108F4000002B14D0019B5B681A46019B1B689B6831
:108F500013441A46019B5A60019B5A68019B1B6887
:108F60005B689A4204D1019B00225A6000E000BF76
:108F700003B05DF804FB00BF5CD9030000B585B009
:108F80000190019800F00EF80390039B002B01D094
:108F9000039B00E0024B184605B05DF804FB00BFE0
:108FA0003CDA030086B00190164B0593164B0493F0
:108FB0001FE0049A059BD31ADB10DA0F13445B10F1
:108FC000DB00059A13440393039B1B680293029AE8
:108FD000019B9A4202D9039B04930AE0029A019BE7
:108FE0009A4203D2039B0833059302E0039B5B681C
:108FF00004E0059A049B9A42DBD30023184606B08E
:10900000704700BF3CDE030064DF030000B587B09B
:10901000059004910392059B002B10D1194A1A4B1D
:10902000D31ADB081B0443F00100184A18490E2329
:1090300000930B461749FDF7C8FE0E231DE0049B65
:10904000002B10D10F4A104BD31ADB081B0443F03E
:109050000100114A0E490E2300930B460D49FDF7FE
:10906000B4FE0E2309E0059B049A1A60059B1B6859
:109070001B680399059898470346184607B05DF8A2
:1090800004FB00BFFCD203009CD2030074DF03008A
:1090900018E103007CDF0300A8DF030010B586B0F1
:1090A0000590049103920293059B002B10D1454A31
:1090B000454BD31ADB081B0443F00100434A4449E3
:1090C0000E2300930B464349FDF77FFE0E2375E008
:1090D000039B002B10D13B4A3B4BD31ADB081B04EC
:1090E00043F001003C4A3A490E2300930B463949AC
:1090F000FDF76BFE0E2361E0059B1B68002B10D172
:10910000304A314BD31ADB081B0443F00100334AC9
:109110002F49082300930B462E49FDF756FE0823DE
:109120004CE0029B002B10D1264A274BD31ADB08B8
:109130001B0443F001002A4A2549092300930B46EA
:109140002449FDF742FE092338E0049800F026FA8E
:109150000346002B10D11B4A1B4BD31ADB081B0400
:1091600043F001001F4A1A49102300930B46194986
:10917000FDF72BFE102321E0029A0499059800F0D8
:10918000F3F90346002B10D10E4A0F4BD31ADB081C
:109190001B0443F00100144A0D49102300930B46B1
:1091A0000C49FDF712FE102308E0059B1B689C6824
:1091B000029B039A04990598A0470346184606B0F7
:1091C00010BD00BFFCD203009CD2030074DF03007B
:1091D0002CE103007CDF0300BCDF0300B0DF0300F1
:1091E000C4DF0300C8DF0300E0DF030010B586B072
:1091F0000590049103920293059B002B10D1604AC5
:10920000604BD31ADB081B0443F001005E4A5F4940
:109210000E2300930B465E49FDF7D7FD0E23ABE00E
:10922000039B002B10D1564A564BD31ADB081B0464
:1092300043F00100574A55490E2300930B46544909
:10924000FDF7C3FD0E2397E0059B1B68002B10D193
:109250004B4A4C4BD31ADB081B0443F001004E4A27
:109260004A49082300930B464949FDF7AEFD082300
:1092700082E0029B002B10D1414A424BD31ADB08FB
:109280001B0443F00100454A4049092300930B4663
:109290003F49FDF79AFD09236EE0059B5B685A681C
:1092A000029BB3FBF2F102FB01F29B1A002B10D0E0
:1092B000334A344BD31ADB081B0443F00100384A0D
:1092C0003249092300930B463149FDF77EFD0923FE
:1092D00052E0049800F062F90346002B10D1284AAE
:1092E000284BD31ADB081B0443F001002D4A274901
:1092F000102300930B462649FDF767FD10233BE042
:10930000039B184600F04AF90346002B10D11C4A73
:109310001C4BD31ADB081B0443F00100224A1B49F3
:10932000102300930B461A49FDF74FFD102323E04D
:10933000029A0499059800F017F90346002B10D102
:109340000F4A104BD31ADB081B0443F00100174AE5
:109350000E49102300930B460D49FDF736FD1023EF
:109360000AE0059B1B68DC68089B0093029B039A3C
:1093700004990598A0470346184606B010BD00BFE3
:10938000FCD203009CD2030074DF030040E1030021
:109390007CDF030008E00300B0DF0300C4DF03004C
:1093A00010E003003CE0030054E0030078E0030019
:1093B00010B586B00590049103920293059B002B93
:1093C00010D13E4A3E4BD31ADB081B0443F0010088
:1093D0003C4A3D490E2300930B463C49FDF7F5FC02
:1093E0000E2368E0059B1B68002B10D1334A344BD9
:1093F000D31ADB081B0443F00100354A3249082325
:1094000000930B463149FDF7E0FC082353E0039B32
:10941000002B10D1294A2A4BD31ADB081B0443F036
:1094200001002C4A2849092300930B462749FDF7E0
:10943000CCFC09233FE00499059800F0BCF80346F2
:10944000002B10D11D4A1E4BD31ADB081B0443F01E
:109450000100214A1C49102300930B461B49FDF7CC
:10946000B4FC102327E0059B5B681B68039A02FB92
:1094700003F31A460499059800F076F80346002B8A
:1094800010D10E4A0E4BD31ADB081B0443F0010027
:10949000124A0D49102300930B460C49FDF795FC29
:1094A000102308E0059B1B681C69029B039A049922
:1094B0000598A0470346184606B010BDFCD203002D
:1094C0009CD2030074DF030054E103007CDF03003F
:1094D000B0DF0300C4DF0300A0E00300C8E0030026
:1094E00000B585B00190019B002B03D0019B1B6848
:1094F000002B28D10023039319E0039A13469B0005
:1095000013449B001A46154B13440193019B1B689F
:10951000002B09D0019B1B68DB6901989847034623
:10952000002B01D0012314E0039B013303930C4A69
:109530000A4BD31A0B4AA2FB03231B09039A9A4234
:10954000DBD3002305E0019B1B68DB69019898478A
:109550000346184605B05DF804FB00BF982A0020BA
:10956000AC2A0020CDCCCCCC84B0039002910192E7
:10957000039BDB68029A9A4209D3029A019B134427
:109580005A1E039B1B699A4201D8012300E0002365
:1095900003F00103DBB2184604B0704782B00190BB
:1095A000019B03F00303002B0CBF01230023DBB25C
:1095B000184602B0704782B001900091019B5B6831
:1095C0001B685A1E009B1340002B0CBF0123002375
:1095D000DBB2184602B0704729DF704700BF18465B
:1095E00028DF704700BF184600B589B00190009190
:1095F000019B1B689B68002B35D002AB00221A60D0
:109600005A609A60DA601A615A61009B0393019B69
:109610009B680793019B1B79002B02D0012B0DD077
:109620001AE001238DF80830019B1B690493019B0C
:10963000DB680593019B5B6906930DE002238DF8BF
:109640000830019BDB684FF4805202FB03F3049364
:10965000019B5B69069300BF019B1B689B6802AA84
:109660001046984700E000BF09B05DF804FB00B564
:1096700087B00190019B5A69019B9B69D31AB3F58E
:10968000805F28BF4FF4805305930422059BB3FBF2
:10969000F2F3012B38BF01230593019B1A69019B4B
:1096A0009B6913440493019BDB681A46019B9B69E9
:1096B00013440393059A03990498FFF78DFF03461B
:1096C000184607B05DF804FB00B583B00190019B1C
:1096D000DA68019B1B6913441846FFF781FF0346B4
:1096E000184603B05DF804FB08B5034B0349184660
:1096F000FEF7A7FA00BF08BD643300208C330020BA
:1097000008B5084B08491846FEF782FA0346074A8F
:109710001360064B1B68002B14BF01230023DBB230
:10972000184608BD643300208C33002088330020A5
:1097300000B583B02A4B1B7A002B0BD1FFF7E0FF5B
:10974000034683F00103DBB2002B03D0244B00223D
:109750005A6042E0224B02221A72224B1B681B798C
:10976000002B02D0012B07D00DE01E4B1B681846C2
:10977000FFF77DFF019009E01A4B1B681846FFF7C1
:10978000A3FF019002E00323019300BF019B002B84
:1097900003D0019B112B0CD00FE0114B1B7C83F0ED
:1097A0000103DBB2002B17D00021022000F060F98A
:1097B00012E00B4B01221A720FE00A4B1B680321C7
:1097C0001846FFF711FF064B00221A72044B0022C5
:1097D0005A60FFF789FF00E000BF03B05DF804FBAB
:1097E000743300208833002008B50848FEF72DFBAD
:1097F0000346002B08D1064B5B7C83F00103DBB2F0
:10980000002B01D0FFF794FF00BF08BD7833002084
:109810007433002084B001901B4B0022DA60019B5E
:109820001B79002B02D0012B19D028E0019B5A692B
:10983000019B9B69D31AB3F5805F28BF4FF4805317
:109840000393019B9A69039B1A44019B9A61019BB4
:109850009A69019B5B699A420ED1012310E0019B3A
:109860001B695A1C019B1A61019B1A69019B5B6968
:109870009A4203D1012303E000BF00E000BF0023B0
:10988000184604B0704700BF7433002082B00190C6
:10989000084BDB680133074AD360064BDB68082BB3
:1098A00004D9044B0022DA60012300E000231846AB
:1098B00002B070477433002000B583B0019000916E
:1098C000019B0C4A5A600C48FEF7BFFA0346002B76
:1098D0000BD10DF06FFA03461A46074B1A7407486E
:1098E0001C238C220649FEF71FF90023184603B0FB
:1098F0005DF804FB68E1030074330020643300204A
:10990000D832002000B583B00190009114220021CC
:10991000054813F0D5F8054B1846FEF738F9002333
:10992000184603B05DF804FB743300206433002054
:1099300000B587B00390029101920093174A04ABDF
:1099400019461046FEF737F90590059B002B01D10B
:1099500004231FE01C220021059813F0B1F8059B99
:1099600000221A71059B039A1A60059B089A9A6057
:10997000059B029A1A61059B019ADA60059B009A81
:109980005A61064A04AB19461046FEF72DF9FFF757
:109990002BFF0023184607B05DF804FB643300205A
:1099A00000B585B00390029101920093029B009A4A
:1099B0001946019813F05BF80023184605B05DF8CE
:1099C00004FB000000B587B0039002910192009360
:1099D000184A04AB19461046FEF7EDF80590059BB2
:1099E000002B01D1042320E01C220021059813F054
:1099F00067F8059B01221A71059B039A1A60059B63
:109A0000009A9A604FF48052029BB3FBF2F2059BDE
:109A1000DA60059B019A5A61064A04AB1946104662
:109A2000FEF7E2F8FFF7E0FE0023184607B05DF806
:109A300004FB00BF6433002082B001900091009BC2
:109A4000184602B0704782B001900091002318467A
:109A500002B0704782B00190044B1B7A002B14BFF8
:109A600001230023DBB2184602B070477433002094
:109A700000B585B001900091019B022B02D0019BA3
:109A8000032B48D1274B1B7A022B05D0022B35DC48
:109A9000002B42D0012B31E000238DF80F30019BC9
:109AA000022B03D0019B032B09D011E01E4B1B6836
:109AB0001846FFF7AFFE03468DF80F3008E01A4B4B
:109AC0001B681846FFF7E2FE03468DF80F3000BF13
:109AD0009DF80F30002B10D0124B00221A72124B3F
:109AE0001A68019B022B01D1002300E00D231946C7
:109AF0001046FFF779FDFFF7F7FD00BF094B5B7CD0
:109B000083F00103DBB2002B02D0FFF711FE05E06A
:109B10000DF034F902E000BF00E000BF05B05DF8D1
:109B200004FB00BF743300208833002082B003465A
:109B300000918DF80730064B01225A74044B1B7AB2
:109B4000002B0CBF01230023DBB2184602B0704784
:109B50007433002000B583B0034600918DF80730C0
:109B60009DF80730012B03D09DF80730032B0DD152
:109B7000084B00225A749DF80730012B0CBF0123BB
:109B80000023DAB2034B1A74FFF7D2FD00BF03B013
:109B90005DF804FB74330020BFF34F8F00BF074B09
:109BA000DB6803F4E0620549054B1343CB60BFF368
:109BB0004F8F00BF00BF00BFFCE700BF00ED00E01B
:109BC0000400FA05024B034A1A6000BF704700BF49
:109BD000EC2A00200090D00308B500F069F9034694
:109BE000002B06D0A04B1B681B0AA04A03F01F03E2
:109BF000136000F089F90346002B02D09C4B9D4A6C
:109C00001A6000F09DF90346002B06D09A4B1B68A2
:109C10005B0B9A4A03F00703136000F0BDF903469B
:109C2000002B05D0964BDB68954A23F08073D360F8
:109C300000F0CEF90346002B0ED04FF080430022F7
:109C4000C3F80C214FF080430022C3F810214FF0DD
:109C500080430022C3F8382500F0E6F90346002BC4
:109C600002D0884B03221A6000F0FAF90346002B59
:109C70000BD0854B05221A60844B01221A60844B5D
:109C800000221A60834B3F221A6000F005FA034657
:109C9000002B76D04FF080537F4AD3F80434C2F8BB
:109CA00020354FF080537C4AD3F80834C2F824356D
:109CB0004FF08053784AD3F80C34C2F828354FF06F
:109CC0008053754AD3F81034C2F82C354FF08053C6
:109CD000714AD3F81434C2F830354FF080536E4ACD
:109CE000D3F81834C2F834354FF080536A4AD3F8A9
:109CF0001C34C2F840354FF08053674AD3F8203403
:109D0000C2F844354FF08053634AD3F82434C2F884
:109D100048354FF08053604AD3F82834C2F84C35A8
:109D20004FF080535C4AD3F82C34C2F850354FF0D2
:109D30008053594AD3F83034C2F854354FF0805329
:109D4000554AD3F83434C2F860354FF08053524A44
:109D5000D3F83834C2F864354FF080534E4AD3F804
:109D60003C34C2F868354FF080534B4AD3F8403446
:109D7000C2F86C354FF08053474AD3F84434C2F8E8
:109D8000703500F0A5F90346002B05D0434B1B6846
:109D9000434A03F04F03136000F0C6F90346002B5B
:109DA0000DD04FF08043D3F8003403F00103002BB3
:109DB00005D04FF080436FF00102C3F8002400F09B
:109DC000DFF90346002B05D0364B1B68354A43F4B8
:109DD00080631360344BD3F88830334A43F4700304
:109DE000C2F88830BFF34F8F00BFBFF36F8F00BF43
:109DF0004FF01023D3F80032002B05DB4FF0102377
:109E0000D3F80432002B2BDA284B0122C3F80425A7
:109E100000BF264BD3F80034002BFAD04FF01023AC
:109E20001522C3F8002200BF204BD3F80034002BCA
:109E3000FAD04FF010231522C3F8042200BF1B4BA9
:109E4000D3F80034002BFAD0184B0022C3F80425B5
:109E500000BF164BD3F80034002BFAD0FFF79CFE5E
:109E6000FFF7B0FE00BF08BD2403001040350140DD
:109E700074C007400DF0ADBA440200103C0500402C
:109E8000F0ED00E0A005004010560040885600406C
:109E9000185600401456004000C000405802001000
:109EA000E40E00403C17004000ED00E000E00140FF
:109EB000124B1B68DBB2062B1DD1114B1B6803F044
:109EC0000F03002B17D10F4B1B6803F0F003302B4F
:109ED00001D1012310E00B4B1B6803F0F003402B72
:109EE00001D1012308E0074B1B6803F0F003502B5E
:109EF00001D1012300E0002318467047E00F00F075
:109F0000E40F00F0E80F00F00A4B1B68DBB2062BF1
:109F10000DD1094B1B6803F00F03002B07D1074B32
:109F20001B6803F0F003302B01D1012300E0002374
:109F300018467047E00F00F0E40F00F0E80F00F063
:109F4000124B1B68DBB2062B1DD1114B1B6803F0B3
:109F50000F03002B17D10F4B1B6803F0F003302BBE
:109F600001D1012310E00B4B1B6803F0F003402BE1
:109F700001D1012308E0074B1B6803F0F003502BCD
:109F800001D1012300E0002318467047E00F00F0E4
:109F9000E40F00F0E80F00F00A4B1B68DBB2062B61
:109FA0000DD1094B1B6803F00F03002B07D1074BA2
:109FB0001B6803F0F003302B01D1012300E00023E4
:109FC00018467047E00F00F0E40F00F0E80F00F0D3
:109FD000124B1B68DBB2062B1DD1114B1B6803F023
:109FE0000F03002B17D10F4B1B6803F0F003302B2E
:109FF00001D1012310E00B4B1B6803F0F003402B51
:10A0000001D1012308E0074B1B6803F0F003502B3C
:10A0100001D1012300E0002318467047E00F00F053
:10A02000E40F00F0E80F00F00A4B1B68DBB2062BD0
:10A030000DD1094B1B6803F00F03002B07D1074B11
:10A040001B6803F0F003302B01D1012300E0002353
:10A0500018467047E00F00F0E40F00F0E80F00F042
:10A060000A4B1B68DBB2062B0DD1094B1B6803F0B2
:10A070000F03002B07D1074B1B6803F0F003302BB5
:10A0800001D1012300E0002318467047E00F00F0E3
:10A09000E40F00F0E80F00F00A4B1B68DBB2062B60
:10A0A0000DD1094B1B6803F00F03002B07D1074BA1
:10A0B0001B6803F0F003502B01D1012300E00023C3
:10A0C00018467047E00F00F0E40F00F0E80F00F0D2
:10A0D000124B1B68DBB2062B1DD1114B1B6803F022
:10A0E0000F03002B17D10F4B1B6803F0F003302B2D
:10A0F00001D1012310E00B4B1B6803F0F003402B50
:10A1000001D1012308E0074B1B6803F0F003502B3B
:10A1100001D1012300E0002318467047E00F00F052
:10A12000E40F00F0E80F00F0124B1B68DBB2062BC7
:10A130001DD1114B1B6803F00F03002B17D10F4BE0
:10A140001B6803F0F003302B01D1012310E00B4B0F
:10A150001B6803F0F003402B01D1012308E0074BFB
:10A160001B6803F0F003502B01D1012300E0002312
:10A1700018467047E00F00F0E40F00F0E80F00F021
:10A18000064B1B68062B05D1054B1B68062B01D11E
:10A19000012300E000231846704700BF3001001083
:10A1A0003401001000B583B00190019B1B681F2B88
:10A1B00004D9054940F2CD1003F07AF94FF0A043DD
:10A1C000184603B05DF804FB94E1030000B585B0C8
:10A1D000019001AB1846FFF7E5FF0390019B0122B8
:10A1E00002FA03F31946039800F069F800BF05B0BE
:10A1F0005DF804FB00B585B0019001AB1846FFF790
:10A20000D1FF0390019B012202FA03F31946039840
:10A2100000F05FF800BF05B05DF804FB00B585B045
:10A22000019001AB1846FFF7BDFF0390039BD3F8E5
:10A2300004350293029BDA43019B012101FA03F3E7
:10A240001A40039BC3F80825019B01229A40029BF8
:10A250001A40039BC3F80C2500BF05B05DF804FB52
:10A2600000B583B001900091009B002B03D10198B1
:10A27000FFF7C0FF02E00198FFF7A8FF00BF03B09F
:10A280005DF804FB00B585B0019001AB1846FFF7FF
:10A2900089FF0390039800F00AF80246019B22FA16
:10A2A00003F303F00103184605B05DF804FB82B028
:10A2B0000190019BD3F80435184602B0704782B074
:10A2C00001900091019B009AC3F8082500BF02B0DD
:10A2D000704782B001900091019B009AC3F80C2551
:10A2E00000BF02B07047000000B585B00190019B2F
:10A2F000012B03D911493A2003F0DAF8104A019BE7
:10A3000013441B781846FFF7BDFF0346002B14BF0C
:10A31000012300238DF80F309DF80F30002B14BF60
:10A3200001230023DBB283F00103DBB203F001035E
:10A33000DBB2184605B05DF804FB00BFC4E10300C2
:10A3400010E2030000B583B00190019B012B03D9FB
:10A350000749412003F0ACF8064A019B13441B78DF
:10A3600000211846FFF77CFF00BF03B05DF804FB37
:10A37000C4E1030010E2030000B583B00190019B2B
:10A38000012B03D90749472003F092F8064A019BA5
:10A3900013441B7801211846FFF762FF00BF03B08A
:10A3A0005DF804FBC4E1030010E2030000B583B0D4
:10A3B0000023019305E00198FFF7DEFF019B0133C5
:10A3C0000193019B012BF6D900BF00BF03B05DF8DC
:10A3D00004FB00B583B00023019305E00198FFF76B
:10A3E000B1FF019B01330193019B012BF6D900BF03
:10A3F00000BF03B05DF804FB00B583B00190019B82
:10A40000012B03D907495F2003F052F8064A019B4C
:10A4100013441B781846FFF701FF00BF03B05DF837
:10A4200004FB00BFC4E1030010E2030082B0034656
:10A430008DF807309DF8073003F01F0206499DF99B
:10A4400007305B09012000FA02F2203341F8232093
:10A4500000BF02B0704700BF00E100E008B50CF09B
:10A46000A9FC034683F00103DBB2002B03D10549AD
:10A47000792003F01DF800F085FA034B00229A7052
:10A4800000BF08BD1CE203009033002000B583B07C
:10A4900000230193144B1B78002B02D085230193DA
:10A4A0001CE0114B00229A600F4B00225A600E4BA9
:10A4B00000221A610C4B0022DA600C4800F028FAE6
:10A4C00001900CF077FC034683F00103DBB2002B14
:10A4D00001D000F043FA044B01221A70019B184688
:10A4E00003B05DF804FB00BF90330020C5A5020057
:10A4F00084B00190019B1B680393039B002B03D046
:10A50000039B1A68019B1A60039B184604B07047AE
:10A5100000B583B0164B1B78002B04D115494FF4BE
:10A52000857002F0C5FF124BDB68002B04D1114986
:10A5300040F20B1002F0BCFF00238DF807300DF144
:10A5400007031846FDF70AFA094BDB68013B084A86
:10A55000D360074BDB68002B01D1FFF77FFF9DF82D
:10A5600007301846FDF710FA00BF03B05DF804FB92
:10A57000903300201CE2030000B585B003468DF83F
:10A5800007309DF80730002B02D10C4B039301E0FC
:10A590000B4B03930398FFF7ABFF0290029B002B3A
:10A5A00006D0029B5B689DF8072010469847F1E7AC
:10A5B00000BF00BF05B05DF804FB00BF983300206A
:10A5C000A033002000B583B003468DF807309DF816
:10A5D0000730002B05D10A4B01225A700020FFF7EB
:10A5E000CBFF9DF80730012B05D1054B01229A7056
:10A5F0000120FFF7C1FF00BF03B05DF804FB00BFFF
:10A600009033002000B583B001900091019B002B96
:10A6100005D1054B01225A700020FFF7ADFF00BFA6
:10A6200003B05DF804FB00BF9033002000B585B097
:10A63000034600918DF807309DF80730032B29D091
:10A64000032B35DC002B02D0012B04D030E000209E
:10A65000FFF7ECFE2DE000238DF80F300DF10F0316
:10A660001846FDF77BF9154B1B7883F00103DBB22D
:10A67000002B01D0FFF70AFF104BDB6801330F4AB4
:10A68000D3600E4B01229A709DF80F301846FDF7EB
:10A690007BF90EE0094B1B78002B04D1084940F2EE
:10A6A000452002F005FF00F059F9FFF731FF00E007
:10A6B00000BF00BF05B05DF804FB00BF9033002071
:10A6C0001CE2030082B003468DF807309DF8073086
:10A6D00003F01F0205499DF907305B09012000FACC
:10A6E00002F241F8232000BF02B0704700E100E011
:10A6F00082B0034600918DF807309DF90730002B9A
:10A700000CDA009BDAB20C499DF8073003F00F0316
:10A71000043B5201D2B20B441A7609E0009BDAB234
:10A7200006499DF907305201D2B20B4483F8002349
:10A7300000BF02B0704700BF00ED00E000E100E0A4
:10A7400082B00190019B1B0B5BB2184602B07047B0
:10A7500000B583B003460A468DF8073013468DF8DE
:10A7600006309DF80630012B03D99DF80630032BE7
:10A770000BD99DF80630042B03D99DF80630072B22
:10A7800003D908496B2002F093FE9DF806209DF93D
:10A79000073011461846FFF7ABFF00BF03B05DF866
:10A7A00004FB00BF74E2030000B583B003468DF8DC
:10A7B00007309DF907301846FFF784FF00BF03B04C
:10A7C0005DF804FB82B003468DF807300F4A9DF90F
:10A7D0000730002B00DA1F335B115BB252F82320E5
:10A7E0009DF90730594203F01F0301F01F0158BFC4
:10A7F0004B425BB222FA03F303F00103002B14BFB8
:10A8000001230023DBB2184602B0704700E100E0EC
:10A8100082B001904FF08042019BC2F8083300BF24
:10A8200002B0704782B003468DF807309DF80730BC
:10A8300003F1804301221A6000BF02B0704784B068
:10A840000346ADF80630BDF8063003F18043002220
:10A850001A60BDF8063003F180431B680393039B25
:10A8600000BF04B0704782B00346ADF80630BDF8B3
:10A87000063003F180431B68002B14BF0123002323
:10A88000DBB2184602B0704782B001904FF08042B0
:10A89000019BC2F8183500BF02B070474FF08043EB
:10A8A000D3F818341B0C03F00103002B14BF012351
:10A8B0000023DBB21846704700B583B006238DF83D
:10A8C00007304FF08040FFF73BFF03461846FFF785
:10A8D00079FF034683F00103DBB2002B13D04FF066
:10A8E0008040FFF72DFF03461A469DF807301946B2
:10A8F0001046FFF72DFF4FF08040FFF721FF034682
:10A900001846FFF751FF00BF03B05DF804FB0000DD
:10A9100000B585B00190019B002B03D10D49A42007
:10A9200002F0C6FD002303930B4B1B79002B02D0D2
:10A930008523039308E0084A019B1360064B01221C
:10A940001A71054B00225A71039B184605B05DF839
:10A9500004FB00BFACE20300A433002008B5074BA2
:10A960001B79002B03D10649BD2002F0A1FDFFF7A2
:10A97000A3FF0120FFF788FF00BF08BDA43300201C
:10A98000ACE2030008B50A4B1B79002B03D109493F
:10A99000F72002F08DFD0C20FFF744FF00BFFFF70A
:10A9A0007DFF0346002BFAD100BF00BF08BD00BFEA
:10A9B000A4330020ACE2030008B54FF48070FFF729
:10A9C00052FF0346002B14D04FF48070FFF737FF7F
:10A9D0000120FFF71DFF114B5B7983F00103DBB210
:10A9E000002B06D00D4B01225A710C4B1B68002026
:10A9F00098474FF48270FFF736FF0346002B0AD0CA
:10AA00004FF48270FFF71BFF0220FFF701FF034B9B
:10AA10001B680120984700BF08BD00BFA433002079
:10AA200082B003468DF807309DF8073003F01F020F
:10AA300005499DF907305B09012000FA02F241F84F
:10AA4000232000BF02B0704700E100E082B003465F
:10AA500000918DF807309DF90730002B0CDA009B30
:10AA6000DAB20C499DF8073003F00F03043B5201A2
:10AA7000D2B20B441A7609E0009BDAB206499DF97E
:10AA800007305201D2B20B4483F8002300BF02B05A
:10AA9000704700BF00ED00E000E100E000B583B0CA
:10AAA00003460A468DF8073013468DF806309DF8A8
:10AAB0000630012B03D99DF80630032B0BD99DF8E6
:10AAC0000630042B03D99DF80630072B03D908491B
:10AAD0006B2002F0EDFC9DF806209DF90730114631
:10AAE0001846FFF7B3FF00BF03B05DF804FB00BFDB
:10AAF00004E3030000B583B003468DF807309DF9E9
:10AB000007301846FFF78CFF00BF03B05DF804FB69
:10AB100000B583B00346ADF80630BDF806301846E0
:10AB200000F026F803461B68012B0CBF012300230D
:10AB3000DBB2184603B05DF804FB00B585B00346F0
:10AB4000ADF80630BDF80630184600F011F803469F
:10AB50001A4600231360BDF80630184600F008F8C6
:10AB600003461B680393039B00BF05B05DF804FB1D
:10AB700082B00346ADF80630BDF8063003F18043DD
:10AB800003F5C043184602B07047000082B0019040
:10AB9000034A019BC2F8043300BF02B0704700BFF4
:10ABA0000060004082B00190034BD3F80423019B66
:10ABB0001340184602B070470060004082B0019018
:10ABC000084A019B03F5A27352F82330054943F06C
:10ABD0000102019B03F5A27341F8232000BF02B0DC
:10ABE000704700BF0060004084B00390029113469C
:10ABF0008DF80730144A039B03F5A27352F82330F3
:10AC0000114923F4473323F44073039A02F5A272E7
:10AC100041F822300C4A039B03F5A27352F823201B
:10AC2000029B1B0203F4F8519DF807301B0403F448
:10AC300040330B4304491A43039B03F5A27341F8C5
:10AC4000232000BF04B070470060004082B0019034
:10AC5000054A019B03F5A27352F823301B0A03F047
:10AC60001F03184602B070470060004082B0019098
:10AC7000064A019B03F5A27352F823301B0C03F024
:10AC80000303DBB2184602B0704700BF006000400B
:10AC900084B00190094A019B03F5A27352F8233056
:10ACA00043F0030303930549019B03F5A273039A41
:10ACB00041F8232000BF04B0704700BF006000408F
:10ACC00084B00390029111461A460B468DF8073066
:10ACD00013468DF80630184A039B03F5A27352F809
:10ACE0002330154923F4981323F4F853039A02F5FB
:10ACF000A27241F82230104A039B03F5A27352F866
:10AD00002320029B1B0203F4F8519DF807301B041B
:10AD100003F4403319439DF806301B0503F48013F8
:10AD20000B4305491A43039B03F5A27341F8232003
:10AD300000BF04B0704700BF0060004082B00190C7
:10AD40000B468DF803300B4A019B03F5A27352F8B2
:10AD5000233023F480129DF803301B0503F4801385
:10AD600004491A43019B03F5A27341F8232000BF55
:10AD700002B070470060004000B583B00190019BB5
:10AD80001B681F2B04D9054940F2CD1002F090FB3F
:10AD90004FF0A043184603B05DF804FB34E3030012
:10ADA00000B585B00190084611461A4603468DF855
:10ADB00003300B468DF8023013468DF8013001AB9D
:10ADC0001846FFF7D9FF03909DF803209DF8023045
:10ADD0005B001A439DF801309B001A439DF8183020
:10ADE0001B0242EA03019DF81C301B04019A19431F
:10ADF000039B02F5E07243F8221000BF05B05DF836
:10AE000004FB00B585B00390002301930023009359
:10AE10000023012201210398FFF7C2FF00BF05B004
:10AE20005DF804FB00B585B003900B468DF80B3040
:10AE30009DF80B3000220192002200920022002196
:10AE40000398FFF7ADFF00BF05B05DF804FB00B548
:10AE500085B0019001AB1846FFF78EFF0390019A71
:10AE6000039B02F5E07253F8223023F002030293B1
:10AE7000019A039B02F5E072029943F8221000BF89
:10AE800005B05DF804FB00B585B001900B468DF868
:10AE9000033001AB1846FFF76FFF0390019A039B45
:10AEA00002F5E07253F82230019A23F44031039BFB
:10AEB00002F5E07243F82210019A039B02F5E0725A
:10AEC00053F822309DF8032012041146019A1943C9
:10AED000039B02F5E07243F8221000BF05B05DF855
:10AEE00004FB00B585B0019001AB1846FFF744FFA5
:10AEF0000390019B012202FA03F31946039800F024
:10AF00004BF800BF05B05DF804FB00B585B00190BB
:10AF100001AB1846FFF730FF0390019B012202FAB4
:10AF200003F31946039800F041F800BF05B05DF83F
:10AF300004FB00B585B0019001AB1846FFF71CFF7C
:10AF40000390039800F020F80246019B22FA03F3D5
:10AF500003F00103184605B05DF804FB00B585B0A9
:10AF6000019001AB1846FFF707FF0390019A039B7E
:10AF700002F5E07253F822301B0C03F00303DBB23E
:10AF8000184605B05DF804FB82B00190019BD3F830
:10AF90001035184602B0704782B001900091019BB5
:10AFA000009AC3F8082500BF02B0704782B0019034
:10AFB0000091019B009AC3F80C2500BF02B07047B6
:10AFC00000B587B00390029101924FF0A043049323
:10AFD000039A029B1344012B04D9124940F2FD202D
:10AFE00002F066FA039B059311E0059B9B0006AAFD
:10AFF000134453F8083C1846FFF7C6FF0246019B6E
:10B000001A60019B04330193059B01330593039A56
:10B01000029B1344059A9A42E7D300BF00BF07B0D2
:10B020005DF804FB34E3030084B001900091009BC1
:10B030000393019BDB080293019B03F00703019339
:10B040000122019B02FA03F30399029A0A4412783F
:10B050001340184604B0704784B001900091009BE3
:10B060000393019BDB080293019B03F00703019309
:10B07000039A029B13441B785AB20121019B01FAE7
:10B0800003F35BB2134359B2039A029B1344CAB24F
:10B090001A7000BF04B0704782B00190074A019B4C
:10B0A0001344303393F90030B3F1FF3F14BF012351
:10B0B0000023DBB2184602B0704700BFAC3300205B
:10B0C00082B001900C4A019B1344303393F9003055
:10B0D000002B09DB084A019B1344303393F90030FD
:10B0E000072B01DC012300E0002303F00103DBB2A6
:10B0F000184602B0704700BFAC33002082B0019008
:10B10000064A019B1344303393F90030072BCCBF20
:10B1100001230023DBB2184602B07047AC33002095
:10B1200082B00190064A019B1344303393F90030FA
:10B13000DB43DBB2DB09DBB2184602B0704700BF6D
:10B14000AC33002084B00390029101928DF803305B
:10B15000029B59B20E4A039B134430330A461A70BD
:10B160000B49029B019A41F823209DF8033083F09C
:10B170000103DBB2002B08D0029B083B039A51B2BB
:10B18000034A13440A4683F8502000BF04B07047B6
:10B19000AC33002082B00190044A019B1344303349
:10B1A000FE221A7000BF02B0704700BFAC3300200F
:10B1B00082B00190044A019B13443033FF221A707D
:10B1C00000BF02B0704700BFAC33002000B583B0B1
:10B1D000019004490198FFF73FFF00BF03B05DF8FD
:10B1E00004FB00BF0034002082B00190044A019BA0
:10B1F0001344303393F90030184602B0704700BF53
:10B20000AC33002082B00190034A019B52F82330F6
:10B21000184602B0704700BFAC33002000B589B0BB
:10B220000390029113468DF80730FF238DF81F30ED
:10B230009DF80730002B01D0002300E00823059380
:10B240009DF80730002B01D0082300E00C23049365
:10B25000059B069314E00F4A069B52F82330B3F186
:10B26000FF3F0AD19DF80730029A06990398FFF72D
:10B2700069FF069B8DF81F3006E0069B013306939D
:10B28000069A049B9A42E6D39DF91F30184609B0EE
:10B290005DF804FBAC33002082B003468DF8073024
:10B2A0009DF80730094A4FF0FF3142F823109DF80E
:10B2B0000730072B07D99DF80730083B034A134492
:10B2C000FF2283F8502000BF02B07047AC3300204B
:10B2D00000B583B0254B93F85830002B03D00823DA
:10B2E0000193019B3EE000238DF8033009E09DF8B7
:10B2F00003301846FFF75CFF9DF8033001338DF8EB
:10B3000003309DF803301F2BF1D900238DF8033053
:10B3100009E09DF803301846FFF7BEFF9DF80330A3
:10B3200001338DF803309DF803300B2BF1D9042243
:10B3300000210F4811F0C4FB06210620FFF7AEFBE9
:10B340000620FFF7D7FB4FF4BE70FFF7F6FB4FF078
:10B350000040FFF71BFC054B012283F85820002317
:10B360000193019B184603B05DF804FBAC33002049
:10B3700000340020044B93F85830002B14BF0123F5
:10B380000023DBB218467047AC33002000B585B00F
:10B3900001900091019B1F2B04D92E494FF4987006
:10B3A00002F086F82C4B93F85830012B04D0294931
:10B3B00040F2311002F07CF8009B002B04D12549AB
:10B3C0004FF4997002F074F8002303930198FFF78B
:10B3D00063FE0346002B02D00823039334E0009B56
:10B3E0009B78002B19D0012200210198FFF716FF4E
:10B3F00003468DF80B309DF90B30B3F1FF3F09D0B8
:10B400009DF90B00009B1A78009B5B780199FFF770
:10B4100057FC05E00423039302E00198FFF7BAFE0E
:10B42000039B002B10D1009B5B78012B03D101986B
:10B43000FFF757FD02E00198FFF767FD0198FFF75E
:10B44000E0FC0198FFF7C2FE039B184605B05DF8CB
:10B4500004FB00BF6CE30300AC33002000B583B0F5
:10B460000190019B1F2B04D913494FF4CD7002F0BA
:10B470001FF80198FFF710FE0346002B04D10E4978
:10B4800040F29B1002F014F80198FFF719FE0346F2
:10B49000002B04D108494FF4CE7002F009F8074A96
:10B4A000019B1344303393F900301846FFF7F0FB4B
:10B4B00000BF03B05DF804FB6CE30300AC33002075
:10B4C00000B585B001900B468DF80330019B1F2B12
:10B4D00004D91A494FF4E97001F0EAFF0198FFF727
:10B4E000DBFD0346002B04D1144940F2D31001F0D8
:10B4F000DFFF0198FFF7E4FD0346002B04D10F495D
:10B500004FF4EA7001F0D4FF9DF80330002B14BF14
:10B5100001230023DBB28DF80F30094A019B13444D
:10B52000303393F900301A469DF80F301946104613
:10B53000FFF704FC00BF05B05DF804FB6CE30300FB
:10B54000AC33002000B587B0039002910192039BB9
:10B550001F2B04D9364940F2072001F0A9FF002330
:10B5600005930398FFF7DCFD0346002B02D0082368
:10B57000059357E0029B9B78C3F34003DBB21A4666
:10B5800001990398FFF74AFE03468DF813309DF9A1
:10B590001330B3F1FF3F43D0029B9B78C3F380038A
:10B5A000DBB283F00103DBB2002B13D0029B9B784C
:10B5B00003F00103DBB2002B03D00398FFF747FC35
:10B5C00005E0029B5B7819460398FFF72BFC039874
:10B5D000FFF7FCFD029B9B7803F00203DBB2002B1C
:10B5E00008D09DF91300029B1B781A460399FFF7B8
:10B5F000FBFA17E09DF91330083B0E4A134493F908
:10B600005010029B1B789B015AB29DF91330083BE6
:10B610000A4351B2074A13440A4683F8502001E016
:10B6200004230593059B184607B05DF804FB00BF93
:10B630006CE30300AC33002000B589B001900B46E9
:10B640008DF80330019B1F2B04D93D4940F2372070
:10B6500001F02EFF0198FFF763FD0346002B04D194
:10B6600037494FF40E7001F023FF0198FFF746FDB4
:10B670000346002B2FD00198FFF7B6FD0346083B89
:10B68000304A134493F950308DF80F309DF80F3045
:10B690009B098DF80E309DF80E30032B0BD10198CD
:10B6A000FFF747FC0346002B01D0032300E00223F1
:10B6B0008DF81F3008E09DF80E30012B01D10223D8
:10B6C00000E003238DF81F309DF81F3019460198C4
:10B6D000FFF7D9FB30E00198FFF7F2FC0346002B9F
:10B6E0002AD00198FFF780FD03460693069B9BB284
:10B6F00040339BB29B00ADF81630069B1846FFF70F
:10B700005DFABDF816301846FFF717FA9DF80330BA
:10B71000002B11D00198FFF767FD03461846FFF78D
:10B7200071FD0490049B002B06D00122069B02FAB7
:10B7300003F31846FFF72AFA00BF09B05DF804FBCF
:10B740006CE30300AC33002000B583B00190019B93
:10B750001F2B04D908494FF4227001F0A9FE01986B
:10B76000FFF7E7FB0346002B14BF01230023DBB2E6
:10B77000184603B05DF804FB6CE3030000B585B028
:10B780000190019B1F2B04D9194940F28F2001F031
:10B790008FFE0198FFF7B2FC0346002B0AD10198F7
:10B7A000FFF78EFC0346002B04D111494FF424709F
:10B7B00001F07EFE4FF4BE73ADF80E300198FFF736
:10B7C0007FFC0346002B09D00198FFF70DFD0346CF
:10B7D0009BB240339BB29B00ADF80E30BDF80E30EB
:10B7E0001846FFF7C5F90346184605B05DF804FB97
:10B7F0006CE3030000B595B000231093002303937E
:10B800004FF48073ADF83A300123129300230F9365
:10B8100021E0BDF83A301846FFF77AF90346002BCD
:10B820000ED01298FFF7BEF90346002B08D0BDF8E2
:10B830003A301846FFF781F9109A129B1343109380
:10B84000129B5B001293BDF83A300433ADF83A30E6
:10B850000F9B01330F930F9B072BDAD94FF4BE7068
:10B86000FFF756F90346002B0DD04FF4BE70FFF7DB
:10B8700064F9109B43F00043109303AB1A46012177
:10B880000020FFF79DFB109BDBB2002B29D001238A
:10B89000129300230F9321E0129A109B1340002B68
:10B8A00016D00F98FFF7D2F90D900F98FFF7DEF939
:10B8B00003468DF833300F98FFF7A4FC0B900B9BD9
:10B8C000002B05D09DF833200B9B11460D9898470F
:10B8D000129B5B0012930F9B01330F930F9B072B5F
:10B8E000DAD9109B002B80F2EE8000238DF84F30C8
:10B8F00000230293002311930AE0119B9B0014AADA
:10B9000013444FF0FF3243F84C2C119B0133119339
:10B91000119B002BF1D000238DF84F3000230F93A3
:10B9200078E06B4A0F9B1344503393F900308DF845
:10B930002B309DF82B3023F0C0030993644A0F9BF2
:10B940001344503393F90030B3F1FF3F5FD001ABA4
:10B9500019460998FFF768FB0346002B57D09DF85E
:10B960002B309B098DF823300998FFF73DFC0346E7
:10B970001846FFF747FC0790079B002B03D19DF863
:10B980002330032B43D19DF82330032B04D102AB8A
:10B9900019460998FFF760FB0998FFF7DFFA03469D
:10B9A0008DF81B3003AB19460998FFF73DFB059056
:10B9B000059B002B03D09DF81B30022B06D0059B66
:10B9C000002B24D19DF81B30032B20D19DF8233070
:10B9D000032B13D19DF81B30022B01D1032300E070
:10B9E00002238DF813309DF8133019460998FFF79C
:10B9F0004AFA9DF84F3001338DF84F30079B002BEA
:10BA000005D09DF82320079B1146099898470F9B66
:10BA100001330F930F9B032B83D99DF84F30002BDD
:10BA20004CD001238DF84E306B461A460121002080
:10BA3000FFF7C6FA0023119314E0119B9B0014AA90
:10BA4000134453F8502C119B9B0014A90B4453F83A
:10BA5000443C9A4203D000238DF84E3005E0119B00
:10BA600001331193119B002BE7D09DF84E30002B32
:10BA700003D000238DF84F3020E0002311931AE00B
:10BA8000119B9B0014AA134453F8502C119B9B004C
:10BA900014A90B4443F8442C119B9B0014AA134493
:10BAA00053F8482C119B9B0014A90B4443F84C2CD1
:10BAB000119B01331193119B002BE1D09DF84F3066
:10BAC000002B7FF428AF00BF15B05DF804FB00BF6A
:10BAD000AC33002008B5064B1B68002B03D1054989
:10BAE000512001F0E5FC024B1B68984700BF08BDE0
:10BAF00008340020C8E3030082B003468DF8073005
:10BB00009DF80730044A012101FA03F3C2F8083511
:10BB100000BF02B0704700BF00F0014084B0034690
:10BB2000029101928DF80F3008499DF80F30A23331
:10BB3000029A41F83320054A9DF80F30A233DB000A
:10BB40001344019A5A6000BF04B0704700F00140EE
:10BB500082B001900B468DF80330094A9DF80330FE
:10BB600003F5007352F8231005489DF80330019A3D
:10BB70000A4303F5007340F8232000BF02B070476A
:10BB800000F0014082B001900B468DF803300A4A64
:10BB90009DF8033003F5007352F82310019BDA433C
:10BBA00005489DF803300A4003F5007340F8232050
:10BBB00000BF02B0704700BF00F0014082B00346F2
:10BBC0008DF80730044A9DF80730012142F8331000
:10BBD00000BF02B0704700BF00F0014082B00346D2
:10BBE0008DF807309DF80730012202FA03F318465A
:10BBF00002B0704782B003468DF807309DF80730D9
:10BC0000012202FA03F3184602B0704700B583B070
:10BC100003468DF807309DF807301846FFF7DEFF22
:10BC20000346C3F31003002B14BF01230023DBB230
:10BC3000184603B05DF804FB82B00190019B5B0CD9
:10BC40005B04002B0CBF01230023DBB2184602B0BB
:10BC5000704700B583B003468DF807309DF8073074
:10BC60001846FFF7BBFF03461846FFF7E5FF0346FC
:10BC7000184603B05DF804FB00B583B003468DF8A9
:10BC800007309DF807301846FFF7B4FF034603F06E
:10BC90003303002B14BF01230023DBB2184603B08B
:10BCA0005DF804FB00B583B003468DF807309DF8BE
:10BCB00007301846FFF792FF0246064B1B681340F9
:10BCC000002B14BF01230023DBB2184603B05DF83C
:10BCD00004FB00BF1034002000B583B003468DF88C
:10BCE00007309DF807301846FFF778FF0246044BEF
:10BCF0001B681343024A136000BF03B05DF804FBE6
:10BD00001034002010B582B003468DF80730094B7F
:10BD10001B781C469DF807301846FFF76BFF03465B
:10BD20002340002B14BF01230023DBB2184602B0CE
:10BD300010BD00BF1434002000B583B003468DF859
:10BD400007309DF807301846FFF754FF0346DAB274
:10BD5000044B1B781343DAB2024B1A7000BF03B0D6
:10BD60005DF804FB1434002000B587B00190002377
:10BD700004930023059304230493274B0593002386
:10BD80008DF80F303EE000238DF80E300DF10E03DC
:10BD90001846FBF7E3FD9DF80F301846FFF71EFF2E
:10BDA0000246059B1340002B15D09DF80F30184616
:10BDB000FFF778FF034683F00103DBB2002B0AD0C4
:10BDC0009DF80F301846FFF787FF019B9DF80F2065
:10BDD0001A70002304939DF80E301846FBF7D4FD2B
:10BDE000049B002B12D09DF80F301846FFF7F6FE8B
:10BDF0000346DB43059A134005939DF80F3001334A
:10BE00008DF80F30059B002BBDD100E000BF049BD7
:10BE1000184607B05DF804FBFFFF010000B587B0CE
:10BE20000346029101928DF80F30029B002B02D045
:10BE3000019B002B01D10E2325E0002305939DF8E3
:10BE40000F301846FFF7E2FE034683F00103DBB232
:10BE5000002B02D00723059314E09DF80F301846FD
:10BE6000FFF720FF034683F00103DBB2002B02D073
:10BE70000823059306E09DF80F30019A02991846B1
:10BE8000FFF74CFE059B184607B05DF804FB00B5B4
:10BE900085B003468DF80730002303939DF80730E3
:10BEA0001846FFF7D6FE034683F00103DBB2002BF2
:10BEB00002D0072303931CE09DF807301846FFF7D4
:10BEC000A5FE0346002B0DD09DF807301846FFF75E
:10BED000E9FE034683F00103DBB2002B02D0082306
:10BEE000039306E09DF807301846FFF705FE002390
:10BEF0000393039B184605B05DF804FB00B587B0BB
:10BF00000190002304930423059333230493002317
:10BF10008DF80F303EE000238DF80E300DF10E034A
:10BF20001846FBF71BFD9DF80F301846FFF762FE21
:10BF30000246049B1340002B15D09DF80F30184685
:10BF4000FFF7E0FE034683F00103DBB2002B0AD0CB
:10BF50009DF80F301846FFF7EFFE019B9DF80F206C
:10BF60001A70002305939DF80E301846FBF70CFD60
:10BF7000059B002B12D09DF80F301846FFF73AFEB4
:10BF80000346DB43049A134004939DF80F300133BA
:10BF90008DF80F30049B002BBDD100E000BF059B46
:10BFA000184607B05DF804FB00B585B003468DF870
:10BFB0000730002303939DF807301846FFF75CFE17
:10BFC000034683F00103DBB2002B02D00723039367
:10BFD00012E09DF807301846FFF794FE034683F001
:10BFE0000103DBB2002B02D00823039304E09DF889
:10BFF00007301846FFF7E2FD039B184605B05DF8D1
:10C0000004FB00B585B001900B468DF8033000238A
:10C0100003939DF803301846FFF72EFE034683F086
:10C020000103DBB2002B02D0072303932CE09DF821
:10C0300003301846FFF766FE034683F00103DBB2C8
:10C04000002B02D0082303931EE00198FFF7F4FDB4
:10C05000034683F00103DBB2002B02D007230393D6
:10C0600012E000238DF80B300DF10B031846FBF79F
:10C0700075FC9DF8033019460198FFF783FD9DF884
:10C080000B301846FBF780FC039B184605B05DF8A3
:10C0900004FB00B585B001900B468DF803300023FA
:10C0A00003939DF803301846FFF7E6FD034683F03F
:10C0B0000103DBB2002B02D0072303932CE09DF891
:10C0C00003301846FFF71EFE034683F00103DBB280
:10C0D000002B02D0082303931EE00198FFF7ACFD6C
:10C0E000034683F00103DBB2002B02D00723039346
:10C0F00012E000238DF80B300DF10B031846FBF70F
:10C100002DFC9DF8033019460198FFF721FD9DF89D
:10C110000B301846FBF738FC039B184605B05DF85A
:10C1200004FB000082B003468DF807309DF807300D
:10C1300003F01F0205499DF907305B09012000FA51
:10C1400002F241F8232000BF02B0704700E100E096
:10C1500082B0034600918DF807309DF90730002B1F
:10C160000CDA009BDAB20C499DF8073003F00F039C
:10C17000043B5201D2B20B441A7609E0009BDAB2BA
:10C1800006499DF907305201D2B20B4483F80023CF
:10C1900000BF02B0704700BF00ED00E000E100E02A
:10C1A00082B00190019B03F06043B3F1005F0CBFCC
:10C1B00001230023DBB2184602B0704782B0019021
:10C1C000019B1B0B5BB2184602B0704700B583B0F1
:10C1D00003460A468DF8073013468DF806309DF861
:10C1E0000630012B03D99DF80630032B0BD99DF89F
:10C1F0000630042B03D99DF80630072B03D90849D4
:10C200006B2001F055F99DF806209DF90730114685
:10C210001846FFF79DFF00BF03B05DF804FB00BFA9
:10C22000A4E5030000B583B003468DF807309DF9FF
:10C2300007301846FFF776FF00BF03B05DF804FB38
:10C2400082B001900B468DF803309DF80330019ABF
:10C25000134401221A6000BF02B0704782B00190FF
:10C260000B468DF803309DF80320019B13441846BC
:10C2700002B0704784B001900B46ADF80230BDF8B3
:10C280000230019A134400221A60BDF80230019A6C
:10C2900013441B680393039B00BF04B0704782B034
:10C2A00001900B46ADF80230BDF80230019A1344FC
:10C2B0001B68002B14BF01230023DBB2184602B019
:10C2C000704782B001900091019B009AC3F8002250
:10C2D00000BF02B0704782B001900091019B009AAC
:10C2E000C3F8002300BF02B0704782B00190019BE9
:10C2F0000122C3F8002500BF02B0704784B001904E
:10C30000009100238DF80F3011E09DF80F309B0055
:10C31000009A13449DF80F201968019B02F5AC7236
:10C3200043F822109DF80F3001338DF80F309DF83F
:10C330000F30032BE9D900BF00BF04B070470000E5
:10C3400000B583B00190084611461A4603468DF8A1
:10C3500003300B468DF802301346ADF80030BDF9BE
:10C360000030002B04DA0C494FF4287001F0A0F8DB
:10C370009DF80320019BC3F80C259DF80220019B2A
:10C38000C3F80425BDF80020019BC3F8082500BFB1
:10C3900003B05DF804FB00BFD4E5030000B585B031
:10C3A00003900B4601928DF80B30019B002B04D1BA
:10C3B000144940F2AB2001F07BF8019B1A689DF80C
:10C3C0000B301946039800F01FF8019B9A889DF8DE
:10C3D0000B301946039800F03DF8019B9A689DF8D0
:10C3E0000B301946039800F069F8019BDA689DF854
:10C3F0000B301946039800F089F800BF05B05DF8CE
:10C4000004FB00BFD4E5030000B585B003900B46E4
:10C4100001928DF80B309DF80B30012B04D90C499B
:10C4200040F2B72001F044F8019B002B04D10849E9
:10C430004FF42E7001F03CF89DF80B30019A0399EF
:10C4400029335B010B441A6000BF05B05DF804FBA3
:10C45000D4E5030000B583B001900B468DF803309E
:10C460001346ADF800309DF80330012B04D9124972
:10C470004FF4307001F01CF8BDF80030002B04D1EF
:10C480000D4940F2C12001F013F8BDF90030002B36
:10C4900004DA094940F2C22001F00AF89DF803309D
:10C4A000BDF80020019929335B010B4404331A6065
:10C4B00000BF03B05DF804FBD4E5030000B585B010
:10C4C00003900B4601928DF80B309DF80B30012B39
:10C4D00004D90D4940F2CA2000F0EAFF019BB3F1F4
:10C4E000807F04D3084940F2CB2000F0E1FF9DF8A3
:10C4F0000B30039A5B01134403F5A563019A1A609C
:10C5000000BF05B05DF804FBD4E5030000B585B0BD
:10C5100003900B4601928DF80B309DF80B30012BE8
:10C5200004D90D4940F2D32000F0C2FF019BB3F1C2
:10C53000807F04D308494FF4357000F0B9FF9DF8AF
:10C540000B30039A5B01134403F22C53019A1A60D7
:10C5500000BF05B05DF804FBD4E5030082B0019094
:10C560000B468DF8033013468DF802309DF80320FA
:10C570009DF802301B021A43019BC3F8102500BF2F
:10C5800002B0704782B001900B46ADF80230BDF8A2
:10C590000220019BC3F8142500BF02B070470000C1
:10C5A00000B583B00190019B1B681F2B04D905497E
:10C5B00040F2CD1000F07CFF4FF0A043184603B0CE
:10C5C0005DF804FB04E6030000B585B00190084661
:10C5D00011461A4603468DF803300B468DF802309B
:10C5E00013468DF8013001AB1846FFF7D9FF0390D1
:10C5F0009DF803209DF802305B001A439DF801303E
:10C600009B001A439DF818301B0242EA03019DF873
:10C610001C301B04019A1943039B02F5E07243F896
:10C62000221000BF05B05DF804FB00B585B0039093
:10C63000002301930023009300230122012103988A
:10C64000FFF7C2FF00BF05B05DF804FB00B585B081
:10C65000019001AB1846FFF7A3FF0390019B012255
:10C6600002FA03F31946039800F018F800BF05B06A
:10C670005DF804FB00B585B0019001AB1846FFF7EB
:10C680008FFF0390019B012202FA03F319460398DE
:10C6900000F00EF800BF05B05DF804FB82B0019019
:10C6A0000091019B009AC3F8082500BF02B07047B3
:10C6B00082B001900091019B009AC3F80C2500BF45
:10C6C00002B0704700B589B00190009100238DF849
:10C6D0001F3050E09DF81F30009AD35C8DF81E305B
:10C6E0009DF81E30FF2B38D09DF81E3003F08003DC
:10C6F000002B14BF012300238DF81D309DF81E2050
:10C700009DF81F3022F080029B0008A90B4443F8DB
:10C71000142C9DF81D30002B0AD09DF81F309B0073
:10C7200008AA134453F8143C1846FFF78FFF09E09A
:10C730009DF81F309B0008AA134453F8143C184678
:10C74000FFF798FF9DF81F309B0008AA134453F889
:10C75000143C1846FFF769FF08E09DF81F309B0066
:10C7600008AA13444FF0FF3243F8142C9DF81F30F1
:10C7700001338DF81F309DF81F30032BAAD9019B80
:10C780001B6803AA11461846FFF7B8FD00BF09B0A1
:10C790005DF804FB00B587B0039002910192029B03
:10C7A000002B03D13E49802000F082FE039B1B79C1
:10C7B000DB003C4A13440593059B1B79DBB2002B3D
:10C7C00003D008230493049B66E0059B019A1A603A
:10C7D00002990398FFF776FF039B1B681846FFF743
:10C7E00084FD039B1868029B5979029B9A79029BEE
:10C7F0001B89FFF7A5FD039B1868029B997A029B92
:10C80000DB7A1A46FFF7AAFE039B1B680021184635
:10C81000FFF757FD039B1B6800211846FFF75BFDE0
:10C82000039B1B684FF48E711846FFF723FD039B93
:10C830001B684FF488711846FFF71CFD039B1B68AB
:10C840004FF48A711846FFF715FD039B1B684FF4E0
:10C8500082711846FFF70EFD059B1B68002B15D053
:10C86000039B1B681846FFF7A9FC03461A46029B68
:10C870001B7919461046FFF7A9FC039B1B68184655
:10C88000FFF79CFC03461846FFF7CCFC059B0122F2
:10C890001A7100230493049B184607B05DF804FB4B
:10C8A00038E603001834002000B587B003900291E9
:10C8B00011461A460B468DF8073013468DF80630A0
:10C8C000029B02221A71029B9DF807205A71029B5B
:10C8D0001B68002B25D0822305939DF8073003F0B9
:10C8E0000403002B03D0059B43F0100305939DF830
:10C8F000073003F00803002B03D0059B43F020030F
:10C9000005939DF8073003F01003002B03D0059B1F
:10C9100023F080030593039B1B6805991846FFF7D6
:10C92000DAFC039B1B684FF482711846FFF7A2FCE8
:10C930009DF90730002B0ADA039B1B689DF806203F
:10C9400011461846FFF78AFC0490049B08E0039BFD
:10C950001B689DF8062011461846FFF771FC00235E
:10C96000184607B05DF804FB00B589B0039002914A
:10C9700000931346ADF80630039B1B79DB003C4A5D
:10C9800013440593059B1B79DBB2002B04D1394975
:10C990004FF48D7000F08CFDBDF80630002B04D1F3
:10C9A000344940F21B1000F083FD029B1B681846BF
:10C9B000FFF7F6FB0346002B04D12E494FF48E708F
:10C9C00000F076FD039B1B68029A00211846FFF7D2
:10C9D000E5FC039B1B68029A01211846FFF7DEFC69
:10C9E000BDF8063003F00103002B14BF0123002320
:10C9F0008DF81F30039B1868BDF806305B089AB2AB
:10CA00009DF81F309BB213449BB21946FFF7BAFD45
:10CA1000009B03F00103002B02D0102306930FE0CC
:10CA2000009B03F00203002B08D09DF81F30002B61
:10CA300001D0082300E00423069301E000230693BD
:10CA4000039B1B6806991846FFF73BFC009BDAB274
:10CA50009DF81F30002B01D00C2300E0082305991E
:10CA60000398FFF721FF0346184609B05DF804FB61
:10CA70001834002038E6030000B583B0019000911F
:10CA80004FF488710198FFF70AFC0346002B12D07F
:10CA90004FF488710198FFF7EDFB009B5B7903F081
:10CAA0000403002B07D0009B1B68002B03D0009BC6
:10CAB0001B68012098474FF48A710198FFF7EFFB3C
:10CAC0000346002B12D04FF48A710198FFF7D2FB76
:10CAD000009B5B7903F00803002B07D0009B1B68C9
:10CAE000002B03D0009B1B68022098474FF48E71E7
:10CAF0000198FFF7D4FB0346002B12D04FF48E7140
:10CB00000198FFF7B7FB009B5B7903F01003002B44
:10CB100007D1009B1B68002B03D0009B1B680020E3
:10CB200098474FF482710198FFF7B9FB0346002B39
:10CB30000FD04FF482710198FFF79CFB009B0122FC
:10CB40001A71009B1B68002B03D0009B1B680320FD
:10CB5000984700BF03B05DF804FB000008B5034927
:10CB60000348FFF789FF00BF08BD00BF183400204D
:10CB700000C0014008B503490348FFF77DFF00BF2F
:10CB800008BD00BF2034002000100240054B1B7878
:10CB9000002B04D1034B01221A70002300E08523EF
:10CBA000184670472834002000B583B00C4B1B7822
:10CBB000002B0FD00023019308E0019B022B02D031
:10CBC0000198FDF7D9FB019B01330193019B012BD8
:10CBD000F3D901E0FDF7EAFB00BF03B05DF804FB09
:10CBE000303400202DE9F04F87B003468DF80F3028
:10CBF0000023059300230493D14B1B78002B04D012
:10CC0000CF4B00221A70FFF7CFFF9DF80F30172B84
:10CC100000F2298201A252F823F000BF7DCC02006D
:10CC200095CC020095CC020027CD0200B5CD0200C4
:10CC300029CE0200B5CE0200D5CE0200E5CE02001C
:10CC400003CF020021CF02004DCF02006BCF0200C4
:10CC500079CF020079CF020079CF020079CF0200AC
:10CC600079CF020009D0020017D002002BD00200B9
:10CC70003FD0020059D0020059D00200FFF794FFC4
:10CC8000B04B18460FF062FD0590AF4A9DF80F308B
:10CC90001370E9E10020FDF727FB0346002B0DD0C0
:10CCA0000020FDF769FB9DF80F30022B02D14FF4F5
:10CCB000E16301E04FF47A6304930BE00020FDF799
:10CCC00041FB9DF80F30022B01D1C82301E04FF446
:10CCD000C87304939C4A9DF80F301370994C049BC1
:10CCE00018464FF000014FF000024FF00003CB0355
:10CCF00043EA5043C20312F5FA71009143F1000375
:10CD000001934FF47A724FF00003DDE900010FF058
:10CD10008FFD02460B4613460022194620460FF0AF
:10CD2000DFFC0590A0E10020FDF7DEFA0346002BB2
:10CD30000DD00020FDF720FB9DF80F30032B02D112
:10CD40004FF4487301E04FF47A6304930BE0002042
:10CD5000FDF7F8FA9DF80F30032B01D1C82301E04D
:10CD60004FF4C8730493784A9DF80F301370754CD4
:10CD7000049B18464FF000014FF000024FF00003F3
:10CD8000CB0343EA5043C20312F5FA7A43F1000B96
:10CD90004FF47A724FF00003504659460FF048FDA9
:10CDA00002460B4613460022194620460FF098FC17
:10CDB000059059E10020FDF797FA0346002B06D0B5
:10CDC0000020FDF7D9FA4FF47A63049305E00020C0
:10CDD000FDF7B8FA4FF4C87304935B4A9DF80F301F
:10CDE0001370584C049B18464FF000014FF000029E
:10CDF0004FF00003CB0343EA5043C20312F5FA7825
:10CE000043F100094FF47A724FF00003404649465F
:10CE10000FF00EFD02460B4613460022194620462F
:10CE20000FF05EFC05901FE10020FDF75DFA034660
:10CE3000002B0CD00020FDF79FFA9DF80F30052B3A
:10CE400001D1C82301E04FF47A6304930BE0002082
:10CE5000FDF778FA9DF80F30052B01D1C82301E0CA
:10CE60004FF4C8730493384A9DF80F301370354C53
:10CE7000049B18464FF000014FF000024FF00003F2
:10CE8000CB0343EA5043C20312F5FA7643F100079D
:10CE90004FF47A724FF00003304639460FF0C8FC69
:10CEA00002460B4613460022194620460FF018FC96
:10CEB0000590D9E00020FDF79FFA234A9DF80F3036
:10CEC0001370204B002240F6CD4118460FF008FCAD
:10CED0000590C9E00020FDF735FA1B4A9DF80F3098
:10CEE0001370C1E0164B01221A700120FDF784FA7D
:10CEF000144B002240F6CD4118460FF0F1FB05908F
:10CF0000B2E00F4B01221A700120FDF775FA0D4BAC
:10CF100000224FF4804118460FF0E2FB0590A3E099
:10CF2000074B01221A700120FDF766FA054B00221B
:10CF300040F6CD4118460FF0D3FB059094E000BFBA
:10CF40002A3400203434002029340020494B0122A7
:10CF50001A700120FDF750FA474B00224FF4804130
:10CF600018460FF0BDFB05907EE0FDF732FA434A0C
:10CF70009DF80F30137077E0414B18460FF0E6FB39
:10CF800005909DF80F30C3F111030493049B002B0F
:10CF900033D0059B002B30D1049B012B26D9384E72
:10CFA000049B9BB21A46C82303FB02F318464FEAC0
:10CFB000E0714FF000024FF00003CB0343EA50430F
:10CFC000C20312F5FA7443F100054FF47A724FF080
:10CFD0000003204629460FF02BFC02460B46134661
:10CFE0000022194630460FF07BFB05900220FDF72A
:10CFF000A9F9244B01221A7036E00220FDF7BCF992
:10D00000204B00221A702FE0FFF7CEFD1B4A9DF83F
:10D010000F30137028E0FFF7C7FD0020FDF792F9ED
:10D02000164A9DF80F3013701EE0FFF7BDFD01207A
:10D03000FDF788F9114A9DF80F30137014E0FFF7DF
:10D04000B3FD0020FDF77EF90120FDF77BF90B4AC7
:10D050009DF80F30137007E0FDF7BBF9074A9DF804
:10D060000F30137000E000BF059B184607B0BDE805
:10D07000F08F00BF2A3400203434002029340020EF
:10D08000543400203034002000B585B003468DF8BC
:10D09000073000230393084B1B6803F00103002BA8
:10D0A00005D09DF807301846FFF79CFD0390039BC1
:10D0B000184605B05DF804FB2C34002084B00190C4
:10D0C0000B468DF8033013468DF80230002303938E
:10D0D000019B012B3CD89DF80230012B0BD19DF810
:10D0E0000330012B04D1019BDBB20E33DBB200E035
:10D0F00000238DF802309DF80330022B0FD0022B55
:10D1000023DC002B16D0012B1FD11449019A1346A2
:10D110005B0013440B449DF802201A701AE00F497B
:10D12000019A13465B0013440B4401339DF802201F
:10D130001A700FE00949019A13465B0013440B442F
:10D1400002339DF802201A7004E00723039301E0E4
:10D1500007230393039B184604B0704774340020E0
:10D1600000B583B0012200210020FFF7A7FF019046
:10D17000019B002B04D0019B072B01D0019B1CE0DD
:10D18000072202210120FFF799FF0190019B002B4C
:10D1900004D0019B072B01D0019B0EE00422022149
:10D1A0000020FFF78BFF0190019B002B04D0019B17
:10D1B000072B01D0019B00E00023184603B05DF867
:10D1C00004FB00B583B0012202210020FFF776FFA7
:10D1D0000190019B002B04D0019B072B01D0019BE8
:10D1E0001CE0072202210120FFF768FF0190019B4C
:10D1F000002B04D0019B072B01D0019B0EE00A22DB
:10D2000000210020FFF75AFF0190019B002B04D062
:10D21000019B072B01D0019B00E00023184603B0BF
:10D220005DF804FB00B585B001900091019B1B885F
:10D23000102B02D0112B18D02FE01A4B1B68002B9B
:10D240000DD1FFF78DFF0390039B002B07D0164BEA
:10D250001B68002B03D0144B1B6803989847114B95
:10D260001B6801330F4A136017E00E4B1B68013B2C
:10D270000C4A13600B4B1B68002B0DD1FFF7A1FF6D
:10D280000390039B002B07D0074B1B68002B03D098
:10D29000054B1B680398984700BF00BF05B05DF8B9
:10D2A00004FB00BF803400207C340020BFF34F8F8C
:10D2B00000BF074BDB6803F4E0620549054B1343ED
:10D2C000CB60BFF34F8F00BF00BF00BFFCE700BFC4
:10D2D00000ED00E00400FA0576DF704700BF184655
:10D2E0007ADF704700BF18467CDF704700BF1846E2
:10D2F0007FDF704700BF18468FDF704700BF1846BA
:10D30000B1DF704700BF184600B585B00190019BA2
:10D31000002B0AD0074B43F001030393019B9B01B1
:10D320000293039B0298984700E000BF05B05DF8A8
:10D3300004FB00BFF0E7030000B583B00190019B40
:10D340001B681F2B04D9054940F2CD1000F0B0F83E
:10D350004FF0A043184603B05DF804FB8CE60300D1
:10D3600000B585B00190084611461A4603468DF86F
:10D3700003300B468DF8023013468DF8013001ABB7
:10D380001846FFF7D9FF03909DF803209DF802305F
:10D390005B001A439DF801309B001A439DF818303A
:10D3A0001B0242EA03019DF81C301B04019A194339
:10D3B000039B02F5E07243F8221000BF05B05DF850
:10D3C00004FB00B585B00390002301930023009374
:10D3D0000023012201210398FFF7C2FF00BF05B01F
:10D3E0005DF804FB00B585B003900B468DF80B305B
:10D3F0009DF80B30002201920022009200220021B1
:10D400000398FFF7ADFF00BF05B05DF804FB00B562
:10D4100085B0019001AB1846FFF78EFF0390019B8A
:10D42000012202FA03F31946039800F021F800BF25
:10D4300005B05DF804FB00B585B0019001AB18465E
:10D44000FFF77AFF0390039800F00AF80246019B69
:10D4500022FA03F303F00103184605B05DF804FB5C
:10D4600082B00190019BD3F81035184602B0704786
:10D4700082B001900091019B009AC3F8082500BF7B
:10D4800002B0704700B583B00190019B002B0AD019
:10D490004FF47A70FFF738FF019B013B0193019B2A
:10D4A000002BF5D100E000BF03B05DF804FB0000E5
:10D4B00000B583B003460091ADF80630BDF80630E4
:10D4C000009A19460348FAF715F900BF03B05DF852
:10D4D00004FB00BFEFBEADDE82B00190019B5B6834
:10D4E000002B06D1019B1B78012B04D0022B04D00A
:10D4F00004E000BF02E000BF00E000BF02B07047E0
:10D5000000B583B0019001E000F022FE0198FBF726
:10D51000E7FF0346002BF7D100BF00BF03B05DF863
:10D5200004FB000000B58DB000238DF82B300023E4
:10D53000059306AB00221A605A609A60DA600023F5
:10D54000009301AB00221A605A609A60DA60404B87
:10D550005B889AB23E4B1B889BB29A4273D03C4B7D
:10D560005B889BB21A4613465B001344DA00D21A5A
:10D57000374B1344591D6B46142218460FF077FAA7
:10D58000334B5B889BB25A1C324B83FB02139910BE
:10D59000D317C91A0B465B000B44DB00D11A8AB2C1
:10D5A0002B4B5A8001238DF82B3005AA6B462A4954
:10D5B000184602F0F7FC0346002B0BD0274A284BF5
:10D5C000D31ADB081B0443F0010326491846F9F778
:10D5D000C9FB39E000230B9302E00B9B01330B9353
:10D5E0000B9B072BF9DD204B1B889BB201335A4262
:10D5F00003F0070302F0070258BF53421A4A528849
:10D6000092B2934220D0184B1B889BB21A46134605
:10D610005B001344DA00D21A134B1344053305A9F7
:10D62000142218460FF023FA0F4B1B889BB20133CC
:10D630005A4203F0070302F0070258BF53429AB25E
:10D64000094B1A8000E000BF0DB05DF804FB00BF7D
:10D65000683A0020ABAAAA2A683C0020D4D2030072
:10D660009CD20300BCE603001039002000B583B053
:10D6700001900B46ADF802301D4B1B889BB2591C24
:10D680001C4B83FB01239A10CB17D21A13465B0065
:10D690001344DB00CA1A164B5B889BB29A4223D014
:10D6A000134B1B889BB21A4613465B001344DA00E7
:10D6B000D21A0F4B13440533BDF8022001991846C6
:10D6C0000FF0D5F90A4B1B889BB25A1C094B83FB00
:10D6D00002139910D317C91A0B465B000B44DB00E9
:10D6E000D11A8AB2024B1A8000BF03B05DF804FB66
:10D6F000683A0020ABAAAA2A00B583B00EF082FFD8
:10D700000190019B0093009B002B05D0044A40F23E
:10D7100041110098F9F7EEFF00BF03B05DF804FB7C
:10D72000D4E6030000B587B09DF80030012262F313
:10D7300003038DF800309DF80030012262F30713D7
:10D740008DF800301E480FF010FA03469AB26B466F
:10D750001B491846FFF7C8FD0590059B0493049BE1
:10D76000002B05D0174A4FF4AA710498F9F7C2FFAD
:10D7700001AB0822002118460FF0A2F97823ADF87A
:10D780000430C823ADF806300023ADF808304FF45C
:10D79000C873ADF80A3001AB1846FFF7A1FD05903C
:10D7A000059B0393039B002B05D0064A4FF4AF71F2
:10D7B0000398F9F79FFF00BF07B05DF804FB00BFB7
:10D7C00050E70300D4E6030000B583B00321094805
:10D7D00007F064FA0190019B0093009B002B05D099
:10D7E000054A4FF4B3710098F9F784FF00BF03B006
:10D7F0005DF804FBA8340020D4E6030000B583B034
:10D800000190054A4FF4B9710198F9F773FF00BF11
:10D8100003B05DF804FB00BFD4E6030000B583B09D
:10D820000190019B1B78002B17D1019B9B8A142B25
:10D830000BD00B4A0B4BD31ADB081B0443F001033C
:10D8400009491846F9F78EFA07E0019B1A69019B0E
:10D850009B8A19461046FFF709FF03B05DF804FBE9
:10D86000D4D203009CD2030058E7030000B587B070
:10D8700000230193174B019301AB1946164808F09A
:10D88000F9FC0590059B0493049B002B05D0134ADB
:10D890004FF4CF710498F9F72DFF02AB0422002159
:10D8A00018460FF00DF90E4B029302AB19460D48C6
:10D8B00008F022FF0590059B0393039B002B05D0E6
:10D8C000064A4FF4D3710398F9F714FF00BF07B06D
:10D8D0005DF804FBFDD702009C340020D4E6030071
:10D8E0001DD80200F82A002000B585B00190019BE8
:10D8F0001B78002B11D10B4B1B883B211846FFF7DF
:10D90000EBFC0390039B0293029B002B05D0064A7D
:10D910004FF4DE710298F9F7EDFE00BF05B05DF837
:10D9200004FB00BF142B0020D4E6030000B583B035
:10D930000190054A40F2C7110198F9F7DBFE00BFDC
:10D9400003B05DF804FB00BFD4E6030000B58BB064
:10D9500001AB1C22002118460FF0B2F800230193FE
:10D960004FF4203302934FF47023039303238DF875
:10D9700010300023ADF8123000238DF814300C4B1A
:10D9800006930C4B079301AB184607F011FC099066
:10D99000099B0893089B002B05D0074A4FF4EF71B1
:10D9A0000898F9F7A7FE00BF0BB05DF804FB00BFB5
:10D9B000E9D802002DD90200D4E6030000B585B0F5
:10D9C00003468DF807309DF80730002B11D0032B4C
:10D9D00016D10220FFF758FB0390039B0293029B92
:10D9E000002B0FD00B4A40F203210298F9F782FE78
:10D9F00008E0094B1B78012B06D1FFF7E5FE03E099
:10DA000000BF02E000BF00E000BF00BF05B05DF84E
:10DA100004FB00BFD4E603000C39002000B58DB034
:10DA200001900091019B1B88562B00F0D480562B4F
:10DA300000F3E480522B00F0A780522B00F3DE802D
:10DA4000212B2DDC102BC0F2D980103B112B00F2C2
:10DA5000D58001A252F823F0A9DA02000DDB020002
:10DA6000FDDB020061DB0200FDDB0200FDDB0200EA
:10DA7000FDDB0200FDDB0200FDDB0200FDDB02003E
:10DA8000FDDB0200FDDB0200FDDB0200FDDB02002E
:10DA9000FDDB0200FDDB0200FDDB02002DDB0200EE
:10DAA0003B2B00F08580A9E05D4A5E4BD31ADB0872
:10DAB0001B0443F003035C491846F9F753F90720A8
:10DAC000FFF7E2FA0B900B9B0593059B002B05D00B
:10DAD000564A4FF408710598F9F70CFE019B9A8895
:10DAE000534B1A80524B1B881946524808F0E4FBEE
:10DAF0000B900B9B0493049B002B00F081804B4AFE
:10DB000040F223210498F9F7F5FD79E0444A454BAA
:10DB1000D31ADB081B0443F0030347491846F9F7FF
:10DB200021F9434B4FF6FF721A8074E000238DF801
:10DB30000C3000238DF80D30019B9B8803AA114601
:10DB40001846FFF7D9FB0B900B9B0793079B002B05
:10DB500058D0364A40F235210798F9F7CBFD51E00D
:10DB6000334B1888002300228521FFF7C1FB0B905F
:10DB70000B9B0693069B002B46D02C4A40F23B2180
:10DB80000698F9F7B7FD3FE0294B188800230022DB
:10DB90000021FFF7B5FB0B900B9B0993099B002B12
:10DBA00034D0224A40F241210998F9F7A3FD2DE033
:10DBB000019B9B8813211846FFF78EFB0B900B9B54
:10DBC0000893089B002B23D0184A4FF41271089831
:10DBD000F9F790FD1CE0019B9B8813211846FFF785
:10DBE0007BFB0B900B9B0A930A9B002B12D00F4AD6
:10DBF00040F24F210A98F9F77DFD0BE000BF0AE0E3
:10DC000000BF08E000BF06E000BF04E000BF02E084
:10DC100000BF00E000BF00BF0DB05DF804FB00BF17
:10DC2000D4D203009CD2030074E70300D4E60300BF
:10DC3000142B00209C34002080E7030000B587B03F
:10DC400009F006F80590059B0493049B002B05D072
:10DC5000164A40F262210498F9F74CFD0023019323
:10DC600001AB1946012009F009F90590059B0393C2
:10DC7000039B002B05D00D4A4FF41A710398F9F756
:10DC800039FD01AB184609F017FA0590059B029380
:10DC9000029B002B05D0054A4FF41B710298F9F73F
:10DCA00029FD00BF07B05DF804FB00BFD4E6030008
:10DCB00000B583B001900091009B5A88114B1B88DE
:10DCC0009A421AD1009B1B8840F67722934214D1C6
:10DCD000009B9B88033B9AB20B4B1A800B4A0C4B60
:10DCE000D31ADB081B0443F00300074B1B881A46BA
:10DCF000054B1B880749F9F754F800BF03B05DF8DE
:10DD000004FB00BF142B0020162B0020D4D20300EC
:10DD10009CD2030090E7030000B585B0114912487A
:10DD200008F0A8F90390039B0293029B002B05D0F7
:10DD30000E4A40F287210298F9F7DCFC45210A4897
:10DD400008F0C3F90390039B0193019B002B05D0BE
:10DD5000064A40F28A210198F9F7CCFC00BF05B0D1
:10DD60005DF804FBB1DC020088340020D4E6030037
:10DD700000B5AFB001ABAC22002118460EF0A0FEFA
:10DD800002238DF8043000238DF8063006238DF829
:10DD900007300123ADF85030124B159301238DF855
:10DDA00080304FF4487323934FF4E16324930E4B78
:10DDB0002A9301AB19460D4806F098FE2D902D9B35
:10DDC0002C932C9B002B05D0094A4FF445712C98BD
:10DDD000F9F790FC0121054806F07BFE00BF2FB04B
:10DDE0005DF804FB182B0020BDD90200A8340020E8
:10DDF000D4E6030082B001900B468DF8033000BFDB
:10DE000002B0704700B583B0FDF7B4FA034683F063
:10DE10000103DBB2002B02D0FDF75AFA0190032375
:10DE20008DF8003000238DF801309DF802306FF33B
:10DE300000038DF802309DF802306FF341038DF836
:10DE400002309DF802306FF382038DF80230032315
:10DE50008DF8013003211320FFF7C4FA6B460A4AFC
:10DE600019461320FDF76EFB019001211320FDF7E9
:10DE7000E3FB0620FFF7A5FA0620FFF7C8FA00BF6C
:10DE800003B05DF804FB00BFF5DD020000B583B010
:10DE900003468DF807309DF80730012B07D113207A
:10DEA000FFF7C9FA0346002B01D1012300E000234C
:10DEB000184603B05DF804FB00B58BB005900491E3
:10DEC00003928DF80B304FF0FF3309939DF80B3020
:10DED000012B3AD12A4B00221A70294B00225A708A
:10DEE0002848FFF70DFB4FF4EE230993002301228E
:10DEF00009992448FBF75CFA0890089B0793079B55
:10DF0000002B05D0204A40F257310798F9F7F2FB71
:10DF10001C48FFF7F5FA00230093F823059A4FF405
:10DF2000EE211848FBF762F90890089B0693069BC0
:10DF3000002B05D0144A40F25A310698F9F7DAFB63
:10DF40001048FFF7DDFA002315E00D4A059B5360EA
:10DF50000B4A049B93600A4A039BD360084B5B788F
:10DF6000DBB2022B03D1064B02221A7002E0044BF3
:10DF700001221A70002318460BB05DF804FB00BFA5
:10DF8000603D0020982A0020D4E6030008B5094B24
:10DF90001B78012B0BD0084B01221A70074B1B7802
:10DFA00043F00103DAB2054B1A70FFF70DFC0023B2
:10DFB000184608BD0C3900200D3900200E3900200C
:10DFC00008B5074B01221A70064B1B7843F001037A
:10DFD000DAB2044B1A70FFF7F7FB0023184608BDAE
:10DFE0000C3900200E390020044B1B7843F002034B
:10DFF000DAB2024B1A700023184670470E3900201F
:10E0000010B582B001900A4A0A4BD31ADB081B04F0
:10E0100043F003040198F8F70BFE03461A4606493D
:10E020002046F8F7ADFE0023184602B010BD00BF31
:10E03000D4D203009CD20300C4E7030008B5FFF765
:10E0400035F900BF08BD000000B585B001900B4652
:10E050008DF8033013468DF8023000238DF80F3011
:10E06000214B1B889BB201335A4203F0070302F095
:10E07000070258BF53421C4A528892B293422ED094
:10E08000194B1B889BB21A4613465B001344DA00F7
:10E09000D21A154B134405339DF8032001991846F5
:10E0A0000EF0E5FC104B1B889BB21A460E49134636
:10E0B0005B001344DA00D21A8B1804339DF8022057
:10E0C0001A70094B1B889BB201335A4203F00703B5
:10E0D00002F0070258BF53429AB2034B1A80002342
:10E0E000184605B05DF804FBBC39002000B583B0CC
:10E0F0004FF400410020F8F703FB0190019B0093CF
:10E10000009B002B05D0064A40F2A7310098F9F792
:10E11000F1FAF8F78BFA00BF03B05DF804FB00BF1B
:10E12000D4E6030000B583B0FAF796FD0190019B99
:10E130000093009B002B05D0044A40F2B3310098B5
:10E14000F9F7D8FA00BF03B05DF804FBD4E603008A
:10E1500008B5F8F779FEFAF795FD00BF08BD000095
:10E1600000B58DB0019000238DF82F30002304936B
:10E1700005AB00221A605A609A60DA6000238DF8BD
:10E180002E301423ADF80E303A4B5B889AB2394BDF
:10E190001B889BB29A4230D0364B5B889BB21A46A2
:10E1A00013465B001344DA00D21A324B1344591D54
:10E1B00004AB142218460EF05AFC2E4B5B889BB21F
:10E1C0001A462C4913465B001344DA00D21A8B1806
:10E1D00004331B788DF82E30264B5B889BB20133BD
:10E1E0005A4203F0070302F0070258BF53429AB2A3
:10E1F000204B5A8001238DF82F309DF82F30002BB3
:10E2000033D01D4B1B7803F00103002B1FD01B4B99
:10E210001B880DF10E0204A9194808F013FB0A909F
:10E220000A9B082B10D00A9B132B0DD00A9B052BA1
:10E230000AD00A9B0993099B002B05D0114A40F292
:10E24000DE310998F9F756FA0A9B132BDFD00A4BF7
:10E250001B7803F00203002B07D0BDF80E301A46DE
:10E2600004AB1146184600F079FA00BF0DB05DF816
:10E2700004FB00BFBC3900200E390020142B002005
:10E28000F82A0020D4E6030000B591B000238DF8F1
:10E290003E3000230E9300238DF83F30002305937A
:10E2A00006AB00221A605A609A60DA6003AB002263
:10E2B0001A60C3F803209DF80C3043F001038DF879
:10E2C0000C304FF0FF330D93FFF72CF9544B5B8864
:10E2D0009AB2534B1B889BB29A4221D0504B5B8819
:10E2E0009BB21A4613465B001344DA00D21A4C4B19
:10E2F0001344591D05AB142218460EF0B8FB484BC9
:10E300005B889BB201335A4203F0070302F0070215
:10E3100058BF53429AB2424B5A8001238DF83F3086
:10E320009DF83F30002B0BD005AB3E49184601F05D
:10E33000D3FC0346022B03D005AB184603F07AFA50
:10E34000394B1B78DBB2002B62D04FF4EE230D93D8
:10E35000354B5B78DBB2002B15D1002301220D99E0
:10E360003248FBF725F80C900C9B0A930A9B002B74
:10E3700005D02F4A40F20F410A98F9F7BBF92A4B12
:10E3800001225A7044E0284B5B78DBB2012B22D18A
:10E390002648FBF7A5F8034683F00103DBB2002B08
:10E3A00036D0214B5A6800230093F8234FF4EE2116
:10E3B0001E48FAF71BFF0C900C9B0B930B9B002B3A
:10E3C00005D01B4A40F217410B98F9F793F9164B09
:10E3D00002225A701CE0144B5B78DBB2022B17D17F
:10E3E0001248FBF77DF8034683F00103DBB2002BF4
:10E3F0000ED00D4B00225A700B4B1B78DBB2022B58
:10E4000003D1094B01221A7002E0074B00221A7057
:10E41000044801F0CBFE00BF11B05DF804FB00BF63
:10E4200010390020683C0020603D0020982A002020
:10E43000D4E6030000B585B0002303933C4B029360
:10E44000FFF754FEFFF758F9FFF7DCFCFFF76AFE11
:10E45000FFF7F4FBFFF766F9FFF75EFCFFF706FA3C
:10E46000FFF786FCFFF772FA324800F03DF93248B8
:10E470000CF0E2F930480CF009FA03462F4AA2FBEF
:10E4800003121209322101FB02F29B1A039305E0E9
:10E490000120FEF7F7FF039B013B0393039B002B37
:10E4A000F6D1274A274BD31ADB081B0443F003039A
:10E4B00025491846F8F756FC00F02CF9234A0121AB
:10E4C00023480EF0DDF8234B002240F26661184627
:10E4D0000EF006F9002202991F48FAF797FD019005
:10E4E000019B0093009B002B05D01C4A40F25B412E
:10E4F0000098F9F7FFF8AC22002119480EF0E0FA75
:10E50000AC22002117480EF0DBFA174B00221A70DC
:10E51000F823164A4FF4EE210F48FAF7BFFD1348CF
:10E5200001F072FBFFF7B0FEFFF712FEFAE700BF43
:10E5300074E103006DD60200FC3800201F85EB510A
:10E54000D4D203009CD20300C8E7030061E10200BB
:10E55000ECE70300DC380020982A0020D4E6030012
:10E5600010390020BC390020643C0020683C0020A9
:10E5700000B583B00190009101980CF081FF00BFBD
:10E5800003B05DF804FB84B003900291019200BFD8
:10E5900004B0704730B589B00AF028FF0790079B98
:10E5A000002B0CD000238DF80430079B02AC1D46D5
:10E5B0000FCD0FC42B68236007980AF03BFF0AF0C9
:10E5C00059FF0346002B14BF01230023DBB283F065
:10E5D0000103DBB203F00103DBB2184609B030BD22
:10E5E00000B585B001900091019B1B7D03F00F03E6
:10E5F000DBB2022B39D10023039333E0019A039B52
:10E6000013441D331B78172B23D1039B0133019A2D
:10E6100013445B7FFF2B1CD1039B0233019A1344ED
:10E620005B7FFB2B15D1039B0333019A13445B7F64
:10E63000CD2B0ED10F4B1B68002B0AD00D4B1B6846
:10E64000019A02F11D01039A04320A441421104672
:10E650009847019A039B13441D331B780133039A97
:10E6600013440393039B0A2BC8DD00BF05B05DF87C
:10E6700004FB00BF143F002008B5044B1B78002B9F
:10E6800001D10AF08BFE0123184608BD103F00207F
:10E6900000B583B0104B1B6800930CF05BFC0620A8
:10E6A0000BF0C2F99DF8033018460BF029FC0190DD
:10E6B00001980CF0D1FF09F083FC08480AF01CFE19
:10E6C00009F0C8F806480BF0FDF90346054A136047
:10E6D00000BF03B05DF804FBF8E7030095E5020016
:10E6E00079E602000C3F002000B583B00190074A94
:10E6F00004214FF4C0400BF07FFCFFF7C9FF044A30
:10E70000019B136000BF03B05DF804FBBD9F0300D5
:10E71000143F002008B50BF0BDF909F077FC0A485A
:10E720000AF022FE4FF48073084A0949094809F0AB
:10E7300099F8084809F0F2F8074B1B6818460BF0E7
:10E74000F3F900BF08BD00BFE1E50200703D002005
:10E7500087E50200703E00200C3F002000B585B028
:10E7600001900B46ADF80230BDF802300533194672
:10E77000174809F0FCF80390039B002B23D0039B60
:10E7800011330293BDF80230DBB20333DAB2029BDD
:10E790001A70029BFF225A70029BFB229A70029B06
:10E7A000CD22DA70029B0433BDF80220019918468D
:10E7B0000EF05DF9039B01221A710399044809F0D8
:10E7C00022F9002300E00123184605B05DF804FBA0
:10E7D000703E002000B585B00190019B002B0AD04F
:10E7E000074B43F001030393019B9B010293039B9F
:10E7F0000298984700E000BF05B05DF804FB00BF39
:10E80000F0E8030082B001900B468DF803309DF8CC
:10E810000320019B1344184602B0704782B00346A0
:10E820008DF807309DF80730012202FA03F31846ED
:10E8300002B0704700B583B003468DF807309DF8ED
:10E84000073019460348FDF7DCFB0346184603B0C2
:10E850005DF804FBFFFF010000B583B00190019B50
:10E86000002B0AD04FF47A70FFF7B4FF019B013BF5
:10E870000193019B002BF5D100E000BF03B05DF8D0
:10E8800004FB000000B589B001900B468DF8033001
:10E890009DF80330002B1CD0204A04AB12681146AF
:10E8A00019800233120C1A7003238DF8113004AB57
:10E8B000002219460198FCF745FE0790079B059337
:10E8C000059B002B21D0164A59210598F8F712FF15
:10E8D0001BE0144A03AB1268114619800233120C74
:10E8E0001A7003238DF80D3003AB002219460198EE
:10E8F000FCF728FE0790079B0693069B002B04D08D
:10E90000074A60210698F8F7F5FE01210198FCF707
:10E9100093FE00BF09B05DF804FB00BFA0E8030050
:10E920001CE80300A4E8030000B587B001900F4A7B
:10E9300003AB1268114619800233120C1A7003AB34
:10E9400019460198FCF722FD0590059B0493049B52
:10E95000002B04D0064A6A210498F8F7CBFE0198F0
:10E96000FCF77CFD00BF07B05DF804FBA8E80300DE
:10E970001CE8030010B598B0039002910192009337
:10E98000AC4AAD4BD31ADB081B0443F00303AB497D
:10E990001846F8F7E7F901210298FFF773FF002105
:10E9A0000198FFF76FFF0098FFF7BEFF1A98FFF777
:10E9B000BBFF0398FFF7B8FF0A20FFF74DFF0121C7
:10E9C0000220FCF77DFDFEF7E1F81790994A9A4B7B
:10E9D000D31ADB081B0443F00303179A984918461F
:10E9E000F8F7CEF90298FCF7C9FE16900198FCF7EB
:10E9F000C5FE15909348FDF781FA1790179B149365
:10EA0000149B002B04D0904A88211498F8F772FECA
:10EA10008E48FDF7A9F91790179B1393139B002BB2
:10EA200004D0894A8A211398F8F764FE8848FDF7D4
:10EA30009BF91790179B1293129B002B04D0824ACC
:10EA40008C211298F8F756FE8248FDF78DF9179041
:10EA5000179B1193119B002B04D07B4A8E21119898
:10EA6000F8F748FE7C48FDF77FF91790179B109345
:10EA7000109B002B04D0744A90211098F8F73AFEAE
:10EA8000704B1B781846FFF7D5FE704B1B78184665
:10EA9000FFF7C4FE04466E4B1B781846FFF7BEFE18
:10EAA00003461C436B4B1B781846FFF7B7FE034623
:10EAB0001C43694B1B781846FFF7B0FE03462343FF
:10EAC000604A127811461846FDF7E3FA009BDBB264
:10EAD0008DF81C30FF238DF81D30FF238DF81E307C
:10EAE000FF238DF81F3007238DF8203004238DF885
:10EAF000213000238DF8223043F69823ADF82430DE
:10EB000000238DF8263001238DF8273007AB002233
:10EB100019465248FDF73EFE0F900F9B002B04D084
:10EB2000494AA9210F98F8F7E5FD4D4B1B7843F0B2
:10EB30000103DAB24A4B1A701A9BDBB28DF810301F
:10EB4000FF238DF81130FF238DF81230FF238DF84D
:10EB5000133007238DF8143004238DF8153000236B
:10EB60008DF8163043F69823ADF8183000238DF851
:10EB70001A3001238DF81B3004AB002219463948A6
:10EB8000FDF708FE0E900E9B002B04D02E4ABC21F0
:10EB90000E98F8F7AFFD324B1B7843F00203DAB260
:10EBA0002F4B1A702D4B1B6808211846FFF72AFEC1
:10EBB0000D902C4B1B6804211846FFF723FE0C9088
:10EBC000224B1B780D9A16991846FDF727F9204B12
:10EBD0001B780C9A16991846FDF720F91F4B1B68F5
:10EBE00004211846FFF70EFE0B901E4B1B680821F0
:10EBF0001846FFF707FE0A90164B1B780B9A1599DB
:10EC00001846FDF70BF9144B1B780A9A159918460C
:10EC1000FDF704F90123012213491048FDF7A4FE72
:10EC20000123012211490F48FDF79EFE00BF18B0D5
:10EC300010BD00BFD4D203009CD20300ACE8030097
:10EC4000BCE803002C2B00201CE803002D2B002027
:10EC50002E2B00202F2B0020302B00201C2B0020DF
:10EC6000193F0020242B0020FCE703000CE80300E0
:10EC700000B583B000238DF807301B4B1B78DBB247
:10EC8000002B2CD100211020FCF71AFC00210F20B2
:10EC9000FCF716FC0F20FFF7DFFD1920FCF754FDF1
:10ECA00003468DF8073002E00120FFF7D5FD19205B
:10ECB000FCF74AFD03461A469DF807309342F3D00D
:10ECC0000120FFF7C9FD094B1B781846FDF76CF9C9
:10ECD00000210220FCF7F4FB034B01221A7000BF55
:10ECE00003B05DF804FB00BF183F00202C2B002070
:10ECF00008B5184B1B78DBB2012B28D1012102206B
:10ED0000FCF7DEFB144B1B781846FDF7C0F8134BDD
:10ED10001B781846FDF7BBF81620FFF79DFD104B3A
:10ED20001B781846FDF7B3F80E4B1B781846FDF715
:10ED3000AEF81620FFF790FD01211020FCF7C0FB74
:10ED400001210F20FCF7BCFB024B00221A7000BF10
:10ED500008BD00BF183F00202D2B0020302B0020C5
:10ED60002E2B00202F2B002082B003460A46ADF840
:10ED700006301346ADF80430054ABDF8063013805E
:10ED8000044ABDF80430138000BF02B0704700BFD2
:10ED90001C3F0020203F002000B585B0FCF7EAFAB8
:10EDA000034683F00103DBB2002B0DD0FCF790FA91
:10EDB0000390039B0293029B002B05D0094A40F26B
:10EDC00005110298F8F796FC0F23009310231A22DE
:10EDD00019210220FFF7CEFD0023184605B05DF88B
:10EDE00004FB00BF1CE8030010B487B0039002913D
:10EDF0000192002305930023ADF812306F4B1B687E
:10EE0000039A9A420EDA3223ADF81230029BBDF813
:10EE100012201A80BDF8123003F5FA639AB2019BF2
:10EE20001A80C6E0654B9B68039A9A4202DA002377
:10EE3000059388E0614B1B69039A9A4202DA012329
:10EE4000059380E05D4B9B69039A9A4202DA0223A4
:10EE5000059378E0594B1B6A039A9A4202DA03231E
:10EE6000059370E0554B9B6A039A9A4202DA042399
:10EE7000059368E0514B1B6B039A9A4202DA052313
:10EE8000059360E04D4B9B6B039A9A4202DA06238E
:10EE9000059358E0494B1B6C039A9A4202DA072308
:10EEA000059350E0454B9B6C039A9A4202DA082383
:10EEB000059348E0414B1B6D039A9A4202DA0923FD
:10EEC000059340E03D4B9B6D039A9A4202DA0A2378
:10EED000059338E0394B1B6E039A9A4202DA0B23F2
:10EEE000059330E0354B9B6E039A9A4202DA0C236D
:10EEF000059328E0314B1B6F039A9A4202DA0D23E7
:10EF0000059320E02D4B9B6F039A9A4202DA0E2361
:10EF1000059318E0294BD3F88030039A9A4202DA1D
:10EF20000F2305930FE04FF4FA53ADF81230029B14
:10EF3000BDF812201A80BDF8123003F5FA639AB2B8
:10EF4000019B1A8035E01D4A059BDB0013445B687A
:10EF50009AB21A49059B51F833300399C91A059B97
:10EF600001331648DB0003445868144C059BDB0052
:10EF700023445B68C31A03FB01F1059B01330F486F
:10EF800050F833000D4C059B54F83330C31A91FBF5
:10EF9000F3F39BB21344ADF81230029BBDF812207C
:10EFA0001A80BDF8123003F5FA639AB2019B1A80F9
:10EFB00000BF07B05DF8044B704700BF342B002042
:10EFC00000B585B001900023ADF80E300023ADF8F8
:10EFD0000C30194A194BD31ADB081B0443F0030306
:10EFE000019A17491846F7F7CBFE019BB3F57A7FD4
:10EFF00002DC019B002B01DA012318E0019B002BAE
:10F0000003D1FFF775FE002311E003AA0DF10E03F3
:10F0100019460198FFF7E8FEBDF80E30BDF80C2048
:10F0200011461846FFF7A0FEFFF722FE0023184600
:10F0300005B05DF804FB00BFD4D203009CD20300EE
:10F04000D4E8030000231846704700231846704791
:10F0500010B58CB00446084611461A462346ADF852
:10F060000E300346ADF80C300B468DF80B301346CE
:10F07000ADF8083000238DF82B3001230B930023CB
:10F08000049305AB00221A605A609A60DA6000238C
:10F090000993BDF80830803B0A2B00F22D8201A2B3
:10F0A00052F823F0D1F00200F9F402005FF10200FF
:10F0B000F9F40200D9F10200F9F4020083F202002F
:10F0C000F9F4020011F30200F9F4020013F4020053
:10F0D0009DF83830082B3FD1109B0A3308220F9936
:10F0E00018460DF0C4FC00230993099B5A1C099291
:10F0F0000CAA1344002203F8202C099B5A1C0992E5
:10F100000CAA1344812203F8202C099B5A1C099253
:10F110000CAA1344012203F8202C099B5A1C0992C3
:10F120000CAA1344002203F8202C109B0A3301225E
:10F130000821184602F0EEFB099BDBB29DF80B108C
:10F14000BDF80E00019304AB00930023002202F0EF
:10F1500085FA00230B93D0E102230B93CDE19DF8B8
:10F160003830002B35D100230993099B5A1C099292
:10F170000CAA1344002203F8202C099B5A1C099264
:10F180000CAA1344832203F8202C099B5A1C0992D1
:10F190000CAA1344082203F8202C099B04AAD018B7
:10F1A000109B0A33082219460DF061FC099B0833B5
:10F1B0000993099BDBB29DF80B10BDF80E0001937B
:10F1C00004AB00930023002202F048FA00230B93C3
:10F1D00093E102230B9390E19DF83830022B4DD13F
:10F1E0000F9B1B789AB2109B5A80109B5B881B0266
:10F1F0009AB2109B5A80109B5A880F9B01331B7840
:10F200009BB213439AB2109B5A8000230993099B27
:10F210005A1C09920CAA1344002203F8202C099BC3
:10F220005A1C09920CAA1344852203F8202C099B2E
:10F230005A1C09920CAA1344012203F8202C099BA2
:10F240005A1C09920CAA1344002203F8202C109B8C
:10F25000023301220221184602F05CFB099BDBB25B
:10F260009DF80B10BDF80E00019304AB0093002332
:10F27000002202F0F3F900230B933EE102230B93EB
:10F280003BE19DF83830002B3FD100230993099BC7
:10F290005A1C09920CAA1344002203F8202C099B43
:10F2A0005A1C09920CAA1344872203F8202C099BAC
:10F2B0005A1C09920CAA1344022203F8202C109B1A
:10F2C0005B881B0A99B2099B5A1C0992CAB20CA905
:10F2D0000B4403F8202C109B5988099B5A1C099257
:10F2E000CAB20CA90B4403F8202C099BDBB29DF891
:10F2F0000B10BDF80E00019304AB00930023002215
:10F3000002F0ACF900230B93F7E002230B93F4E037
:10F310009DF83830062B79D10F9B1B789AB2109B41
:10F320009A80109B9B881B029AB2109B9A80109B1C
:10F330009A880F9B01331B789BB213439AB2109BA0
:10F340009A800F9B02331B789AB2109BDA80109B35
:10F35000DB881B029AB2109BDA80109BDA880F9B25
:10F3600003331B789BB213439AB2109BDA800F9B36
:10F3700004331B789AB2109B1A81109B1B891B02C5
:10F380009AB2109B1A81109B1A890F9B05331B7828
:10F390009BB213439AB2109B1A8100230993099BD5
:10F3A0005A1C09920CAA1344002203F8202C099B32
:10F3B0005A1C09920CAA1344892203F8202C099B99
:10F3C0005A1C09920CAA1344012203F8202C099B11
:10F3D0005A1C09920CAA1344002203F8202C109BFB
:10F3E000043301220621184602F094FA099BDBB28D
:10F3F0009DF80B10BDF80E00019304AB00930023A1
:10F40000002202F02BF900230B9376E002230B93EA
:10F4100073E09DF83830002B6BD100230993099BD2
:10F420005A1C09920CAA1344002203F8202C099BB1
:10F430005A1C09920CAA13448B2203F8202C099B16
:10F440005A1C09920CAA1344062203F8202C109B84
:10F450009B881B0A99B2099B5A1C0992CAB20CA933
:10F460000B4403F8202C109B9988099B5A1C099285
:10F47000CAB20CA90B4403F8202C109BDB881B0A92
:10F4800099B2099B5A1C0992CAB20CA90B4403F801
:10F49000202C109BD988099B5A1C0992CAB20CA92E
:10F4A0000B4403F8202C109B1B891B0A99B2099B63
:10F4B0005A1C0992CAB20CA90B4403F8202C109BC9
:10F4C0001989099B5A1C0992CAB20CA90B4403F86A
:10F4D000202C099BDBB29DF80B10BDF80E000193A8
:10F4E00004AB00930023002202F0B8F800230B9332
:10F4F00003E002230B9300E000BF0B9B18460CB007
:10F5000010BD00BF10B584B0034600928DF80730DF
:10F510000B468DF8063000230393009B1B8845F6AD
:10F520005A22934201D001232CE00023039325E0CB
:10F53000009A039BCC2101FB03F3134412331B8875
:10F5400045F65A22934216D1009A039BCC2101FB27
:10F5500003F3134414331C88039BCC2202FB03F3F4
:10F560001033009A134402339DF806109DF80700EB
:10F57000224601F093FF039B01330393039B002B6F
:10F58000D6DD0023184604B010BD30B591B0044656
:10F59000084611461A462346ADF816300346ADF824
:10F5A00014300B468DF8133013468DF812300023BB
:10F5B0000C9300230F9300238DF83B300023089316
:10F5C00009AB00221A605A600C230793159B1B8815
:10F5D00045F65A22934201D002239BE000230D936B
:10F5E0000FE0159A0D9B5B0013449B88BDF8142017
:10F5F0009A4203D101238DF83B3005E00D9B013386
:10F600000D930D9B022BECDD9DF83B30002B10D1B0
:10F61000BDF814304FF6F072934204D0BDF81430A8
:10F62000B3F5504F03D101238DF83B3001E00123A6
:10F6300070E09DF81230002B0BD0159B03F10A00EF
:10F6400008AA07AB009313460C22149903F092FC0E
:10F6500005E008AB0C22149918460DF008FA9DF845
:10F660002030ADF82E30BDF82E301B021AB29DF8B6
:10F6700021301BB213431BB2ADF82E309DF822305F
:10F680008DF82D3008AB0333BDF82E509DF8134094
:10F69000BDF81410BDF81600159A029201939DF85A
:10F6A0002D3000932B462246FFF7D2FC0C900C9B8A
:10F6B000012B2ED100230F9328E0159A0F9BCC210C
:10F6C00001FB03F3134412331B8845F65A2293427D
:10F6D00019D1159A0F9BCC2101FB03F3134414336A
:10F6E0001C880F9BCC2202FB03F31033159A1344A2
:10F6F000023308AA9DF81310BDF8160000931346B4
:10F70000224601F00DFF0F9B01330F930F9B002B3F
:10F71000D3DD0023184611B030BD00B585B00346D7
:10F7200000918DF8073000230393009B1B8845F65A
:10F730005A2293422AD10023039323E0009A039B89
:10F74000CC2101FB03F3134412331B8845F65A22E4
:10F75000934214D1009A039BCC2101FB03F3134481
:10F7600014331988039BCC2202FB03F31033009A55
:10F7700013449A1C9DF80730184601F013FF039BB1
:10F7800001330393039B002BD8DD00E000BF05B0DD
:10F790005DF804FB10B58CB00446084611461A46C5
:10F7A0002346ADF80E300346ADF80C300B46ADF8ED
:10F7B0000A3013468DF8093000238DF82B304FF6B0
:10F7C000FF73ADF8283001230B930023049305AB9E
:10F7D00000221A605A609A60DA6000230993BDF82B
:10F7E0000C304FF6F072934207D0BDF80C304FF654
:10F7F000FF72934201D0022303E2BDF80A300B2BC3
:10F8000000F2FD8101A252F823F000BF3DF8020092
:10F81000FFFB02005BF90200FFFB0200E7F90200B8
:10F82000FFFB020073FA0200FFFB0200EBFA02008A
:10F83000FFFB02008BFB0200DDFB02009DF809309C
:10F84000022B40F087800E9B1B78ADF82830BDF866
:10F8500028301B02ADF828300E9B01331B789AB27A
:10F86000BDF828301343ADF82830BDF82830002B00
:10F870003FD0BDF82830EF2B3BD80F9BBDF8282098
:10F880009A8200230993099B5A1C09920CAA1344DB
:10F89000002203F8202C099B5A1C09920CAA13443D
:10F8A000012203F8202C099B5A1C09920CAA13442C
:10F8B000012203F8202C099B5A1C09920CAA13441C
:10F8C000002203F8202C0F9B14330122022118463A
:10F8D00002F020F8099BDBB2BDF80E00019304ABE7
:10F8E000009300230022FF2101F0B8FE00230B93B8
:10F8F00086E100230993099B5A1C09920CAA134420
:10F90000002203F8202C099B5A1C09920CAA1344CC
:10F91000012203F8202C099B5A1C09920CAA1344BB
:10F92000012203F8202C099B5A1C09920CAA1344AB
:10F93000012203F8202C099BDBB2BDF80E000193D5
:10F9400004AB009300230022FF2101F087FE022375
:10F950000B9355E102230B9352E19DF80930002BE4
:10F960003ED100230993099B5A1C09920CAA134407
:10F97000002203F8202C099B5A1C09920CAA13445C
:10F98000032203F8202C099B5A1C09920CAA134449
:10F99000022203F8202C0F9B9B8A1B0A99B2099B19
:10F9A0005A1C0992CAB20CA90B4403F8202C0F9BD5
:10F9B000998A099B5A1C0992CAB20CA90B4403F8F4
:10F9C000202C099BDBB2BDF80E00019304AB009321
:10F9D00000230022FF2101F041FE00230B930FE1E1
:10F9E00002230B930CE19DF80930082B3ED10F9BAD
:10F9F0000B3308220E9918460DF039F800230993AD
:10FA0000099B5A1C09920CAA1344002203F8202CCB
:10FA1000099B5A1C09920CAA1344052203F8202CB6
:10FA2000099B5A1C09920CAA1344012203F8202CAA
:10FA3000099B5A1C09920CAA1344002203F8202C9B
:10FA40000F9B0B3301220821184601F063FF099B2D
:10FA5000DBB2BDF80E00019304AB0093002300223B
:10FA6000FF2101F0FBFD00230B93C9E002230B9360
:10FA7000C6E09DF80930002B34D100230993099B7F
:10FA80005A1C09920CAA1344002203F8202C099B4B
:10FA90005A1C09920CAA1344072203F8202C099B34
:10FAA0005A1C09920CAA1344082203F8202C099B23
:10FAB00004AAD0180F9B0B33082219460CF0D7FF6D
:10FAC000099B08330993099BDBB2BDF80E00019333
:10FAD00004AB009300230022FF2101F0BFFD0023AF
:10FAE0000B938DE002230B938AE09DF80930002BE5
:10FAF00048D100230993099B5A1C09920CAA13446C
:10FB0000002203F8202C099B5A1C09920CAA1344CA
:10FB1000092203F8202C099B5A1C09920CAA1344B1
:10FB2000042203F8202C099B5A1C09920CAA1344A6
:10FB3000002203F8202C099B5A1C09920CAA13449A
:10FB4000022203F8202C099B5A1C09920CAA134488
:10FB5000002203F8202C099B5A1C09920CAA13447A
:10FB6000002203F8202C099BDBB2BDF80E000193A4
:10FB700004AB009300230022FF2101F06FFD00235E
:10FB80000B933DE002230B933AE09DF80930012BE3
:10FB900021D10E9B1B78002B0AD10F9B00229A7259
:10FBA0000F9B0A3301220121184601F0B3FE0DE03C
:10FBB0000E9B1B78012B09D10F9B01229A720F9B80
:10FBC0000A3301220121184601F0A4FE01F0D6FEFD
:10FBD00000230B9314E002230B9311E09DF80930EE
:10FBE000002B03D09DF80930062B05D1FEF7CEF986
:10FBF00000230B9300BF03E002230B9300E000BF40
:10FC00000B9B18460CB010BD00B585B001900023C9
:10FC10008DF80F3000238DF80E30F022FF212D4893
:10FC20000CF04EFF019B9B8845F65A22934217D059
:10FC3000019B45F65A229A80019800F0EBFA019B4D
:10FC40009B7A8DF80E309DF80E30224A01991846A5
:10FC500001F0E4FC0122F821019801F05BFE0AE0CA
:10FC6000019B9B7A8DF80E309DF80E30194A019950
:10FC7000184601F0D3FC00238DF80F3021E09DF8E9
:10FC80000F30019ADE2101FB03F3134416331B8866
:10FC900045F65A2293420FD19DF80F30DE2202FB27
:10FCA00003F31033019A13449A1D9DF80F109DF829
:10FCB0000E301846FFF726FC9DF80F3001338DF803
:10FCC0000F309DF80F30002BD9D00023184605B017
:10FCD0005DF804FBBC2B002030B593B0039002917B
:10FCE00000238DF83B3000238DF83A3000238DF847
:10FCF000473000238DF8463001238DF8453000232E
:10FD00000D9300230C93FF23ADF82E30FF23ADF8A5
:10FD100042300023059306AB00221A605A609A60B5
:10FD2000DA6014230493039B1B788DF83A30039B0D
:10FD30005B788DF847309DF8473003F00F038DF85E
:10FD400046309DF847301B098DF847309DF83A3012
:10FD5000DB2B08D19DF8463003F00203002B02D1C3
:10FD600000238DF845309DF84530002B29D0029BAB
:10FD700003F10B0005AA04AB009313461422039968
:10FD800003F0F8F89DF814308DF83A309DF81530EE
:10FD90008DF847309DF8473003F00F038DF846305B
:10FDA0009DF847301B098DF847309DF83A30DB2B22
:10FDB00005D19DF8463003F00203002B07D1012343
:10FDC000EBE005AB1422039918460CF050FE9DF8A9
:10FDD00047300A2B01D90123DFE09DF81730ADF839
:10FDE0002E30BDF82E301B021AB29DF818301BB20F
:10FDF00013431BB2ADF82E30BDF82E30EF2B01D9D6
:10FE00000123CAE09DF81930ADF84230BDF8423008
:10FE10001B021AB29DF81A301BB213431BB2ADF885
:10FE200042309DF816300C93BDF82E305C4AD35CFE
:10FE30000D930D9BFF2B06D1BDF82E309DF81610AB
:10FE4000574AD15418E00D9BEF2B09DD0C9B0F2B6B
:10FE500006DCBDF82E309DF81610514AD1540BE047
:10FE60000D9A0C9B9A4201DB022396E0BDF82E30DE
:10FE70009DF816104A4AD154029B9B8ABDF8422035
:10FE80009A4203D14FF6F073ADF842309DF81B3023
:10FE90008DF83B309DF83B30FF2B24D19DF81C3072
:10FEA000ADF82C30BDF82C301B021AB29DF81D3075
:10FEB0001BB213431BB2ADF82C309DF81E308DF8E9
:10FEC0002B3005AB0B339DF82B50BDF82C40BDF803
:10FED0004210BDF82E00029A019200932B46224652
:10FEE000FFF758FC59E09DF83B30002B2AD19DF8D4
:10FEF0003B30029ADE2101FB03F3134416331B88C7
:10FF000045F65A2293421DD19DF8463003F0010375
:10FF1000DDB205AB08339DF83B20DE2101FB02F288
:10FF2000103202990A4406329DF83B40BDF8421057
:10FF3000BDF82E00019200932B462246FFF725FBC9
:10FF400003462AE09DF83B30FE2B25D100230F937A
:10FF50001DE00F9BDCB29DF8463003F00103DDB2DB
:10FF600005AB08330F9ADE2101FB02F21032029931
:10FF70000A440632BDF84210BDF82E0001920093EB
:10FF80002B462246FFF701FB0F9B01330F930F9B7C
:10FF9000002BDEDD002300E00123184613B030BD46
:10FFA000BC2B002000B5A7B005900491039200235C
:10FFB0008DF88F3000238DF88E3000238DF8973028
:10FFC00000238DF8963001238DF89530002322937D
:10FFD00000232193FF23ADF8823000231B931CAB39
:10FFE00000221A605A609A60DA600023079308AB17
:10FFF0004C22002118460CF063FD14230693059B48
:020000023000CC
:100000001B788DF88E30059B5B788DF897309DF8C6
:10001000973003F00F038DF896309DF897301B0949
:100020008DF897309DF88E30DB2B08D19DF89630F7
:1000300003F00203002B02D100238DF895309DF8C8
:100040009530002B29D0049B03F10B001BAA06ABB3
:10005000009313461422059902F08CFF9DF86C3032
:100060008DF88E309DF86D308DF897309DF8973073
:1000700003F00F038DF896309DF897301B098DF82B
:1000800097309DF88E30DB2B05D19DF8963003F02C
:100090000203002B07D101237EE01BAB142205993C
:1000A00018460CF0E4FC9DF897300A2B01D9012387
:1000B00072E09DF86F30ADF88230BDF882301B02DF
:1000C0001AB29DF870301BB213431BB2ADF88230E8
:1000D000BDF88230EF2B01D901235DE09DF86E3031
:1000E0002193BDF882302E4AD35C2293049B9B8AD5
:1000F000BDF882209A4201D102234DE0229BFF2BC2
:100100000BD0229BEF2B02DD219B0F2B05DD229ACA
:10011000219B9A4201DB02233EE09DF8963023F0BA
:1001200002038DF896309DF897301B018DF89730BB
:100130009DF897209DF8963013438DF897309DF8E1
:1001400097308DF86D301BAB1422194603980CF0D4
:100150008EFC07AB134918460CF063FC0023249374
:1001600012E007AB18460CF000FD03461A4607AB39
:100170009818249B039A13441B781A460A490CF0DA
:1001800050FC249B01332493249B132BE9DD07AB04
:100190001846FDF735FF0023184627B05DF804FB2D
:1001A000BC2B0020F8E8030000E9030000B585B08F
:1001B000019000238DF80F3000238DF80F3020E0E0
:1001C0009DF80F30019ADE2101FB03F3134416332F
:1001D0001B8845F65A2293420ED19DF80F30DE223D
:1001E00002FB03F31033019A13449A1D9DF80F305C
:1001F00011461846FFF791FA9DF80F3001338DF83C
:100200000F309DF80F30002BDAD000BF05B05DF83D
:1002100004FB000000B587B0019000230593019B0B
:100220000022DA80019B00229A72019BFF229A82AF
:10023000019B0B330822434918460CF018FC00239D
:10024000059373E0019A059BDE2101FB03F3134440
:10025000163345F65A221A80019A059BDE2101FBCE
:1002600003F3134418334FF6FF721A80059BDE2206
:1002700002FB03F31833019A13440833082232496E
:1002800018460CF0F4FB0023049311E00199059A41
:100290001346DB009B1A1B019B1A049A1344083374
:1002A0005B000B444FF6FF725A81049B01330493A9
:1002B000049B022BEADD0023039331E0019A0399AA
:1002C000059BCC2000FB01F1DE2000FB03F30B4477
:1002D0001344283345F65A221A80019A0399059B44
:1002E000CC2000FB01F1DE2000FB03F30B441344A0
:1002F0002A3301221A80039BCC2202FB03F2059BC6
:10030000DE2101FB03F313442033019A13440C3321
:10031000C822FF2118460CF0D3FB039B0133039343
:10032000039B002BCADD059B01330593059B002B26
:1003300088DD019B01225A850023184607B05DF82D
:1003400004FB00BF08E9030010E9030000B585B015
:100350000190019B8DF80F30084B1B889BB2013335
:100360009AB2064B1A80064B00224FF4A47118462D
:100370000CF0B6F900BF05B05DF804FB223F002089
:10038000283F002008B5074A002107480CF078F9FB
:10039000064B00224FF4A47118460CF0A1F900BFDF
:1003A00008BD00BF4D03030018E90300283F0020EB
:1003B00000B583B0034600928DF807300B468DF8E8
:1003C0000630009B0433144A1360FEF7E5FC124B21
:1003D0001B681B889BB2002B03D10020FEF7F0FDA9
:1003E00010E00D4B1B681B889BB2012B07D10A4BF9
:1003F0001B685B889BB21846FEF7E2FD02E0002016
:10040000FEF7DEFDFEF71EFEFFF7BCFF00231846D9
:1004100003B05DF804FB00BF483F002000B591B079
:10042000049203930346ADF816300B468DF8153051
:1004300001230F930023079308AB00221A605A6030
:100440000C230D93049B1B78ADF83230BDF832308D
:100450001B021AB2049B01331B781BB213431BB25D
:10046000ADF83230049B9B788DF831300023ADF825
:100470003A300023ADF82E300023ADF82C300023A5
:10048000ADF82A3000238DF82930BDF83230A3F5BD
:100490008073112B00F2F88601A252F823F000BFFE
:1004A000E904030089120300891203008912030082
:1004B00089120300891203005F05030089120300FB
:1004C0003706030089120300730803008912030032
:1004D000A30A030089120300330D030089120300ED
:1004E000930F0300D91003009DF83130012B32D156
:1004F00000230D930D9B5A1C0D9210AA1344012248
:1005000003F8242C0D9B5A1C0D9210AA13440122AF
:1005100003F8242C0D9B5A1C0D9210AA134401229F
:1005200003F8242C0D9B5A1C0D9210AA1344002290
:1005300003F8242C0D9BDBB29DF81510BDF81600B6
:10054000019307AB00930023002201F087F80023FA
:100550000F9300F09ABE02230F9300F096BE9DF811
:100560003130002B63D10023ADF83A3014E0744BE6
:100570001968BDF83A2013465B0013445B000B4436
:1005800006331B889BB24FF6FF72934209D0BDF829
:100590003A300133ADF83A30BDF83A30132BE6D992
:1005A00000E000BF00230D930D9B5A1C0D9210AA72
:1005B0001344012203F8242C0D9B5A1C0D9210AAFF
:1005C0001344072203F8242C0D9B5A1C0D9210AAE9
:1005D0001344032203F8242C0D9B5A1C0D9210AADD
:1005E0001344002203F8242C0D9B5A1C0D92BDF8D5
:1005F0003A20D2B210A90B4403F8242C0D9B5A1CAC
:100600000D9210AA1344142203F8242C0D9BDBB284
:100610009DF81510BDF81600019307AB0093002359
:10062000002201F01BF800230F9300F02EBE0223DE
:100630000F9300F02ABE9DF83130012B40F0158158
:10064000049B03331B78132B32D900230D930D9B8E
:100650005A1C0D9210AA1344012203F8242C0D9B5E
:100660005A1C0D9210AA1344092203F8242C0D9B46
:100670005A1C0D9210AA1344012203F8242C0D9B3E
:100680005A1C0D9210AA1344012203F8242C0D9B2E
:10069000DBB29DF81510BDF81600019307AB00936F
:1006A0000023002200F0DAFF00230F9300F0EDBDDD
:1006B000234B1A68049B03331B7819460B465B00D7
:1006C0000B445B00134406331B88ADF82E30BDF895
:1006D0002E304FF6FF72934234D100230D930D9BC1
:1006E0005A1C0D9210AA1344012203F8242C0D9BCE
:1006F0005A1C0D9210AA1344092203F8242C0D9BB6
:100700005A1C0D9210AA1344012203F8242C0D9BAD
:100710005A1C0D9210AA1344022203F8242C0D9B9C
:10072000DBB29DF81510BDF81600019307AB0093DE
:100730000023002200F092FF00230F9300F0A5BDDC
:10074000483F00209E4B1A68049B03331B781946D0
:100750000B465B000B445B00134408331B88ADF869
:100760002C30974B1A68049B03331B7819460B46B1
:100770005B000B445B0013440A331B88ADF82A303E
:1007800000230D930D9B5A1C0D9210AA13440122B5
:1007900003F8242C0D9B5A1C0D9210AA1344092215
:1007A00003F8242C0D9B5A1C0D9210AA1344072207
:1007B00003F8242C0D9B5A1C0D9210AA13440022FE
:1007C00003F8242CBDF82E301B0A99B20D9B5A1C3D
:1007D0000D92CAB210A90B4403F8242C0D9B5A1C8D
:1007E0000D92BDF82E20D2B210A90B4403F8242C90
:1007F000BDF82C301B0A99B20D9B5A1C0D92CAB23F
:1008000010A90B4403F8242C0D9B5A1C0D92BDF823
:100810002C20D2B210A90B4403F8242CBDF82A30A6
:100820001B0A99B20D9B5A1C0D92CAB210A90B4417
:1008300003F8242C0D9B5A1C0D92BDF82A20D2B22D
:1008400010A90B4403F8242C0D9BDBB29DF8151066
:10085000BDF81600019307AB00930023002200F0BF
:10086000FDFE00230F9300F010BD02230F9300F054
:100870000CBD9DF83130022B40F01081049B0333F6
:100880001B78ADF82E30BDF82E301B02ADF82E309F
:10089000049B04331B789AB2BDF82E301343ADF895
:1008A0002E30BDF82E304FF6FF72934232D1002326
:1008B0000D930D9B5A1C0D9210AA1344012203F8AC
:1008C000242C0D9B5A1C0D9210AA13440B2203F8E2
:1008D000242C0D9B5A1C0D9210AA1344012203F8DC
:1008E000242C0D9B5A1C0D9210AA1344012203F8CC
:1008F000242C0D9BDBB29DF81510BDF8160001935A
:1009000007AB00930023002200F0A8FE00230F9302
:1009100000F0BBBC0023ADF83A3014E0284B196856
:10092000BDF83A2013465B0013445B000B440633CA
:100930001B889BB2BDF82E209A4209D0BDF83A30F0
:100940000133ADF83A30BDF83A30132BE6D900E068
:1009500000BFBDF83A30142B34D100230D930D9B0A
:100960005A1C0D9210AA1344012203F8242C0D9B4B
:100970005A1C0D9210AA13440B2203F8242C0D9B31
:100980005A1C0D9210AA1344012203F8242C0D9B2B
:100990005A1C0D9210AA1344022203F8242C0D9B1A
:1009A000DBB29DF81510BDF81600019307AB00935C
:1009B0000023002200F052FE00230F9300F065BCDC
:1009C000483F0020904B1968BDF83A2013465B0061
:1009D00013445B000B44981D8B4B1968BDF83A20FB
:1009E00013465B0013445B000B440633991DBDF8AE
:1009F0003A30C3F113031A4613465B0013445B00FD
:100A00001A460CF034F8804B1B684FF6FF72A3F8BF
:100A100078207D4B1B684FF6FF72A3F87A207A4B43
:100A20001B684FF6FF72A3F87C2000230D930D9BEB
:100A30005A1C0D9210AA1344012203F8242C0D9B7A
:100A40005A1C0D9210AA13440B2203F8242C0D9B60
:100A50005A1C0D9210AA1344012203F8242C0D9B5A
:100A60005A1C0D9210AA1344002203F8242C039B55
:100A700004330122C821184600F04CFF0D9BDBB265
:100A80009DF81510BDF81600019307AB00930023E5
:100A9000002200F0E3FD00230F93F6E302230F93FF
:100AA000F3E39DF83130062B40F04081049B033383
:100AB0001B78ADF82E30BDF82E301B02ADF82E306D
:100AC000049B04331B789AB2BDF82E301343ADF863
:100AD0002E30BDF82E304FF6FF72934231D10023F5
:100AE0000D930D9B5A1C0D9210AA1344012203F87A
:100AF000242C0D9B5A1C0D9210AA13440D2203F8AE
:100B0000242C0D9B5A1C0D9210AA1344012203F8A9
:100B1000242C0D9B5A1C0D9210AA1344012203F899
:100B2000242C0D9BDBB29DF81510BDF81600019327
:100B300007AB00930023002200F090FD00230F93E9
:100B4000A3E30023ADF83A3024E02F4B1968BDF839
:100B50003A2013465B0013445B000B4406331B88AA
:100B60009BB2BDF82E209A4218D0274B1968BDF8C9
:100B70003A2013465B0013445B000B4406331B888A
:100B80009BB24FF6FF72934208D0BDF83A30013362
:100B9000ADF83A30BDF83A30132BD6D9BDF83A301B
:100BA000142B33D100230D930D9B5A1C0D9210AAC8
:100BB0001344012203F8242C0D9B5A1C0D9210AAF9
:100BC00013440D2203F8242C0D9B5A1C0D9210AADD
:100BD0001344012203F8242C0D9B5A1C0D9210AAD9
:100BE0001344022203F8242C0D9BDBB29DF8151050
:100BF000BDF81600019307AB00930023002200F01C
:100C00002DFD00230F9340E3483F0020049B053354
:100C10001B78ADF82C30BDF82C301B02ADF82C3011
:100C2000049B06331B789AB2BDF82C301343ADF801
:100C30002C30049B07331B78ADF82A30BDF82A30DE
:100C40001B02ADF82A30049B08331B789AB2BDF81A
:100C50002A301343ADF82A30884B1968BDF83A2082
:100C600013465B0013445B000B440633BDF82E2093
:100C70001A80824B1968BDF83A2013465B00134472
:100C80005B000B440833BDF82C201A807B4B19689D
:100C9000BDF83A2013465B0013445B000B440A3353
:100CA000BDF82A201A8000230D930D9B5A1C0D922B
:100CB00010AA1344012203F8242C0D9B5A1C0D92F8
:100CC00010AA13440D2203F8242C0D9B5A1C0D92DC
:100CD00010AA1344022203F8242C0D9B5A1C0D92D7
:100CE00010AA1344002203F8242C0D9B5A1C0D92C9
:100CF000BDF83A20D2B210A90B4403F8242C039B70
:100D000004330122C821184600F004FE0D9BDBB21B
:100D10009DF81510BDF81600019307AB0093002352
:100D2000002200F09BFC00230F93AEE202230F93FE
:100D3000ABE29DF83130022B40F02881049B033355
:100D40001B78ADF82E30BDF82E301B02ADF82E30DA
:100D5000049B04331B789AB2BDF82E301343ADF8D0
:100D60002E30BDF82E304FF6FF72934231D1002362
:100D70000D930D9B5A1C0D9210AA1344012203F8E7
:100D8000242C0D9B5A1C0D9210AA13440F2203F819
:100D9000242C0D9B5A1C0D9210AA1344012203F817
:100DA000242C0D9B5A1C0D9210AA1344012203F807
:100DB000242C0D9BDBB29DF81510BDF81600019395
:100DC00007AB00930023002200F048FC00230F93A0
:100DD0005BE20023ADF83A3014E0284B1968BDF807
:100DE0003A2013465B0013445B000B4406331B8818
:100DF0009BB2BDF82E209A4209D0BDF83A3001339B
:100E0000ADF83A30BDF83A30132BE6D900E000BF18
:100E1000BDF83A30142B33D100230D930D9B5A1C8F
:100E20000D9210AA1344012203F8242C0D9B5A1C86
:100E30000D9210AA13440F2203F8242C0D9B5A1C68
:100E40000D9210AA1344012203F8242C0D9B5A1C66
:100E50000D9210AA1344022203F8242C0D9BDBB23E
:100E60009DF81510BDF81600019307AB0093002301
:100E7000002200F0F3FB00230F9306E2483F00201E
:100E800000230D930D9B5A1C0D9210AA13440122AE
:100E900003F8242C0D9B5A1C0D9210AA13440F2208
:100EA00003F8242C0D9B5A1C0D9210AA1344052202
:100EB00003F8242C0D9B5A1C0D9210AA13440022F7
:100EC00003F8242CA84B1968BDF83A2013465B00A0
:100ED00013445B000B4408331B889BB21B0A99B276
:100EE0000D9B5A1C0D92CAB210A90B4403F8242C76
:100EF0009D4B1968BDF83A2013465B0013445B0014
:100F00000B4408331B8899B20D9B5A1C0D92CAB230
:100F100010A90B4403F8242C934B1968BDF83A2010
:100F200013465B0013445B000B440A331B889BB2DF
:100F30001B0A99B20D9B5A1C0D92CAB210A90B4400
:100F400003F8242C884B1968BDF83A2013465B003F
:100F500013445B000B440A331B8899B20D9B5A1C47
:100F60000D92CAB210A90B4403F8242C0D9BDBB2DE
:100F70009DF81510BDF81600019307AB00930023F0
:100F8000002200F06BFB00230F937EE102230F93FE
:100F90007BE19DF83130022B40F09B80049B0333B2
:100FA0001B78ADF82E30BDF82E301B02ADF82E3078
:100FB000049B04331B789AB2BDF82E301343ADF86E
:100FC0002E306A4A6A4BD31ADB081B0443F0030332
:100FD000BDF82E2067491846F5F7D2FEBDF82E3031
:100FE0004FF6FF72934202D102230F934DE100238B
:100FF000ADF83A3014E05C4B1968BDF83A2013465E
:101000005B0013445B000B4406331B889BB2BDF8A6
:101010002E209A4209D0BDF83A300133ADF83A306B
:10102000BDF83A30132BE6D900E000BFBDF83A30E6
:10103000142B02D102230F9327E14B4B1868BDF804
:101040003A20494B196813465B0013445B00034484
:1010500008331B889BB24B80434B1868BDF83A207D
:10106000414B196813465B0013445B0003440A3389
:101070001B889BB28B803C4B1B685B889BB2002B10
:1010800004D0394B1B6801221A8003E0364B1B68E1
:1010900000221A80FDF7D9FF334B1B681B889BB2D7
:1010A000002B03D10020FDF78BFF06E02E4B1B68C1
:1010B0005B889BB21846FDF783FFFDF7C3FF039BD8
:1010C00004330022C821184600F024FC00230F93AB
:1010D000DBE002230F93D8E09DF83130012B04D0E0
:1010E0009DF83130032B40F0CB80049BDB788DF8EA
:1010F00029309DF82930002B22D11B4B1B685B88BF
:101100009BB2B3F57A7F08D2174B1B685B889AB203
:10111000154B1B68643292B25A80134B1B685B8874
:101120009BB2B3F57A7F04D90F4B1B684FF47A72E8
:101130005A800D4B1B6801221A8000230F937FE019
:101140009DF82930012B2CD1074B1B685B889BB283
:10115000642B11D9044B1B685B889AB2024B1B6845
:10116000643A92B25A800BE0483F0020D4D2030088
:101170009CD203001CE90300464B1B6800225A80E6
:10118000444B1B685B889BB2002B03D0414B1B6810
:1011900001221A803F4B1B6801221A8000230F9303
:1011A0004EE09DF82930022B0FD13A4B1B681B886B
:1011B0009BB2002B0CBF01230023DAB2354B1B6816
:1011C00092B21A8000230F933AE09DF82930032B46
:1011D00006D1304B1B6801221A8000230F932FE0A9
:1011E0009DF82930042B06D12A4B1B6800221A8057
:1011F00000230F9324E09DF82930052B1ED1254BA9
:101200001B6801221A80049B04331B78ADF82C3034
:10121000BDF82C301B02ADF82C30049B05331B7835
:101220009AB2BDF82C301343ADF82C30194B1B6823
:10123000BDF82C205A8000230F9301E002230F9366
:101240000F9B002B1FD1FDF700FF124B1B681B8863
:101250009BB2002B03D10020FDF7B2FE06E00D4B40
:101260001B685B889BB21846FDF7AAFEFDF7EAFEF5
:10127000039B04330022C821184600F04BFB02E018
:1012800002230F9301E000E000BF0023184611B0D5
:101290005DF804FB483F002000B585B0034600918F
:1012A000ADF8063001230393BDF80630012B21D1A0
:1012B000354B1B685B889BB2B3F57A7F08D2324B03
:1012C0001B685B889AB2304B1B68323292B25A80EC
:1012D0002D4B1B685B889BB240F2B632934203D918
:1012E000294B1B6832225A80274B1B6801221A8027
:1012F00000230393BDF80630022B20D1224B1B683C
:101300005B889BB2B3F57A7F08D21F4B1B685B8862
:101310009AB21D4B1B681E3292B25A801A4B1B6840
:101320005B889BB2B3F56B7F03D9174B1B683222E6
:101330005A80154B1B6801221A8000230393039BDC
:10134000002B1CD1FDF781FE0F4B1B681B889BB245
:10135000002B03D10020FDF733FE06E00A4B1B688B
:101360005B889BB21846FDF72BFEFDF76BFE009BDA
:1013700004330022C821184600F0CCFA00BF00BF99
:1013800005B05DF804FB00BF483F002000B587B002
:10139000034600918DF80730002304930023039344
:1013A0000023ADF816309DF807300133DBB2184644
:1013B000FCF76CFD0346012B53D19DF80730354AED
:1013C00032F823309BB2002B13D19DF80730314AFD
:1013D000012122F823109DF807302F4A128891B27C
:1013E0002C4A9B0013440A465A800123ADF816305C
:1013F00045E09DF80730274A9B0013445B889BB269
:101400000493254B1B889BB20393039A049B9A4237
:1014100012DB039A049BD31A132B30DD9DF807309F
:101420001D4A128891B21B4A9B0013440A465A80F7
:101430000223ADF8163022E0039B03F58032049BB3
:10144000D31A132B1BDD9DF80730134A128891B273
:10145000104A9B0013440A465A800223ADF8163006
:101460000DE09DF807300B4A002122F823109DF86B
:101470000730084A9B00134400225A8006E0BDF85A
:10148000163000991846FFF707FF00BF07B05DF858
:1014900004FB00BF243F0020223F002000B585B0A0
:1014A000009303468DF807300B468DF8063013463F
:1014B000ADF8043000230393184A039B1B01134427
:1014C0001B88022B21D0154A039B1B0113441B8848
:1014D000BDF804209A4214D1104A039B1B01134407
:1014E00004331B68002B12D00C4A039B1B011344CE
:1014F00004331B689DF806109DF80700009A984772
:1015000005E0039B01330393D6E700BF00E000BF73
:101510000023184605B05DF804FB00BF30E9030066
:1015200010B586B001930346ADF80E300B468DF82A
:101530000D301346ADF80A3000230593184A059B79
:101540001B0113441B88022B22D0154A059B1B014B
:1015500013441B88BDF80A209A4215D1104A059BF6
:101560001B01134408331B68002B13D00C4A059B46
:101570001B01134408331C689DF80D10BDF80E00C4
:10158000089B019AA04705E0059B01330593D5E729
:1015900000BF00E000BF0023184606B010BD00BF2A
:1015A00030E9030000B585B0034600928DF807309E
:1015B0000B46ADF8043000230393174A039B1B012D
:1015C00013441B88022B20D0134A039B1B01134496
:1015D0001B88BDF804209A4213D10F4A039B1B01BC
:1015E00013440C331B68002B11D00B4A039B1B01C7
:1015F00013440C331B689DF8072000991046984748
:1016000005E0039B01330393D7E700BF00E000BF71
:1016100000BF05B05DF804FB30E9030000B585B0FC
:101620000346029101928DF80F300A4A029B136023
:10163000094A019B13609DF80F30012B02D1FCF782
:10164000D3FC01E0FCF7BCFC0023184605B05DF8B4
:1016500004FB00BF4C3F0020503F002010B5A4B059
:101660000446084611461A462346ADF8063003469E
:101670008DF805300B468DF8043013468DF8033095
:1016800000231B931CAB00221A605A609A60DA6038
:101690000023169317AB00221A605A609A60DA6032
:1016A0000023029303AB4C22002118460BF008FAEA
:1016B00000238DF88730BDF80630ADF88E3000235A
:1016C00020939DF89C300C2B03D89DF803300A2BF7
:1016D00001D90123A3E0BDF806304FF6FF72934213
:1016E0000BD1504B1A689DF80530DE2101FB03F346
:1016F000134418331B88ADF88E301BAB08339DF8AC
:101700009C20269918460BF0B2F99DF80530FF2B66
:1017100006D09DF80530FE2B02D09DF80530002B39
:10172000DB238DF86C309DF803301B015AB29DF914
:10173000873013435BB2DBB28DF86D30394B1B68D9
:10174000DB885A1C384B83FB02131344D911D3177F
:10175000C91A0B461B025B1AD11A324B1B688AB29C
:10176000DA80304B1B68063300220221184600F055
:10177000D1F82C4B1B68DB88DBB28DF86E30294B1F
:101780001B689B8A1B0A9BB2DBB28DF86F30254B1E
:101790001B689B8ADBB28DF87030BDF88E301B0A57
:1017A0009BB2DBB28DF87130BDF88E30DBB28DF8B4
:1017B00072309DF804308DF87330142320931BA9E8
:1017C00016AB209A18460BF052F902AB174918468F
:1017D0000BF027F90023229312E002AB18460BF01E
:1017E000C4F903461A4602AB981816AA229B134462
:1017F0001B781A460E490BF014F9229B01332293F1
:10180000229B132BE9DD02AB1846FCF7F9FB209B6A
:10181000D9B216AB00221846FCF716FC0023184676
:1018200024B010BD4C3F00208180808050E903002F
:1018300058E9030000B591B0039000230A930BAB65
:1018400000221A605A609A60DA600023059306ABA2
:1018500000221A605A609A60DA6000238DF83F30E7
:1018600000238DF83E30002304930AAB1422039921
:1018700018460BF0FCF89DF829308DF83F309DF8A4
:101880003F301B098DF83E309DF83E30002B01D1D2
:10189000012339E09DF83E30013B8DF83E309DF844
:1018A0003F3003F00F038DF83F309DF83E301B01B1
:1018B0005AB29DF93F3013435BB28DF83F309DF82B
:1018C0003F3043F002038DF83F309DF83F308DF8F4
:1018D0002930142304930E4B1B6803F10B0005AA57
:1018E0000AA904AB00931346142201F0BFFA05A91C
:1018F0000AAB142218460BF0BAF80AAB01221421E5
:101900001846FCF7A1FB0023184611B05DF804FB54
:101910004C3F002000B587B00390029113468DF82C
:101920000730154B1B680593134B1B68002B02D027
:10193000039B002B01D1012319E00F4B1B68039A75
:101940009A4207D3029B039A1A440B4B1B68F83345
:101950009A4201D901230AE0074B1868039A059BB4
:10196000D11A9DF80730029AFCF7A6FA03461846EA
:1019700007B05DF804FB00BF4C3F002008B5FCF742
:101980005DFB00BF08BD82B001900091019B013357
:101990001B7823F07F03DAB2009B1A70009B1B7840
:1019A0005AB2019B02331B785B08DBB25BB203F0D7
:1019B00040035BB213435BB2DAB2009B1A70009B28
:1019C0001B785AB2019B03331B789B08DBB25BB2D6
:1019D00003F020035BB213435BB2DAB2009B1A70D0
:1019E000009B1B785AB2019B04331B78DB08DBB2E7
:1019F0005BB203F010035BB213435BB2DAB2009B3D
:101A00001A70009B1B785AB2019B05331B781B0987
:101A1000DBB25BB203F008035BB213435BB2DAB232
:101A2000009B1A70009B1B785AB2019B06331B78EF
:101A30005B09DBB25BB203F004035BB213435BB23E
:101A4000DAB2009B1A70009B1B785AB2019B0733D5
:101A50001B789B09DBB25BB203F002035BB213435A
:101A60005BB2DAB2009B1A70009B1B785AB2019BE2
:101A70001B78DB09DBB25BB213435BB2DAB2009BCB
:101A80001A70019B01331B785B00DAB2009B0133B3
:101A900022F07F02D2B21A70009B01331B785AB237
:101AA000019B02331B785BB203F040035BB213432C
:101AB0005AB2009B0133D2B21A70009B01331B78DB
:101AC0005AB2019B03331B785B08DBB25BB203F0B5
:101AD00020035BB213435AB2009B0133D2B21A7097
:101AE000009B01331B785AB2019B04331B789B087F
:101AF000DBB25BB203F010035BB213435AB2009B3C
:101B00000133D2B21A70009B01331B785AB2019B89
:101B100005331B78DB08DBB25BB203F008035BB272
:101B200013435AB2009B0133D2B21A70009B0133A7
:101B30001B785AB2019B06331B781B09DBB25BB2E0
:101B400003F004035BB213435AB2009B0133D2B2D9
:101B50001A70009B01331B785AB2019B07331B7824
:101B60005B09DBB25BB203F002035BB213435AB210
:101B7000009B0133D2B21A70009B01331B785AB21A
:101B8000019B1B789B09DBB25BB203F001035BB2E4
:101B900013435AB2009B0133D2B21A70019B013336
:101BA0001B789B00DAB2009B023322F07F02D2B294
:101BB0001A70009B02331B785AB2019B02331B78C8
:101BC0005B005BB203F040035BB213435AB2009B6D
:101BD0000233D2B21A70009B02331B785AB2019BB7
:101BE00003331B785BB203F020035BB213435AB29A
:101BF000009B0233D2B21A70009B02331B785AB298
:101C0000019B04331B785B08DBB25BB203F010036B
:101C10005BB213435AB2009B0233D2B21A70009BDC
:101C200002331B785AB2019B05331B789B08DBB249
:101C30005BB203F008035BB213435AB2009B02335A
:101C4000D2B21A70009B02331B785AB2019B063342
:101C50001B78DB08DBB25BB203F004035BB2134317
:101C60005AB2009B0233D2B21A70009B02331B7827
:101C70005AB2019B07331B781B09DBB25BB203F03E
:101C800002035BB213435AB2009B0233D2B21A7002
:101C9000009B02331B785AB2019B1B785B09DBB2B5
:101CA0005BB203F001035BB213435AB2009B0233F1
:101CB000D2B21A70019B01331B78DB00DAB2009BB1
:101CC000033322F07F02D2B21A70009B03331B78D9
:101CD0005AB2019B02331B789B005BB203F04003B6
:101CE0005BB213435AB2009B0333D2B21A70009B0B
:101CF00003331B785AB2019B03331B785B005BB242
:101D000003F020035BB213435AB2009B0333D2B2F9
:101D10001A70009B03331B785AB2019B04331B7863
:101D20005BB203F010035BB213435AB2009B033360
:101D3000D2B21A70009B03331B785AB2019B053351
:101D40001B785B08DBB25BB203F008035BB21343A2
:101D50005AB2009B0333D2B21A70009B03331B7834
:101D60005AB2019B06331B789B08DBB25BB203F0CF
:101D700004035BB213435AB2009B0333D2B21A700E
:101D8000009B03331B785AB2019B07331B78DB0897
:101D9000DBB25BB203F002035BB213435AB2009BA7
:101DA0000333D2B21A70009B03331B785AB2019BE3
:101DB0001B781B09DBB25BB203F001035BB2134378
:101DC0005AB2009B0333D2B21A70019B01331B78C5
:101DD0001B01DAB2009B043322F07F02D2B21A70E8
:101DE000009B04331B785AB2019B02331B78DB0043
:101DF0005BB203F040035BB213435AB2009B04335F
:101E0000D2B21A70009B04331B785AB2019B033381
:101E10001B789B005BB203F020035BB213435AB202
:101E2000009B0433D2B21A70009B04331B785AB261
:101E3000019B04331B785B005BB203F010035BB2C1
:101E400013435AB2009B0433D2B21A70009B04337E
:101E50001B785AB2019B05331B785BB203F0080371
:101E60005BB213435AB2009B0433D2B21A70009B88
:101E700004331B785AB2019B06331B785B08DBB234
:101E80005BB203F004035BB213435AB2009B04330A
:101E9000D2B21A70009B04331B785AB2019B0733ED
:101EA0001B789B08DBB25BB203F002035BB2134307
:101EB0005AB2009B0433D2B21A70009B04331B78D1
:101EC0005AB2019B1B78DB08DBB25BB203F0010363
:101ED0005BB213435AB2009B0433D2B21A70019B17
:101EE00001331B785B01DAB2009B053322F07F02DD
:101EF000D2B21A70009B05331B785AB2019B023391
:101F00001B781B015BB203F040035BB213435AB270
:101F1000009B0533D2B21A70009B05331B785AB26E
:101F2000019B03331B78DB005BB203F020035BB241
:101F300013435AB2009B0533D2B21A70009B05338B
:101F40001B785AB2019B04331B789B005BB203F0F1
:101F500010035BB213435AB2009B0533D2B21A701E
:101F6000009B05331B785AB2019B05331B785B003D
:101F70005BB203F008035BB213435AB2009B053314
:101F8000D2B21A70009B05331B785AB2019B0633FC
:101F90001B785BB203F004035BB213435AB2009B9D
:101FA0000533D2B21A70009B05331B785AB2019BDD
:101FB00007331B785B08DBB25BB203F002035BB252
:101FC00013435AB2009B0533D2B21A70009B0533FB
:101FD0001B785AB2019B1B789B08DBB25BB203F003
:101FE00001035BB213435AB2009B0533D2B21A709D
:101FF000019B01331B789B01DAB2009B063322F070
:102000007F02D2B21A70009B06331B785AB2019B32
:1020100002331B785B015BB203F040035BB21343F6
:102020005AB2009B0633D2B21A70009B06331B785B
:102030005AB2019B03331B781B015BB203F02003F0
:102040005BB213435AB2009B0633D2B21A70009BA4
:1020500006331B785AB2019B04331B78DB005BB25A
:1020600003F010035BB213435AB2009B0633D2B2A3
:102070001A70009B06331B785AB2019B05331B78FC
:102080009B005BB203F008035BB213435AB2009BA0
:102090000633D2B21A70009B06331B785AB2019BEA
:1020A00006331B785B005BB203F004035BB213439F
:1020B0005AB2009B0633D2B21A70009B06331B78CB
:1020C0005AB2019B07331B785BB203F002035BB289
:1020D00013435AB2009B0633D2B21A70009B0633E8
:1020E0001B785AB2019B1B785B08DBB25BB203F032
:1020F00001035BB213435AB2009B0633D2B21A708B
:10210000019B01331B78DA01009B0733D2B21A70AE
:10211000009B07331B785AB2019B02331B789B014B
:102120005BB203F040035BB213435AB2009B073328
:10213000D2B21A70009B07331B785AB2019B03334B
:102140001B785B015BB203F020035BB213435AB20E
:10215000009B0733D2B21A70009B07331B785AB228
:10216000019B04331B781B015BB203F010035BB2CD
:1021700013435AB2009B0733D2B21A70009B073345
:102180001B785AB2019B05331B78DB005BB203F06E
:1021900008035BB213435AB2009B0733D2B21A70E2
:1021A000009B07331B785AB2019B06331B789B00B8
:1021B0005BB203F004035BB213435AB2009B0733D4
:1021C000D2B21A70009B07331B785AB2019B0733B7
:1021D0001B785B005BB203F002035BB213435AB29D
:1021E000009B0733D2B21A70009B07331B785AB298
:1021F000019B1B785BB203F001035BB213435AB23D
:10220000009B0733D2B21A700023184602B0704701
:1022100000B585B00190009100990198FFF7B3FBDC
:102220000023039311E0039BDB001A46009B1A4432
:10223000039B0133DB001946009B0B4419461046F3
:10224000FFF7A1FB039B01330393039B062BEADDFE
:102250000023184605B05DF804FB000000B589B006
:102260000390029101920023059300230693039BA0
:102270001A78029B1B785340DAB2019B1A70039BB9
:1022800001331978029B01331A78019B01334A40CC
:10229000D2B21A70039B02331978029B02331A7868
:1022A000019B02334A40D2B21A70039B0333197860
:1022B000029B03331A78019B03334A40D2B21A704F
:1022C000019B1B789B015AB2019B01331B789B0831
:1022D000DBB25BB213435BB2DBB28DF81430019B0F
:1022E00001331B789B015AB2019B02331B789B0878
:1022F000DBB25BB213435BB2DBB28DF81530019BEE
:1023000002331B789B015AB2019B03331B789B0855
:10231000DBB25BB213435BB2DBB28DF81630019BCC
:1023200003331B789B015AB2019B1B789B08DBB2DD
:102330005BB213435BB2DBB28DF817309DF81430FB
:102340001B09DBB203F00F029DF8143003F00F03FA
:102350007B4912010A4413441A78019B1A709DF8B4
:1023600015301B09DBB203F00F019DF8153003F0A7
:102370000F02019B01337248090101440A4412789B
:102380001A709DF816301B09DBB203F00F019DF89F
:10239000163003F00F02019B023369480901014422
:1023A0000A4412781A709DF817301B09DBB203F04B
:1023B0000F019DF8173003F00F02019B03336048B3
:1023C000090101440A4412781A7005AB04220199EC
:1023D00018460AF04CFB9DF81420029B04331B782E
:1023E0005340DAB2019B1A709DF81510029B053319
:1023F0001A78019B01334A40D2B21A709DF8161028
:10240000029B06331A78019B02334A40D2B21A70FB
:102410009DF81710029B07331A78019B03334A403B
:10242000D2B21A70019B1B789B015AB2019B0133F7
:102430001B789B08DBB25BB213435BB2DBB28DF857
:102440001430019B01331B789B015AB2019B02336C
:102450001B789B08DBB25BB213435BB2DBB28DF837
:102460001530019B02331B789B015AB2019B033349
:102470001B789B08DBB25BB213435BB2DBB28DF817
:102480001630019B03331B789B015AB2019B1B78CA
:102490009B08DBB25BB213435BB2DBB28DF8173043
:1024A0009DF814301B09DBB203F00F029DF81430C5
:1024B00003F00F03224912010A4413441A78019BC6
:1024C0001A709DF815301B09DBB203F00F019DF85F
:1024D000153003F00F02019B013319480901014433
:1024E0000A4412781A709DF816301B09DBB203F00B
:1024F0000F019DF8163003F00F02019B02331048C4
:10250000090101440A4412781A709DF817301B091A
:10251000DBB203F00F019DF8173003F00F02019BAF
:1025200003330748090101440A4412781A7005ABC5
:102530000422019918460AF09AFA0123079380E1D0
:1025400060E903009DF81420079BDB001946029BFD
:102550000B441B785340DAB2019B1A709DF815109A
:10256000079BDB000133029A13441A78019B013365
:102570004A40D2B21A709DF81610079BDB00023356
:10258000029A13441A78019B02334A40D2B21A705D
:102590009DF81710079BDB000333029A13441A7847
:1025A000019B03334A40D2B21A70019B1B789B01F6
:1025B0005AB2019B01331B789B08DBB25BB2134319
:1025C0005BB2DBB28DF81430019B01331B789B01A9
:1025D0005AB2019B02331B789B08DBB25BB21343F8
:1025E0005BB2DBB28DF81530019B02331B789B0187
:1025F0005AB2019B03331B789B08DBB25BB21343D7
:102600005BB2DBB28DF81630019B03331B789B0164
:102610005AB2019B1B789B08DBB25BB213435BB2DF
:10262000DBB28DF817309DF814301B09DBB203F0D4
:102630000F029DF8143003F00F03894912010A4478
:1026400013441A78019B1A709DF815301B09DBB2F0
:1026500003F00F019DF8153003F00F02019B0133C9
:102660007F48090101440A4412781A709DF8163017
:102670001B09DBB203F00F019DF8163003F00F02C7
:10268000019B02337648090101440A4412781A700A
:102690009DF817301B09DBB203F00F019DF81730CE
:1026A00003F00F02019B03336D48090101440A4402
:1026B00012781A7005AB0422019918460AF0D7F96E
:1026C0009DF81420079BDB00043302990B441B7810
:1026D0005340DAB2019B1A709DF81510079BDB007E
:1026E0000533029A13441A78019B01334A40D2B24F
:1026F0001A709DF81610079BDB000633029A1344EC
:102700001A78019B02334A40D2B21A709DF8171012
:10271000079BDB000733029A13441A78019B0333AB
:102720004A40D2B21A70019B1B789B015AB2019B9E
:1027300001331B789B08DBB25BB213435BB2DBB2A5
:102740008DF81430019B01331B789B015AB2019B19
:1027500002331B789B08DBB25BB213435BB2DBB284
:102760008DF81530019B02331B789B015AB2019BF7
:1027700003331B789B08DBB25BB213435BB2DBB263
:102780008DF81630019B03331B789B015AB2019BD5
:102790001B789B08DBB25BB213435BB2DBB28DF8F4
:1027A00017309DF814301B09DBB203F00F029DF8BF
:1027B000143003F00F032A4912010A4413441A7813
:1027C000019B1A709DF815301B09DBB203F00F0155
:1027D0009DF8153003F00F02019B013320480901D9
:1027E00001440A4412781A709DF816301B09DBB2B6
:1027F00003F00F019DF8163003F00F02019B023326
:102800001748090101440A4412781A709DF81730DC
:102810001B09DBB203F00F019DF8173003F00F0224
:10282000019B03330E48090101440A4412781A70CF
:1028300005AB0422019918460AF019F9079B0133E8
:102840000793079B072B7FF77DAE05AB0422194644
:1028500001980AF00CF90023184609B05DF804FB52
:1028600060E9030000B589B0039002910192002352
:10287000059300230693039B1B781B09DBB203F02F
:102880000F02039B1B7803F00F03B14912010A44A6
:1028900013441A78019B1A70039B01331B781B09A0
:1028A000DBB203F00F01039B01331B7803F00F022F
:1028B000019B0133A648090101440A4412781A70A9
:1028C000039B02331B781B09DBB203F00F01039B50
:1028D00002331B7803F00F02019B02339C4809016D
:1028E00001440A4412781A70039B03331B781B09B6
:1028F000DBB203F00F01039B03331B7803F00F02DD
:10290000019B03339248090101440A4412781A706A
:10291000019B03331B789B005AB2019B1B789B09D8
:10292000DBB25BB213435BB2DBB28DF81430019BB8
:102930001B789B005AB2019B01331B789B09DBB2C9
:102940005BB213435BB2DBB28DF81530019B0133F0
:102950001B789B005AB2019B02331B789B09DBB2A8
:102960005BB213435BB2DBB28DF81630019B0233CE
:102970001B789B005AB2019B03331B789B09DBB287
:102980005BB213435BB2DBB28DF817309DF81420B5
:10299000029B3C331B785340DAB2019B1A709DF8BE
:1029A0001510029B3D331A78019B01334A40D2B285
:1029B0001A709DF81610029B3E331A78019B023361
:1029C0004A40D2B21A709DF81710029B3F331A7812
:1029D000019B03334A40D2B21A7005AB042201991D
:1029E00018460AF044F89DF814301B09DBB203F0D6
:1029F0000F029DF8143003F00F03554912010A44E9
:102A000013441A78019B1A709DF815301B09DBB22C
:102A100003F00F019DF8153003F00F02019B013305
:102A20004B48090101440A4412781A709DF8163087
:102A30001B09DBB203F00F019DF8163003F00F0203
:102A4000019B02334248090101440A4412781A707A
:102A50009DF817301B09DBB203F00F019DF817300A
:102A600003F00F02019B03333948090101440A4472
:102A700012781A70019B03331B789B005AB2019B9A
:102A80001B789B09DBB25BB213435BB2DBB28DF800
:102A90001430019B1B789B005AB2019B01331B78B9
:102AA0009B09DBB25BB213435BB2DBB28DF815302E
:102AB000019B01331B789B005AB2019B02331B78A8
:102AC0009B09DBB25BB213435BB2DBB28DF816300D
:102AD000019B02331B789B005AB2019B03331B7886
:102AE0009B09DBB25BB213435BB2DBB28DF81730EC
:102AF0009DF81420029B38331B785340DAB2019BB7
:102B00001A709DF81510029B39331A78019B013316
:102B10004A40D2B21A709DF81610029B3A331A78C6
:102B2000019B02334A40D2B21A709DF81710029BE3
:102B30003B331A78019B03334A40D2B21A7005AB7B
:102B400004220199184609F092FF0623079383E1B6
:102B500060EA03009DF814301B09DBB203F00F029A
:102B60009DF8143003F00F03B54912010A441344D1
:102B70001A78019B1A709DF815301B09DBB203F01F
:102B80000F019DF8153003F00F02019B0133AC4893
:102B9000090101440A4412781A709DF816301B0985
:102BA000DBB203F00F019DF8163003F00F02019B1A
:102BB0000233A348090101440A4412781A709DF8AF
:102BC00017301B09DBB203F00F019DF8173003F03B
:102BD0000F02019B03339A48090101440A44127809
:102BE0001A70019B03331B789B005AB2019B1B7820
:102BF0009B09DBB25BB213435BB2DBB28DF81430DE
:102C0000019B1B789B005AB2019B01331B789B09E7
:102C1000DBB25BB213435BB2DBB28DF81530019BC4
:102C200001331B789B005AB2019B02331B789B092E
:102C3000DBB25BB213435BB2DBB28DF81630019BA3
:102C400002331B789B005AB2019B03331B789B090C
:102C5000DBB25BB213435BB2DBB28DF817309DF889
:102C60001420079BDB00043302990B441B7853406C
:102C7000DAB2019B1A709DF81510079BDB00053333
:102C8000029A13441A78019B01334A40D2B21A7057
:102C90009DF81610079BDB000633029A13441A783E
:102CA000019B02334A40D2B21A709DF81710079B5D
:102CB000DB000733029A13441A78019B03334A401E
:102CC000D2B21A7005AB04220199184609F0CFFE62
:102CD0009DF814301B09DBB203F00F029DF814308D
:102CE00003F00F03564912010A4413441A78019B5A
:102CF0001A709DF815301B09DBB203F00F019DF827
:102D0000153003F00F02019B01334D4809010144C6
:102D10000A4412781A709DF816301B09DBB203F0D2
:102D20000F019DF8163003F00F02019B0233444857
:102D3000090101440A4412781A709DF817301B09E2
:102D4000DBB203F00F019DF8173003F00F02019B77
:102D500003333B48090101440A4412781A70019B6D
:102D600003331B789B005AB2019B1B789B09DBB293
:102D70005BB213435BB2DBB28DF81430019B1B785E
:102D80009B005AB2019B01331B789B09DBB25BB2FB
:102D900013435BB2DBB28DF81530019B01331B7816
:102DA0009B005AB2019B02331B789B09DBB25BB2DA
:102DB00013435BB2DBB28DF81630019B02331B78F4
:102DC0009B005AB2019B03331B789B09DBB25BB2B9
:102DD00013435BB2DBB28DF817309DF81420079BCC
:102DE000DB001946029B0B441B785340DAB2019B6F
:102DF0001A709DF81510079BDB000133029A1344EB
:102E00001A78019B01334A40D2B21A709DF816100D
:102E1000079BDB000233029A13441A78019B0233AA
:102E20004A40D2B21A709DF81710079BDB0003339B
:102E3000029A13441A78019B03334A40D2B201E04C
:102E400060EA03001A7005AB04220199184609F0E4
:102E50000EFE079B013B0793079B002BBFF67AAE44
:102E60000023184609B05DF804FB00BF00B599B017
:102E7000039002910192009306AB40220021184674
:102E800009F01EFE002305930023049300231693EC
:102E9000019B03F00303002B04D11A9B1B68019ACA
:102EA0009A4202DD4FF0FF3360E006AB194603980B
:102EB000FFF7AEF90023179350E0179B029A1344D3
:102EC0001A789DF814305340DBB28DF81030179B00
:102ED0000133029A13441A789DF815305340DBB23F
:102EE0008DF81130179B0233029A13441A789DF81B
:102EF00016305340DBB28DF81230179B0333029A21
:102F000013441A789DF817305340DBB28DF8133014
:102F1000179B009A1A4406A904AB1846FFF79EF9BE
:102F2000179B009A13441B788DF81430179B0133BC
:102F3000009A13441B788DF81530179B0233009AC2
:102F400013441B788DF81630179B0333009A1344F3
:102F50001B788DF81730179B04331793179A019B32
:102F60009A42AADB1A9B019A1A600023184619B0EC
:102F70005DF804FB00B599B00390029101920093B3
:102F800006AB40220021184609F09AFD0023059364
:102F900000230493029B1693019B03F00303002B71
:102FA00004D11A9B1B68019A9A4202DD4FF0FF334D
:102FB00066E006AB19460398FFF72AF9002317933A
:102FC00050E0179B169A134404AA06A91846FFF767
:102FD00049FC9DF810109DF81420179B009803449D
:102FE0004A40D2B21A709DF811109DF81520179B17
:102FF0000133009803444A40D2B21A709DF812106F
:103000009DF81620179B0233009803444A40D2B221
:103010001A709DF813109DF81720179B0333009822
:1030200003444A40D2B21A70179B169A13441B7875
:103030008DF81430179B0133169A13441B788DF8C2
:103040001530179B0233169A13441B788DF81630EF
:10305000179B0333169A13441B788DF81730179B70
:1030600004331793179A019B9A42AADB06AB009A86
:1030700019461698FFF7F6FB1A9B019A1A6000236F
:10308000184619B05DF804FB00B583B01F4B0193DF
:10309000019B02221A61019B02225A61019B1C4A78
:1030A0009A61019B1B4ADA61019B4FF400721A621C
:1030B000019B00229A62019B00225A62019B00221E
:1030C000DA62019B124A9A64019B134ADA64019BFB
:1030D00010221A65019B00229A65019B00225A6505
:1030E000019B0022DA65019B07330C49184609F061
:1030F0001AFD019B0A49184609F015FD019B202283
:103100009A7100BF03B05DF804FB00BF543F00207C
:1031100060EB0300CC3F0020CC4100206CEB0300AF
:1031200070EB030000B589B0039002910192002377
:103130000693039BDB680593039B1B690493049A26
:10314000059B9A4205D9049A059BD31A013B079324
:1031500007E0039B9A680499059BCB1A1344013B33
:103160000793039B9A68059BD31A079A934228BF3B
:1031700013460793079A019B934228BF1346079370
:10318000039B5A68059B1344079A0299184609F055
:103190006EFC069A079B13440693029A079B1344FE
:1031A0000293019A079BD31A0193059A079B134434
:1031B0000593039B9B68059A9A4201D100230593CE
:1031C000039B059ADA60019B002BB5D1069B18463C
:1031D00009B05DF804FB00B589B00390029101923B
:1031E000039BDB680793039B9A68079BD31A06939C
:1031F000069A019B9A420ED9039B5A68079B134477
:10320000019A0299184609F032FC079A019B1A4468
:10321000039BDA601AE0069B0593039B5A68079BA1
:103220001344059A0299184609F021FC019A069B5D
:10323000D31A0593039B5868029A069B1344059A78
:10324000194609F014FC039B059ADA6000BF09B027
:103250005DF804FB86B00190019B1B690493019B00
:10326000DB680393049A039B9A4208D8019B9A68EF
:10327000039BD21A049B1344013B059304E0049A78
:10328000039BD31A013B0593059B184606B0704774
:1032900000B589B0039002910192029B0693039BB3
:1032A0005A1C13465B001344DB00204A1344059369
:1032B000059B5B69022B29D0022B2ED8002B02D054
:1032C000012B13D029E00598FFF7C4FF0490049A5E
:1032D000019B9A4202D20023079321E0019B0793AE
:1032E000019A06990598FFF776FF19E00598FFF710
:1032F000B1FF0490019A049B934228BF13460793A1
:10330000079A06990598FFF766FF09E0019A069962
:103310000598FFF707FF079002E00023079300BF1F
:10332000079B184609B05DF804FB00BF543F00201E
:1033300000B587B00390029101920F4B1B78002BD0
:1033400001D1FFF7A1FE00238DF813300DF1130317
:103350001846F4F703FB019A02990398FFF798FFC8
:1033600005909DF813301846F4F70EFB059B1846A0
:1033700007B05DF804FB00BF543F002008B5FFF71D
:1033800083FE00BF08BD00B585B001900B468DF8E7
:103390000330019B9B680393039B5A1C019B5B6852
:1033A0009A420FD8019B1A68039B13449DF803208F
:1033B0001A70039B5A1C019B9A60019BDB685A1C84
:1033C000019BDA60019B9A68019B5B689A4215D168
:1033D000019B1869019B1968019B9B681A46FFF7BE
:1033E000A7FF0246019B9B689A4204D0019B4FF0C5
:1033F000FF32DA6002E0019B00229A6000BF05B054
:103400005DF804FB00B58BB003900291019200932C
:10341000029B0893012309930123079307E0089A6D
:10342000019BB2FBF3F30893079B01330793089AC0
:10343000019B9A42F3D2009A079B9A4201D9009BC2
:1034400007930D9B03F00103002B28D10C9B002B4D
:1034500025D00D9B03F00203002B06D0009B002B10
:1034600003D130238DF81B3002E020238DF81B3070
:103470000CE00C9B013B0C939DF81B301946039804
:10348000FFF781FF039BDB68002B07DB0C9B002B06
:1034900005D0079A0C9B9A42EBD300E000BF039B38
:1034A000DB68002B55DB009B012B03D9009B013B04
:1034B000009309E0029A099BB2FBF3F30593059A86
:1034C000019B9A4200D205E0099B019A02FB03F39B
:1034D0000993E8E7029A099BB2FBF3F30593059B76
:1034E000099A02FB03F3029AD31A02931B4A059B23
:1034F00013441B7819460398FFF745FF039BDB68CD
:10350000002B08DB099A019BB2FBF3F30993099B9B
:10351000002BDFD100E000BF0D9B03F00103002B67
:1035200017D00C9B002B14D00AE00C9B013B0C9392
:1035300020210398FFF727FF039BDB68002B07DBA5
:103540000C9B002B05D0079A0C9B9A42EDD300E010
:1035500000BF00BF0BB05DF804FB00BF78EB0300B9
:1035600000B589B00590049103920293049B002B4F
:10357000B8BF5B4206930123079307E0039B069ABB
:1035800092FBF3F30693079B01330793039B069A81
:103590009A42F3DA029A079B9A4201D9029B079357
:1035A0000A9B002B0AD0049B002B04DB0B9B03F02F
:1035B0000403002B02D00A9B013B0A930B9B03F0F0
:1035C0000203002B02D0029B002B1CD00B9B03F0AC
:1035D0000103002B17D10A9B002B14D00AE00A9B91
:1035E000013B0A9320210598FFF7CDFE059BDB6880
:1035F000002B07DB0A9B002B05D0079A0A9B9A42F7
:10360000EDD300E000BF059BDB68002B4ADB049B89
:10361000002B07DA049B5B4204932D210598FFF7EA
:10362000B2FE08E00B9B03F00403002B03D02B2118
:103630000598FFF7A8FE059BDB68002B32DB0B9B90
:1036400003F00203002B1FD00B9B03F00103002BA0
:103650001AD1029B002B17D10A9B002B14D00AE031
:103660000A9B013B0A9330210598FFF78CFE059BCE
:10367000DB68002B07DB0A9B002B05D0079A0A9B0F
:103680009A42EDD300E000BF059BDB68002B09DB0D
:1036900004990B9B01930A9B0093029B039A059844
:1036A000FFF7B0FE00BF09B05DF804FB00B5A3B0A2
:1036B00005900491039206AB1693402317930023C1
:1036C0001893059B1A9300231993049B1B788DF87C
:1036D0008730049B013304939DF88730002B00F062
:1036E00097819DF88730252B40F0868100231E931B
:1036F00001232093049B1B788DF887309DF8873039
:10370000233B0D2B3ED801A252F823F0753703005E
:1037100085370300853703008537030085370300AD
:1037200085370300853703008537030065370300BD
:1037300085370300453703008537030085370300CD
:10374000553703001E9B43F001031E93049B013376
:1037500004931AE01E9B43F002031E93049B013363
:10376000049312E01E9B43F004031E93049B013359
:1037700004930AE01E9B43F008031E93049B01334D
:10378000049302E00023209300BF209B002BB1D1C3
:1037900000231D93049B1B788DF887309DF887309C
:1037A0002F2B12D99DF88730392B0ED8049B01336B
:1037B00004931D9A13469B0013445B001A469DF820
:1037C00087301344303B1D93E4E700231F93049B91
:1037D0001B788DF887309DF887302E2B1DD1049BE8
:1037E00001330493049B1B788DF887309DF8873054
:1037F0002F2B12D99DF88730392B0ED8049B01331B
:1038000004931F9A13469B0013445B001A469DF8CD
:1038100087301344303B1F93E4E7049B1B788DF8FB
:1038200087309DF887306C2B03D09DF88730682B4C
:1038300007D1049B01330493049B1B788DF88730D8
:10384000EFE79DF88730252B00F0CB80252BC0F2C9
:10385000CE80782B00F3CB80582BC0F2C880583B29
:10386000202B00F2C48001A252F823F05D3903003E
:10387000EF390300EF390300EF390300EF3903009C
:10388000EF390300EF390300EF390300EF3903008C
:10389000EF390300EF390300F13803001539030055
:1038A000EF390300EF390300EF390300EF3903006C
:1038B000EF390300EF390300EF390300EF3903005C
:1038C000EF390300EF390300EF390300BF3903007C
:1038D000EF390300EF39030081390300EF390300AA
:1038E00039390300EF390300EF3903005D39030074
:1038F000039B1B68191D039A11601B682093209B72
:103900008DF86F309DF86F2016AB11461846FFF703
:103910003AFD6DE0039B1B68191D039A11601B683B
:10392000209316A81E9B01931D9B00931F9B0A22A8
:103930002099FFF715FE5BE0039B1B68191D039A96
:1039400011601B682093209916A81E9B01931D9B54
:1039500000931F9B0A22FFF755FD49E0039B1B685C
:10396000191D039A11601B682093209916A81E9BAD
:1039700001931D9B00931F9B1022FFF743FD37E02F
:10398000039B1B68191D039A11601B681C931C9BE9
:103990001B788DF887301C9B01331C939DF8873072
:1039A000002B0AD09DF8872016AB11461846FFF76A
:1039B000EAFC199B002BEADA1AE000BF18E0039B2F
:1039C0001B68191D039A11601B682093209916A883
:1039D000002301930823009308231022FFF712FD10
:1039E00006E016AB25211846FFF7CDFC00E000BF2E
:1039F000049B0133049306E09DF8872016AB114623
:103A00001846FFF7C0FC199B002BBFF65EAE00E026
:103A100000BF199B002B0CDD189B002B05D0189ABA
:103A200006AB19460598FFF783FC199B189A1344B7
:103A30001993199B184623B05DF804FB0EB400B52A
:103A400084B0019006AB029302AB1A460599019827
:103A5000FFF72CFE0390039B184604B05DF804EBBF
:103A600003B070476DDF704700BF184679DF7047BD
:103A700000BF18467DDF704700BF184664DF7047FF
:103A800000BF184682B003460091ADF80630BDF87D
:103A90000630DAB2009B1A70BDF806301B0A9AB2E3
:103AA000009B0133D2B21A700223184602B070474D
:103AB00000B589B0039002911346ADF80630029B21
:103AC0001B8803F10902BDF806309A4201D90C2384
:103AD00053E004AB1846FFF7C5FF0790079B06931A
:103AE000069B002B01D0069B47E0029B1B881A46D1
:103AF000039B134408221A70029B1B8801339AB25D
:103B0000029B1A80029B1B881A46039B13441B22AC
:103B10001A70029B1B8801339AB2029B1A80029B87
:103B20001B881A46039B981804AB013306221946DA
:103B300008F09DFF029B1B8806339AB2029B1A80F5
:103B40009DF8103023F00103DBB2002B07D1029B5C
:103B50001B881A46039B134400221A7006E0029B3E
:103B60001B881A46039B134401221A70029B1B8870
:103B700001339AB2029B1A800023184609B05DF8FF
:103B800004FB00B589B0039002910192ADF80230B8
:103B9000039B1B78012B05D1039B5B78002B01D184
:103BA000072392E0019B1B889A1CBDF802309A42C1
:103BB0000ED8039B1B78012B0CD1019B1B881A4646
:103BC000039B5B7813449A1CBDF802309A4201D9DA
:103BD0000C237AE0019B1B88BDF80220D31A9BB20C
:103BE000023BADF81C30BDF81C30ADF81230019B23
:103BF0001B880233029A13440DF112021146184633
:103C0000FFF738FF0690069B0593059B002B01D01C
:103C1000059B5AE0039B1B78022B06D0039B5B7825
:103C20009AB2BDF812309A4209D3BDF81230BDF8ED
:103C30001C209A4203D309238DF81F3017E0082374
:103C40008DF81F30039B1B78012B0CD1039B5B78F5
:103C50009BB2BDF81C209A4205D3039B5B789BB2B4
:103C6000ADF8123003E0BDF81C30ADF81230BDF8ED
:103C70001230FE2B01D90C2327E0BDF81230DAB246
:103C8000019B1B881946029B0B440132D2B21A7069
:103C9000019B1B8801339AB2019B1A80019B1B88F0
:103CA0001A46029B13449DF81F201A70019B1B8823
:103CB00001339AB2019B1A80019B1A88BDF8123019
:103CC00013449AB2019B1A800023184609B05DF88C
:103CD00004FB00B589B0039002911346ADF806309D
:103CE000029B1B881A1DBDF806309A4201D90C238D
:103CF0003BE00DF116031846FFF7B8FE0790079B4F
:103D00000693069B002B01D0069B2EE0029B1B888E
:103D10001A46039B134403221A70029B1B8801332B
:103D20009AB2029B1A80029B1B881A46039B13447B
:103D300019221A70029B1B8801339AB2029B1A80C7
:103D4000BDF81620029B1B881946039B0B4419469D
:103D50001046FFF797FE03461946029B1A888BB25E
:103D600013449AB2029B1A800023184609B05DF8EA
:103D700004FB84B0029101921A4603468DF80F307D
:103D80001346ADF80C30019B1B88DA1CBDF80C30D3
:103D90009A4201D90C2328E0019B1B881A46029BFA
:103DA000134402221A70019B1B8801339AB2019BB3
:103DB0001A80019B1B881A46029B134401221A7029
:103DC000019B1B8801339AB2019B1A80019B1B88BF
:103DD0001A46029B13449DF80F201A70019B1B8802
:103DE00001339AB2019B1A800023184604B0704731
:103DF00084B0029101921A4603468DF80F301346A3
:103E0000ADF80C30019B1B88DA1CBDF80C309A42CF
:103E100001D90C2328E0019B1B881A46029B1344FE
:103E200002221A70019B1B8801339AB2019B1A80EF
:103E3000019B1B881A46029B13440A221A70019B9D
:103E40001B8801339AB2019B1A80019B1B881A467A
:103E5000029B13449DF80F201A70019B1B880133AD
:103E60009AB2019B1A800023184604B0704700B52F
:103E70008FB0039001930B468DF80B3013468DF8ED
:103E80000A3000238DF83330109B1B88ADF830309A
:103E900000230D9371E0039B5A680D9B9B001A440D
:103EA00005AB106818600DF11B0105AB0022184628
:103EB000FFF7E4FD0A900A9B0993099B002B01D0B0
:103EC000099B7CE09DF81B309DF80A209A4251D155
:103ED0009DF83330002B01D0002300E002238DF841
:103EE0002330109B1B881A469DF81B301A449DF8FE
:103EF00023301A44BDF844309A4201DD0C235EE0C1
:103F00009DF8333083F00103DBB2002B16D0109BF9
:103F10001B8801339AB2109B1A80109B1B881A468B
:103F2000019B13449DF80B201A70109B1B880133D2
:103F30009AB2109B1A8001238DF83330109B1B8896
:103F40001A46019B1A440DF11B0105AB1846FFF7F9
:103F500095FD0A900A9B0793079B002B01D0079BB6
:103F60002DE0109B1A889DF81B309BB213449AB227
:103F7000109B1A800D9B01330D93039B1B881A46DF
:103F80000D9B934287DB9DF83330002B16D0109B9E
:103F90001A88BDF83030D31A9BB2013BADF82E30F1
:103FA000BDF82E30FF2B01D90C2308E0BDF83030CE
:103FB000019A1344BDF82E20D2B21A70002318467D
:103FC0000FB05DF804FB00B58BB0059003930B4672
:103FD0008DF8133013468DF812309DF81310BDF88C
:103FE000343001930C9B0093039B02220598FFF74A
:103FF0003EFF0990099B0893089B002B01D0089B6A
:1040000014E09DF81210BDF8343001930C9B00931E
:10401000039B10220598FFF72AFF0990099B07933D
:10402000079B002B01D0079B00E0002318460BB034
:104030005DF804FB82B00190019B1B88052B0AD917
:10404000019B1B88B3F5486F07D9019B1B884FF66E
:10405000FF72934201D0072325E0019B5B88052B6B
:104060000AD9019B5B88B3F5486F07D9019B5B8830
:104070004FF6FF72934201D0072314E0019B1B8887
:104080004FF6FF7293420DD0019B5B884FF6FF7293
:10409000934207D0019B1A88019B5B889A4201D901
:1040A000072300E00023184602B0704700B587B030
:1040B000039002910192ADF80230019B1B889A1D7A
:1040C000BDF802309A4201D90C234DE00398FFF766
:1040D000B1FF0590059B0493049B002B01D0049B2A
:1040E00042E0019B1B881A46029B134405221A706A
:1040F000019B1B8801339AB2019B1A80019B1B888C
:104100001A46029B134412221A70019B1B8801332A
:104110009AB2019B1A80039B1A88019B1B8819463F
:10412000029B0B4419461046FFF7ACFC03461946A8
:10413000019B1A888BB213449AB2019B1A80039B8D
:104140005A88019B1B881946029B0B44194610464E
:10415000FFF798FC03461946019B1A888BB213445B
:104160009AB2019B1A800023184607B05DF804FB41
:1041700000B587B0039002910192ADF80230039B25
:104180009B8802330593019B1B881A46059B1344A9
:104190009A1CBDF802309A4201D90C2354E0059BC9
:1041A000FE2B01D90C234FE0059BDAB2019B1B8843
:1041B0001946029B0B440132D2B21A70019B1B8834
:1041C00001339AB2019B1A80019B1B881A46029BFD
:1041D0001344FF221A70019B1B8801339AB2019B82
:1041E0001A80039B1A88019B1B881946029B0B446B
:1041F00019461046FFF746FC03461946019B1A88EC
:104200008BB213449AB2019B1A80039B9B88002BAC
:1042100019D0039B9B68002B01D1072314E0019B5D
:104220001B881A46029B9818039B9968039B9B88DE
:104230001A4608F01CFC019B1A88039B9B881344B8
:104240009AB2019B1A800023184607B05DF804FB60
:1042500000B589B0039002910192ADF80230039B42
:104260009B6A002B01D1072372E000238DF81F30D9
:1042700066E0039B996A9DF81F2013465B00134478
:104280009B000B440693069B9B8802330593059B7A
:10429000FE2B01D90C235BE0059BDAB2019B1B8846
:1042A0001946029B0B440132D2B21A70019B1B8843
:1042B00001339AB2019B1A80019B1B881A46029B0C
:1042C000134416221A70019B1B8801339AB2019B7A
:1042D0001A80069B1A88019B1B881946029B0B4477
:1042E00019461046FFF7CEFB03461946019B1A8874
:1042F0008BB213449AB2019B1A80069B9B88002BB9
:1043000019D0069B9B68002B01D1072320E0019B5D
:104310001B881A46029B9818069B9968069B9B88E7
:104320001A4608F0A4FB019B1A88069B9B8813443D
:104330009AB2019B1A809DF81F3001338DF81F300F
:10434000039B93F82C309DF81F209A4291D30023B1
:10435000184609B05DF804FB00B595B005900491CE
:10436000039200231393039B1B88ADF84A30039BF1
:1043700000221A80059B93F82D30002B0ED0BDF83B
:104380004A301A4603990498FFF792FB1390139B47
:104390001193119B002B01D0119BD8E0059B9B78BA
:1043A000002B0ED0BDF84A301A4603990498FFF747
:1043B00090FC1390139B1093109B002B01D0109B2B
:1043C000C5E0059BDB78002B10D0059BDB7858B24D
:1043D000BDF84A30039A0499FFF7CBFC1390139B66
:1043E0000F930F9B002B01D00F9BB0E0059B5B68E8
:1043F000002B11D0059B5B6893F90000BDF84A3093
:10440000039A0499FFF7F4FC1390139B0E930E9BF1
:10441000002B01D00E9B9AE0059B1B89002B14D02A
:10442000059B03F10800BDF84A300193039B0093FC
:10443000049B06220221FFF7C6FD1390139B0D93E8
:104440000D9B002B01D00D9B81E0059B1B8A002B4F
:1044500014D0059B03F11000BDF84A300193039B73
:104460000093049B07220321FFF7ADFD1390139BDC
:104470000C930C9B002B01D00C9B68E0059B1B8BC5
:10448000002B14D0059B03F11800BDF84A300193AE
:10449000039B0093049B15221421FFF794FD1390B6
:1044A000139B0B930B9B002B01D00B9B4FE0059BA9
:1044B0001B6A002B0FD0059B186ABDF84A30039A7F
:1044C0000499FFF7F3FD1390139B0A930A9B002BAB
:1044D00001D00A9B3BE0059B5B6A002B0FD0059B3C
:1044E000586ABDF84A30039A0499FFF741FE1390C9
:1044F000139B0993099B002B01D0099B27E0059B87
:1045000093F82C30002B0ED0BDF84A30039A049952
:104510000598FFF79DFE1390139B0893089B002BB3
:1045200001D0089B13E0059B1B78002B0ED0BDF833
:104530004A30039A04990598FFF723FB1390139BC5
:104540000793079B002B01D0079B00E0139B1846A5
:1045500015B05DF804FB86B0039001921A460B4635
:10456000ADF80A3013468DF80930039B002B02D0BA
:10457000019B002B01D100234DE00023ADF8163044
:104580000CE0BDF81630039A13441B789AB2BDF8BC
:10459000163013449BB20133ADF81630019B1B88D3
:1045A000BDF816209A4209D3BDF816300133039A9C
:1045B00013441B789DF809209A4205D0BDF81620B7
:1045C000BDF80A309A42DCD3BDF81620BDF80A3097
:1045D0009A4201D300231EE0BDF816300233ADF835
:1045E0001430BDF81630039A13441B789BB2013B7C
:1045F000ADF81230BDF81420BDF812301A44BDF8E1
:104600000A309A4201DD002305E0019BBDF8142029
:104610001A80BDF81230184606B0704700B585B054
:1046200001900B46ADF8023013468DF8013000239F
:10463000ADF80C309DF8013003AABDF802100198C6
:10464000FFF789FF0346ADF80E30BDF80E30002BA2
:1046500001D1002304E0BDF80C301A46019B13443D
:10466000184605B05DF804FB72DF704700BF1846BE
:1046700073DF704700BF184682B00190019B93F82A
:104680003034184602B0704784B001900023039381
:104690000AE0019A039B13441B78002B01D00123ED
:1046A00006E0039B01330393039B052BF1D9002301
:1046B000184604B07047000082B003468DF80730FA
:1046C0009DF807305A1C074B83FB02135910D31770
:1046D000C91A0B469B000B44D11ACBB2184602B044
:1046E000704700BF6766666682B001900091009BCC
:1046F000DB7B012B04D1009B9A88019BA3F8242427
:1047000000BF02B0704700B585B001900091019BD9
:10471000002283F82E24009B9A88019BB3F824344E
:104720009A4216D1019B1B7983F00103DBB2002B67
:104730000FD00121019800F0B1FA0390039B002BE8
:1047400007D0019B9B6B002B03D0019B9B6B0398B5
:10475000984700BF05B05DF804FB00B585B0019037
:104760000091009B1B88262B1ED1009B1B7A012BDE
:1047700003D0009B1B7A022B17D1019B9B78184614
:10478000FFF79AFF03461946019800F087FA039055
:10479000039B002B09D0019B9B6B002B05D0019B39
:1047A0009B6B0398984700E000BF05B05DF804FBE1
:1047B00000B585B001900B468DF80330019B03F2E4
:1047C00027431846FFF760FF03468DF80F309DF82A
:1047D0000330013B032B33D801A252F823F000BF72
:1047E000F14703001548030029480300354803003A
:1047F000019B9B79002B0DD0019B93F8243083F013
:104800000103DBB2002B05D09DF80F30002B01D047
:10481000012316E0019BDB79002B05D09DF80F30BA
:10482000002B01D002230CE0019B1B7A002B01D04E
:10483000032306E0019B5B7A002B01D0042300E0F8
:104840000023184605B05DF804FB00BF82B001905C
:104850000091019B012283F83120019B0022C3F8C3
:104860002024019B03F22642009B5A60009B0022F9
:104870009A60009B02221A70009B80229A8100237A
:10488000184602B0704782B001900091019B02224D
:1048900083F83120019B93F82430002B03D0009B38
:1048A00007221A7002E0009B03221A70019B1B6909
:1048B0009AB2009B9A81019B0022C3F82024019B9D
:1048C00003F22642009B5A60019BDA68009B9A60C3
:1048D0000023184602B0704700B583B00190019BD9
:1048E0005B79002B0FD0019B93F82E3483F00103EA
:1048F000DBB2002B07D00198FFF7BEFE0346002B6A
:1049000001D0012300E0002303F00103DBB21846CD
:1049100003B05DF804FB00B585B001900B468DF83F
:104920000330019BD3F81004019BB3F81434012227
:104930001946FFF773FE0390039B002B03D0039BE4
:104940009DF803201A70019B03F15400019B03F5AD
:104950008261019B3C331A46FFF786FE03461846E8
:1049600005B05DF804FB00B585B001900091019B96
:104970005A69009B9A60019B9B699AB2009B9A813D
:10498000019B93F82430002B04D0019B062283F86E
:104990003C2003E0019B012283F83C200198FFF7B3
:1049A0009BFF0346002B13D0009B02221A750421A3
:1049B0000198FFF7B0FF0390039B0293029B002B2B
:1049C00001D0029B0FE0019B052283F8312003E018
:1049D000019B032283F83120019B03F58262019B36
:1049E000C3F820240023184605B05DF804FB00B589
:1049F00085B001900091019BDA69009B9A60019B50
:104A00001B6A9AB2009B9A81019B93F82430002B79
:104A100004D0019B062283F83C2003E0019B012285
:104A200083F83C200198FFF757FF0346002B13D073
:104A3000009B02221A7504210198FFF76CFF039076
:104A4000039B0293029B002B01D0029B0FE0019B72
:104A5000062283F8312003E0019B042283F83120F1
:104A6000019B03F58262019BC3F8202400231846B2
:104A700005B05DF804FB82B00190019B9B78002B90
:104A800006D0019B93F82030002B01D000230AE0D0
:104A9000019B9B6A042B03D0019B5B6A042B01D111
:104AA000002300E00123184602B0704784B0019053
:104AB000019B93F82430002B03D0EE23ADF80E3089
:104AC00002E01F23ADF80E30BDF80E30184604B0DA
:104AD000704782B001900B468DF80330019B9DF822
:104AE000032083F8302000BF02B0704730B587B094
:104AF00001900091009B002B02D0019B002B01D163
:104B00000E23B8E0009B78331846FFF7B4FF034646
:104B100083F00103DBB2002B01D00723ABE0019B44
:104B200000229A70019A009B141D03F178050FCDA5
:104B30000FC40FCD0FC495E8070084E80700019B60
:104B4000002283F83020009BD3F8A420019B5A63F5
:104B5000009BD3F8A820019B9A63019B4FF6FF723C
:104B6000A3F82424019B03F58262019BC3F820244F
:104B7000019B03F2264307220021184607F0A0FFFD
:104B8000019B1B7883F00103DBB2002B03D0019B58
:104B9000FF2283F85420019B03F15502019BC3F8C7
:104BA00010240198FFF782FF03461A46019BA3F8E1
:104BB00014240098019B03F15501019B03F2144357
:104BC0001A46FFF7C9FB0590059B0493049B002B35
:104BD00001D0049B4FE0019B03F23122019BC3F8FB
:104BE00018240198FFF762FF03461A46019BA3F8B9
:104BF0001C24009B03F13C00019BD3F81814019B7B
:104C000003F21C431A46FFF7A7FB0590059B03938D
:104C1000039B002B01D0039B2DE0019B012283F815
:104C20005120019B9B699AB2019BA3F84820019BEC
:104C3000012283F83C20019B00221A64019B002280
:104C400083F85020019B5A69019B5A64019B03F130
:104C50005400019B3C331A460021FFF705FD0590E7
:104C6000059B0293029B002B01D0029B03E0019B5A
:104C700001221A70059B184607B030BD82B0019022
:104C8000019B1B68012B03D0019B1B68022B01D1E8
:104C9000012300E00023184602B0704700B585B03C
:104CA00001900B468DF80330019B1B7883F00103C4
:104CB000DBB2002B01D0082309E1019B9DF8032002
:104CC0009A70019B03F2264307220021184607F041
:104CD000F7FE019B9B79002B03D0019B9B78012B56
:104CE0000FD0019BDB79002B03D0019B9B78012B1C
:104CF00007D0019BDB79002B14D0019B9B78022B02
:104D000010D1019B5B6B002B08D0019B012283F823
:104D10002D24019B5B6B0820984703E0019B002238
:104D200083F82D249DF8033019460198FFF740FDC4
:104D300003461A46019B9A70019B5B6B002B20D0A7
:104D4000019B9B78032B03D0019B9B78042B18D1EC
:104D5000019B5B79002B14D0019B93F82E3483F0D8
:104D60000103DBB2002B0CD0019B002283F830241E
:104D7000019B012283F82F24019B5B6B072098473E
:104D800003E0019B002283F82F24019B3C3318226F
:104D90000021184607F094FE019B012283F83C2075
:104DA000019B2C331846FFF769FF0346002B06D002
:104DB000019BDB6ADAB2019B83F8512003E0019B7F
:104DC000012283F85120019B93F82430002B12D04C
:104DD000019B28331846FFF751FF0346002B06D0EE
:104DE000019B9B6ADAB2019B83F8522003E0019B8E
:104DF000012283F85220019B002283F85020019B5E
:104E00009B78042B31D801A252F823F0614E0300A5
:104E1000214E0300314E0300414E0300514E03006A
:104E2000019B3C3319460198FFF710FD03901DE0EC
:104E3000019B3C3319460198FFF725FD039015E0CF
:104E4000019B3C3319460198FFF78DFD03900DE05F
:104E5000019B3C3319460198FFF7C9FD039005E01B
:104E6000019B002283F8312000E000BF019B9B786A
:104E7000002B20D0019B03F15400019BD3F8201498
:104E8000019B3C331A46FFF7EFFB0390039B002B7B
:104E900001D0039B1BE0019B93F85420019B93F8E6
:104EA000303019461046FFF7E3FB0390039B002BBD
:104EB00001D0039B0BE0019B5B6B002B06D0019B99
:104EC0005B6B019A92F831201046984700231846F0
:104ED00005B05DF804FB00BF00B585B001900091FE
:104EE000009B0393019B1B88262B10D0262B13DCE1
:104EF000102B02D0112B05D00EE001990398FFF77B
:104F0000F3FB0AE001990398FFF7FDFB05E0019927
:104F10000398FFF722FC00E000BF00BF05B05DF87A
:104F200004FB75DF704700BF184676DF704700BF8F
:104F300018467ADF704700BF18467BDF704700BF16
:104F40001846000084B00346ADF8063000230393F2
:104F500016E00F49039A13469B0013449B000B4431
:104F60001B88BDF806209A4207D1039A13469B007E
:104F700013449B00064A134406E0039B013303934A
:104F8000039B002BE5D00023184604B0704700BFF8
:104F9000FC41002082B001900B46ADF80230019B2D
:104FA000BDF802201A80019B00221A72019B05495C
:104FB00003F10A020B4603CB1060516000BF02B040
:104FC000704700BF2C42002082B00190019B4FF639
:104FD000FF721A8000BF02B0704788B00390029140
:104FE00011461A460B46ADF806301346ADF80430AC
:104FF000039B9B881A46BDF8063013440793039B16
:105000009B881946039B9B88BDF80620934228BFC6
:1050100013469BB2CB1A0693039BDB881A46BDF856
:10502000043013440593039BDB881946039BDB88FC
:10503000BDF80420934228BF13469BB2CB1A0493B9
:10504000029B5A88039B1B889A4205D3029B5A886D
:10505000039B5B889A4201D900231CE0029B9B883A
:105060001A46069B934205D8029B9B881A46079BCB
:10507000934201D200230EE0029BDB881A46049B78
:10508000934205D8029BDB881A46059B934201D2C6
:10509000002300E00123184608B0704700B583B034
:1050A0000190064B9B69002B03D0044B9B69019830
:1050B000984700BF03B05DF804FB00BF104200201A
:1050C00000B585B003460091ADF80630BDF8063056
:1050D00000991846FFF725FF0390039B002B05D08E
:1050E000039B112B02D00398FFF7D8FF039B002BE3
:1050F0000CBF01230023DBB2184605B05DF804FBAA
:1051000000B589B00190019B0793079B9BB218469D
:10511000FFF718FF0690069B002B42D0069B1A7AD9
:10512000224B1B7B9A4215D2079B9AB2069B0A33ED
:1051300019461046FFF7C4FF03468DF813309DF85B
:105140001330002B2DD0069B1B7A0133DAB2069B5D
:105150001A7226E0069B00221A72144B1B7C002B4D
:105160000FD0079B9BB23B211846FFF7DEFE059050
:10517000059B002B05D0059B082B02D00598FFF757
:105180008DFF0A4B5B69002B0BD000238DF80C3090
:10519000079B9BB2ADF80E30044B5B6903AA104627
:1051A000984700BF09B05DF804FB00BF1042002023
:1051B00030B587B00190019B002B01D10E2353E045
:1051C0002B4A019B14461D460FCD0FC495E80700DE
:1051D00084E80700264B274A1A60019B1B68002BB6
:1051E00011D0019B1B681846FFF7A3FE0490049B97
:1051F000002B01D0049B37E0019B1A681D4B1068FF
:10520000516803C308E01B48FFF797FE0490049B16
:10521000002B01D0049B27E00023059320E0059A92
:1052200013469B0013449B00134A134403930398B3
:10523000FFF7CAFE059B5B01104A1A44039B5A60A4
:10524000039B04330E4A0021184607F019FA049014
:10525000049B002B01D0032306E0059B013305933B
:10526000059B002BDBD00023184607B030BD00BFE4
:10527000104200202C420020FC410020DC41002094
:105280000151030000B587B003460091ADF8063028
:10529000009B5B7A002B1AD1009B1B7A002B03D159
:1052A000164B5B68059302E0144B9B680593009BCB
:1052B0005B68BDF806200599184607F011FA0490BE
:1052C000049B002B16D00498FFF7E8FE12E0009B29
:1052D00000221A72094B5B69002B0BD001238DF859
:1052E0000C30BDF80630ADF80E30044B5B6903AAF4
:1052F0001046984700BF07B05DF804FB104200203D
:1053000000B585B00190019BDB7B8DF80F30019BD0
:105310009B88ADF80C309DF80F30012B2CD14FF647
:10532000FF70FFF70FFE0290029B002B03D10420B9
:10533000FFF7B4FE21E0BDF80C3019460298FFF7E4
:1053400029FE029B03F10A00019B03F110014FF6B5
:10535000FF7340F2F312FFF740FE03461A46029B2A
:105360005A72074BDB89002B07D1BDF80C3002992C
:105370001846FFF787FF00E000BF05B05DF804FBAB
:105380001042002000B587B00190019B9B88ADF8CA
:105390001630BDF816301846FFF7D4FD0490049B74
:1053A000002B0ED0049B5B68184607F0CFF90390E2
:1053B000039B002B02D00398FFF770FE0498FFF7C1
:1053C00003FE00BF07B05DF804FB000000B587B026
:1053D0000190019B06330593059B1A88194BDB89C5
:1053E0009A422BD1059B5B89022B27D1019B9B887D
:1053F000ADF81230BDF812301846FFF7A3FD039048
:10540000039B002B1AD0059B0C33184600F074FA4E
:105410000346002B06D0BDF8123003991846FFF75B
:1054200031FF0BE0039B5B68184607F08FF9029091
:10543000029B002B02D00298FFF730FE00BF07B09E
:105440005DF804FB1042002000B585B00190019B7F
:105450009B88ADF80E30BDF80E301846FFF772FD90
:105460000290029B002B15D0029B03F10A00019BC6
:1054700003F108014FF6FF7340F2F312FFF7ADFDA1
:1054800003461A46029B5A72BDF80E30029918461E
:10549000FFF7F8FE00BF05B05DF804FB00B583B070
:1054A00001900091019B1B88502B12D0502B18DCCF
:1054B000122B12D0122B14DC102B02D0112B04D083
:1054C0000FE00198FFF71CFF0CE00198FFF75AFF6F
:1054D00008E00198FFF77AFF04E00198FFF7B4FFB6
:1054E00000E000BF00BF03B05DF804FB30B58FB033
:1054F0000190009100230293009B002B1AD00023FF
:105500000D9314E06B460D991846F2F7DFFB034646
:10551000002B09D0029B5A1C02920D9A92B25B009A
:105520000EA90B4423F82C2C0D9B01330D930D9BDE
:10553000132BE7D9019B1D4602AC0FCC0FC50FCC36
:105540000FC594E8070085E8070001980FB030BD4B
:1055500000B583B00346ADF80630BDF80630132B16
:1055600001D900230CE0BDF8063019460648F2F7D1
:105570007CFBBDF8063019460448F2F776FB0123A0
:10558000184603B05DF804FB3C420020384200207E
:1055900000B585B00346ADF80630002303930DE057
:1055A000039B9B00094A13440433BDF806201146AF
:1055B0001846F2F772FB039B01330393039B1D2BE9
:1055C000EED900BF00BF05B05DF804FB34420020F7
:1055D00000B583B00346ADF80630BDF80630194675
:1055E0000348F2F75AFB00BF03B05DF804FB00BFAD
:1055F0003C42002030B59BB0184B9B68DB431893AE
:10560000164B5A6818AB11461846F2F7D6FB189A93
:105610006B4611461846FFF769FF0DAC6D460FCD7E
:105620000FC40FCD0FC495E8070084E807000023DE
:1056300019930BE0199B5B001AAA134433F8303C12
:105640001846FFF7A5FF199B013319930D9B199A73
:105650009A42EFD300BF00BF1BB030BD34420020E0
:1056600000B583B001900B46ADF8023013468DF8BB
:1056700001309DF80130002B06D0BDF802301946EC
:105680000198F2F7F2FA05E0BDF8023019460198E8
:10569000F2F703FB00BF03B05DF804FB00B585B073
:1056A00001900091019B9B88ADF80E30019B1B88F7
:1056B000103B0A2B00F2888001A252F823F000BFB1
:1056C000ED56030029570300C9570300C9570300CB
:1056D000C9570300C9570300C9570300C95703003E
:1056E000C95703009357030035570300FFF782FFA4
:1056F000BDF80E301846FFF72BFF034683F0010379
:10570000DBB2002B05D0324AF0210420F1F7F2FF82
:1057100057E0019BDB7B012B53D0BDF80E301946BF
:105720002C48F2F7A2FA4CE0BDF80E301846FFF70D
:105730004FFF49E0019B1B7AC3F30313DBB28DF8E3
:105740000D309DF80D30032B8CBF01230023DAB2FE
:10575000BDF80E3019462048FFF782FF9DF80D3046
:10576000022B8CBF01230023DAB2BDF80E3019469C
:105770001A48FFF775FF9DF80D30012B8CBF0123F0
:105780000023DAB2BDF80E3019461548FFF768FF5E
:105790001AE0019B1B7A002B15D1019B5B7AC3F3A6
:1057A000C003DBB2002B14BF012300238DF80C30A3
:1057B0009DF80C20BDF80E3019460748FFF750FF42
:1057C00001E000BF00E000BF00BF05B05DF804FBD2
:1057D00088EB0300404200204C4200204842002059
:1057E0004442002000B583B00346ADF80630BDF852
:1057F0000630132B01D9002306E0BDF80630194608
:105800000348F2F763FA0346184603B05DF804FB59
:105810003842002000B583B00346ADF80630BDF82D
:1058200006301846FFF7DEFF0346002B02D0BDF816
:10583000063000E01423184603B05DF804FB00B501
:1058400087B003900B460192ADF80A30019B002B04
:1058500001D10E2338E0019B00221A60039B002B2C
:1058600001D10E2330E0039B1B68002B01D10E23D6
:105870002AE0039BDB8803F003039BB2002B01D0DB
:10588000072321E0BDF80A301846FFF7C3FF03469F
:105890008DF817309DF81730142B01D1052313E034
:1058A000039B1B799DF817209A4201D304230BE038
:1058B000039B1B689DF817200399C98801FB02F21E
:1058C0001A44019B1A600023184607B05DF804FBD8
:1058D00082B00190019B1B781AB2019B01331B78A7
:1058E0001B021BB213431BB29BB2184602B0704797
:1058F000AADF704700BF184600B585B00190019837
:10590000FFF7E6FF0346ADF80E30BDF80E3003F0AA
:105910000103002B14BF01230023DBB2184605B09E
:105920005DF804FB82B0034600918DF80730009AC1
:1059300013786FF303031370009A13786FF3071350
:1059400013709DF80730052B5BD801A252F823F0A5
:10595000695903007F59030099590300B3590300A3
:10596000CD590300E7590300009A13786FF303033E
:105970001370009A13786FF30713137040E0009AC6
:105980001378012161F303031370009A1378012146
:1059900061F30713137033E0009A1378012161F368
:1059A00003031370009A1378022161F30713137035
:1059B00026E0009A1378012161F303031370009A23
:1059C0001378032161F30713137019E0009A137819
:1059D000022161F303031370009A1378012161F32C
:1059E000071313700CE0009A1378022161F303038C
:1059F0001370009A1378022161F30713137000BF2C
:105A000000BF00BF02B0704700B595B003460291D9
:105A10000192ADF80E30029B9B78002B03D101233D
:105A20008DF81E3003E0029B9B788DF81E30029BA0
:105A30001B88ADF81C3006AB03220021184607F086
:105A40003FF8029B5B7C06AA11461846FFF76AFFE7
:105A5000029B9A7C06AB013319461046FFF762FFA2
:105A6000029BDA7B9DF81A3062F3C3038DF81A307B
:105A7000029B1A7C9DF81A3062F304138DF81A30D9
:105A8000029B1A7B9DF81A3062F300038DF81A30DE
:105A9000029B1B7D002B01D0022200E001229DF819
:105AA0001A3062F342038DF81A300DAB1C2200212C
:105AB000184607F005F8029B5B7B03F01003DBB28E
:105AC000002B06D1029B5B7B03F02003DBB2002B93
:105AD00024D004AB03220021184606F0F1FF029BFC
:105AE000DA7C04AB013319461046FFF71BFF9DF823
:105AF0001030012262F303038DF810309DF810304E
:105B0000012262F307138DF810309DF81230012244
:105B100062F342038DF8123004AB1293029B5B7B5D
:105B20008DF83430029B9B7B8DF8353008AB142206
:105B30000021184606F0C4FF07AB089306AB099393
:105B4000029B9B88ADF82C30029B9B68002B06D0F3
:105B5000029BDB88ADF82830029B9B680C93029B6C
:105B60009B69002B4FD005AB03220021184606F09D
:105B7000A7FF029B9B691B88ADF83C30029B9B6989
:105B80005B88ADF83E30029B9B695B680E9305AB6A
:105B90001193029B9B691B7B05AA11461846FFF7D0
:105BA000C1FE029B9B695A7B05AB01331946104627
:105BB000FFF7B8FE029B9B699A7A9DF8163062F354
:105BC000C3038DF81630029B9B69DA7A9DF8163074
:105BD00062F304138DF81630029B9B691A7A9DF8C4
:105BE000163062F300038DF81630029B9B699B7B95
:105BF000002B01D0022200E001229DF8163062F352
:105C000042038DF81630029BDB69002B02D0029B09
:105C1000DB69109308AA0DA9BDF80E00019BFFF7E0
:105C200067FE0346184615B05DF804FB90DF704729
:105C300000BF1846A5DF704700BF1846B5DF7047A4
:105C400000BF184682B00190019B45221A80019B3B
:105C500017225A80019B00221A71019B00225A715F
:105C6000019BFB229A71019B1B22DA7100BF02B0DB
:105C70007047000030B589B003460A46ADF80630DB
:105C80001346ADF80430BDF80430ADF81430BDF85B
:105C90000430ADF816300023ADF818300023ADF80D
:105CA0001A3003AB00221A609A8003AA05A9BDF836
:105CB00006301846FFF7BAFF0790079B002B39D034
:105CC0001E4A1F4BD31ADB081B0443F00104BDF826
:105CD00006500798F3F752F903462A461949204619
:105CE000F1F75FF8BDF80C30002B03D1BDF80E3092
:105CF000002B0ED0114A124BD31ADB081B0443F0C1
:105D00000100BDF80C301A46BDF80E300E49F1F70F
:105D100048F8BDF81030002B0CD0084A084BD31AB5
:105D2000DB081B0443F00103BDF8102007491846A7
:105D3000F1F726F8079B184609B030BDF4D20300EE
:105D40009CD20300F0EB03003CEC03007CEC03006E
:105D500010B586B001900091009B9B88ADF80E3085
:105D6000BDF80E30DB00019A134406330593019B06
:105D70001A79059B9A71009BDB7B012B02D0022BC9
:105D800005D009E0019B1A88059B1A8004E0019B5D
:105D90005A88059B1A8000BF059B1A88059B5B8863
:105DA0009A4226D9059B1A88BDF80E30114618462E
:105DB000FFF740FF0490049B002B03D1059B0122B9
:105DC0005A7116E0049B112B03D1059B01221A7115
:105DD0000FE0114A114BD31ADB081B0443F00104F6
:105DE0000498F3F7CBF803461A460D492046F0F71E
:105DF000C7FF059B9A79059BDB799A4208D9059BD9
:105E00009B799AB2BDF80E3011461846FFF732FF63
:105E100000BF06B010BD00BFF4D203009CD2030047
:105E2000D4EC030000B583B001900091009B9B88E7
:105E3000DB00019A134406331846FFF703FF00BF47
:105E400003B05DF804FB00B587B001900091009BA2
:105E50009B88ADF81630009B5B89ADF81430BDF817
:105E60001630DB00019A134406330493049B1B880D
:105E7000BDF81420934228BF13469AB2049B5A805F
:105E8000049B5B88172B38BF17239AB2049B5A8058
:105E9000019B1B69002B15D0049B5B79002B11D053
:105EA00040F67723ADF80830BDF81630ADF80A306B
:105EB000049B5B88ADF80C30019B1B6902AA11465C
:105EC00001989847049B00225A71049B00221A7182
:105ED00000BF07B05DF804FB10B588B001900091D9
:105EE000009B9B88ADF81A30009BDB88ADF818301A
:105EF000BDF81A30DB00019A134406330593BDF850
:105F00001830172B38BF1723ADF81830059B1B88A6
:105F1000BDF81820934228BF13469AB2059B5A80B9
:105F2000059B00221A71059B1A88BDF81A3011468C
:105F30001846FFF783FE0790079B002B0FD0174AE8
:105F4000174BD31ADB081B0443F001040798F3F73F
:105F500015F803461A4613492046F0F711FF059B32
:105F60005B79002B16D1019B1B69002B13D040F6E7
:105F70007723ADF80C30BDF81A30ADF80E30059B24
:105F80005B88ADF81030019B1B6903AA114601988C
:105F9000984700E000BF08B010BD00BFF4D2030076
:105FA0009CD2030008ED030030B591B00190009140
:105FB000009B04AC1D1D0FCD0FC40FCD0FC495E881
:105FC000070084E80700BDF81030ADF83E30BDF89A
:105FD0001420BDF83E30D1B2019ADB0013440A46CA
:105FE0005A73019B1B69002B19D002AB00221A6067
:105FF0009A804DF67A23ADF80830BDF83E30ADF802
:106000000A30BDF83E30019ADB0013445B7B8DF80B
:106010000C30019B1B6902AA11460198984700BFEA
:1060200011B030BD00B587B001900091009B0433E2
:106030000593059B1B88DB00019A134406330493E8
:10604000059B9B888DF80F30049B9B799DF80F2052
:10605000934228BF13468DF80E30059B1B889DF890
:106060000E2092B211461846FFF704FE00BF07B09B
:106070005DF804FB00B585B001900091019B002BF9
:1060800001D10E231DE0019B009A1A61019B45225C
:106090001A80019B45225A80019BFB221A71002322
:1060A00003930AE0039BDB00019A1344063318466E
:1060B000FFF7C8FD039B01330393039B002BF1D033
:1060C0000023184605B05DF804FB82B001900B4632
:1060D000ADF80230019B002B01D10E230EE0BDF87C
:1060E0000230162B03D9BDF80230452B01D9072306
:1060F00004E0019BBDF802201A800023184602B07C
:106100007047000010B586B001900091009B059388
:10611000019B9B88ADF81230BDF81230002B40F087
:106120009880019B1B88552B48D0552B55DC242B80
:1061300032DC102B51DB103B142B4ED801A252F84D
:1061400023F000BF9F610300A9610300DB6103002E
:10615000DB610300DB610300DB610300DB61030043
:10616000DB610300DB610300DB610300DB61030033
:10617000DB610300DB610300DB610300DB61030023
:10618000DB610300DB610300DB610300DB61030013
:10619000D1610300C76103003A2B0AD01DE00199C9
:1061A0000598FFF7D5FD19E001990598FFF73AFE2C
:1061B00014E001990598FFF746FE0FE00199059854
:1061C000FFF78AFE0AE001990598FFF7EDFE05E06A
:1061D00001990598FFF726FF00E000BFBDF81230D7
:1061E000059ADB0013449B7A002B33D0BDF81230A4
:1061F000059ADB001344DA88BDF8123011461846C0
:10620000FFF718FD0390039B002B0ED1BDF8123051
:10621000059ADB00134400229A72BDF81230059AE9
:10622000DB0013440122DA7214E0039B112B11D01E
:10623000094A0A4BD31ADB081B0443F001040398F4
:10624000F2F79CFE03461A4605492046F0F798FDF2
:1062500000E000BF06B010BDF4D203009CD20300E2
:10626000D4EC0300B0DF704700BF184666DF70470C
:1062700000BF184682B001900091019B002B01D114
:106280000E2316E0009B002B01D10E2311E0019B91
:106290001B78DE2B01D108230BE0009B1A68019BC1
:1062A0005A60019BDE221A70019B4FF6FF725A80E2
:1062B0000023184602B0704782B001900B46ADF83B
:1062C0000230019B002B01D10E230AE0019B1B78B9
:1062D000DE2B01D0082304E0019BBDF802205A8088
:1062E0000023184602B0704700B585B00190019BAD
:1062F0001B7A002B18D0019B5B8800211846FFF702
:10630000B5FF0390039B002B03D1019B00221A725F
:106310000AE0039B112B03D1019B01221A7203E0B7
:10632000019B5B680398984700BF05B05DF804FBCC
:1063300000B583B001900091009B1B79012B0BD11C
:10634000009B1A88019B5B889A4205D1019B012220
:106350001A720198FFF7C8FF00BF03B05DF804FB95
:1063600082B00190009100BF02B0704700B589B0C3
:1063700001900091009B1A88019B5B889A4236D15C
:10638000009B02330793079B1B78022B31D1079B9D
:106390001B7A042B07D0079B1B7A062B03D0079B85
:1063A0001B7A052B27D102AB00221A605A609A6033
:1063B000DA6002238DF808304FF4C073ADF80C306A
:1063C000079B1B7A052B02D10023ADF80C30009BF4
:1063D0001B8802AA11461846FFF744FF0690069B49
:1063E000002B09D0019B5B680698984704E000BF2A
:1063F00002E000BF00E000BF09B05DF804FB00B59B
:1064000085B001900091009B002B40D0019B002B98
:106410003FD0009B0393039B1B78DE2B3BD1019B5A
:106420009A88039B5B889A4202D10398FFF75CFF2E
:10643000019B1B88512B18D0512B2EDC112B1BD00C
:10644000112B2ADC012B02D0022B07D025E0019B67
:10645000043319460398FFF76BFF21E0019B0433D7
:1064600019460398FFF77CFF1AE0019B0433194695
:106470000398FFF77BFF13E0019B9A88039B5B88DF
:106480009A420CD1039B4FF6FF725A8007E000BF7F
:1064900006E000BF04E000BF02E000BF00E000BF74
:1064A00005B05DF804FBA8DF704700BF1846ADDFFC
:1064B000704700BF1846AEDF704700BF184662DF66
:1064C000704700BF184600B58FB0019000910023BF
:1064D0000393019B5869009B9B8803AA1946FFF709
:1064E000AEF90D9005AB08220021184606F0E8FA37
:1064F00004AB06930223ADF814300023ADF8163038
:10650000009B9888019B1B8905AA1946FFF7CFFFBE
:106510000D900D9B002B26D1019B9B69002B22D057
:10652000069B1846FFF7E8F90346002B1BD0039B98
:10653000002B02D0039B01221A7007AB1822002106
:10654000184606F0BDFA02238DF81C30019B089313
:10655000009B9B88ADF82430039B0A93019B9B69A9
:1065600007AA1046984700BF0FB05DF804FB00B5BE
:106570008DB001900091009B06330B93019B5869ED
:10658000009B9B8803AA1946FFF759F90A9004ABB0
:1065900018220021184606F093FA019B0593009BF0
:1065A0009B88ADF81830039B07930B9B1A88019BBF
:1065B0001B899A4225D10B9B5B89022B21D1039B1E
:1065C000002B38D00B9B0C331846FFF795F9034688
:1065D000002B06D0039B01221A7002238DF8103085
:1065E00005E0039B00221A7003238DF81030019BF5
:1065F0009B69002B1FD0019B9B6904AA10469847FA
:1066000019E00B9B1A88019B9B899A4214D1019B2C
:106610009B69002B10D000238DF810300B9B0C339E
:1066200008930B9B5B89ADF82430019B9B6904AAFE
:106630001046984700E000BF00BF0DB05DF804FBB6
:1066400000B58BB001900091019B5869009B9B881D
:1066500002AA1946FFF7F3F80990099B002B1AD1FB
:10666000029B1B78002B17D003AB18220021184681
:1066700006F026FA01238DF80C30019B0493009B51
:106680009B88ADF81430029B0693019B9B6903AA7B
:106690001046984700E000BF0BB05DF804FB00B562
:1066A00085B001900091009B002B1ED0019B002B18
:1066B0001BD0009B0393019B1B88572B10D0572B9B
:1066C00015DC102B02D0502B05D010E00199039857
:1066D000FFF7F9FE0CE001990398FFF748FF07E088
:1066E00001990398FFF7ACFF02E000BF00E000BF94
:1066F00005B05DF804FB000010B592B00190009168
:106700004F4B0AAC0FCB84E80F00019B002B01D14B
:106710000E2391E0009B002B01D10E238CE0009B07
:106720001A68019B9A61019A0AAB11461846FFF755
:10673000C6FE1190119B1093109B002B01D0109B53
:106740007AE0019B1B788DF83A300123ADF83830A0
:10675000019B9A1C0EAB19460120FFF7A4FE119075
:10676000119B0F930F9B002B01D00F9B64E002AB9A
:1067700020220021184606F0A3F90223ADF80830C4
:10678000019B1B788DF80A304223ADF80C300123B1
:10679000ADF80E3001238DF814309DF8153043F01C
:1067A00008038DF815309DF8153043F004038DF87B
:1067B000153001238DF8193001238DF81A30019B13
:1067C0005888019B03F10C0202AB1946FFF71CF934
:1067D0001190119B002B01D0119B2DE002AB2022C8
:1067E0000021184606F06CF90323ADF80830019B30
:1067F0001B788DF80A304223ADF80C300123ADF838
:106800000E3001238DF814309DF8153043F010033D
:106810008DF8153001238DF8193001238DF81A30C9
:1068200001238DF81B30019B5888019B1A1D02AB78
:106830001946FFF7E9F80346184612B010BD00BF2D
:1068400040ED030000B58DB0039002910192ADF8C8
:106850000230039B002B01D10E2342E0039B5B69B6
:1068600005AABDF802101846FEF7E9FF0B900B9B36
:106870000A930A9B002B01D00A9B32E0BDF802303C
:106880004FF6FF72934202D0059B002B01D10523E6
:1068900027E0059B1B7883F00103DBB2002B01D0BE
:1068A00008231EE0019B1B88422B01D9072318E017
:1068B00006AB10220021184606F002F9039B9B88C4
:1068C000ADF81830029B0993019B089301238DF8C2
:1068D0001A3006AABDF8023011461846FFF7EBFD44
:1068E000034618460DB05DF804FB000082B0034675
:1068F0008DF807309DF8073003F01F0205499DF918
:1069000007305B09012000FA02F241F8232000BFA2
:1069100002B0704700E100E082B003468DF8073016
:106920009DF8073003F01F0206499DF907305B0907
:10693000012000FA02F2203341F8232000BF02B008
:10694000704700BF00E100E082B003468DF80730D9
:106950009DF90730002B0BDA0B4A9DF8073003F046
:106960000F03043B13441B7EDBB25B09DBB208E080
:10697000064A9DF90730134493F80033DBB25B09F4
:10698000DBB2184602B0704700ED00E000E100E025
:1069900000B583B00190019B002B03D10449C420B2
:1069A000F6F786FD019B5B68184603B05DF804FBB3
:1069B00050ED030010DF704700BF184611DF70472D
:1069C00000BF184682B003468DF807309DF90730A6
:1069D0001F2B0CDC9DF907300F4A22FA03F303F05A
:1069E0000103002B14BF01230023DBB210E09DF94B
:1069F00007303F2B0BDC9DF90730203B012202FAC8
:106A000003F3002B14BF01230023DBB200E00123BA
:106A1000184602B0704700BFFC06FFBD82B001906F
:106A2000019B072B07D8EC22019B42FA03F303F0EA
:106A30000103002B01D1002300E00123184602B01E
:106A40007047000000B583B003468DF807309DF90C
:106A500007301846FFF7B6FF0346002B02D142F27B
:106A600001032EE09DF907301846FFF76DFF03463E
:106A70001846FFF7D3FF0346002B02D142F2020370
:106A80001FE0124B9B68002B15D09DF907305B0966
:106A90000E4A52F823209DF8073003F01F0301210E
:106AA00001FA03F319469DF907305B090A430749C8
:106AB00041F8232004E09DF907301846FFF716FF40
:106AC0000023184603B05DF804FB00BFBC32002071
:106AD00000B583B003468DF807309DF9073018469E
:106AE000FFF770FF0346002B02D142F201031FE0C3
:106AF000114B9B68002B15D09DF907305B090E4A9E
:106B000052F823109DF8073003F01F03012202FA08
:106B100003F3DA439DF907305B090A40064941F85F
:106B2000232004E09DF907301846FFF7F5FE002307
:106B3000184603B05DF804FBBC32002000B587B0F6
:106B400003468DF8073002AB14491846F2F7BAF93C
:106B500017E002AB1846FFF71BFF0590059B1B686B
:106B60000493059B59689DF80720049B104698479D
:106B70000346002B01D111230BE002AB1846F2F7BC
:106B8000CBF902AB1846FFF703FF0346002BE0D119
:106B90000023184607B05DF804FB00BF08EE0300B1
:106BA00000B587B003468DF8073002AB114918468F
:106BB000F2F788F912E002AB1846FFF7E9FE0590FC
:106BC000059B1B680493059B59689DF80720049B4F
:106BD0001046984702AB1846F2F79EF902AB1846EA
:106BE000FFF7D6FE0346002BE5D100BF00BF07B07C
:106BF0005DF804FB14EE030000B583B01620FFF728
:106C000021FF0190019B0093009B002B04D0044ABC
:106C1000A1210098F0F76EFD00BF03B05DF804FB02
:106C2000ACED030000B583B01620FFF751FF0190D3
:106C3000019B0093009B002B04D0044AAD210098D7
:106C4000F0F758FD00BF03B05DF804FBACED0300A6
:106C500000B585B0234B1B78002B01D008233CE006
:106C6000214B01221A700020FFF768FF0346112B09
:106C700001D1002331E00020FFF792FF1B4B1B687E
:106C8000029300238DF807300DF107031846F0F743
:106C900065FE02AB16491846FFF78CFE0390039B76
:106CA000002B0CBF01230023DAB20E4B1A709DF8A3
:106CB00007301846F0F768FE039B002B01D0039BBA
:106CC0000BE0094B00221A700A4B00221A70FFF7E2
:106CD00093FF0120FFF764FF0023184605B05DF81D
:106CE00004FB00BFB0420020B242002004EE0300CB
:106CF00011770200B142002000B583B01D4B1B7814
:106D000083F00103DBB2002B01D008232EE01A4BE5
:106D100001221A700120FFF711FF0346112B01D148
:106D2000002323E00220FFF73BFF00238DF8033010
:106D30000DF103031846F0F711FEFFF73FFE019037
:106D40000C4B00221A709DF803301846F0F71CFE19
:106D5000019B002B01D0019B08E0074B00221A7019
:106D6000FFF760FF0320FFF71BFF0023184603B067
:106D70005DF804FBB0420020B242002008B50B4B86
:106D80001B7883F00103DBB2002B01D008230AE05B
:106D9000074B1B78002B03D0FFF7AEFF034602E042
:106DA000FFF756FF0346184608BD00BFB242002059
:106DB000B0420020014B1B7818467047B0420020BB
:106DC00000B585B06B4611491846F2F77BF810E024
:106DD0006B461846FFF7DCFD0390039B1B6802938C
:106DE000039B5A68029B104698476B461846F2F779
:106DF00093F86B461846FFF7CBFD0346002BE7D10F
:106E000000BF00BF05B05DF804FB00BF20EE03002B
:106E100008B5FFF7D5FF00BF08BD60DF704700BFB2
:106E2000184669DF704700BF184661DF704700BF32
:106E30001846000000B583B00190019B002B03D1E0
:106E40000449C420F6F734FB019B5B68184603B085
:106E50005DF804FB2CEE030082B00190019B002B37
:106E600001D10E2304E0044B1A46019B1A60002353
:106E7000184602B0704700BF982A002010B586B0AF
:106E8000034600918DF807300098FFF7E5FF059065
:106E9000059B002B01D0059BECE002AB0C220021EE
:106EA000184605F00DFE9DF807308DF808300123D7
:106EB0008DF80A300623ADF80C30009B1A6802AB3F
:106EC00019462020FFF7ADFF0590059B002B0FD042
:106ED0006A4A6B4BD31ADB081B0443F00104059884
:106EE000F2F74CF803461A4666492046EFF748FF8A
:106EF00002AB0C220021184605F0E2FD01238DF8BB
:106F0000093000238DF80A3000238DF80B30009BE8
:106F10001A6802AB19464020FFF783FF0590059BD6
:106F2000002B0FD0554A564BD31ADB081B0443F0F5
:106F300001040598F2F722F803461A465249204602
:106F4000EFF71EFF02AB0C220021184605F0B8FD3A
:106F50009DF807308DF808304523ADF80A30009BC6
:106F60001A6802AB19462320FFF75BFF0590059BCB
:106F7000002B0FD0414A424BD31ADB081B0443F0CD
:106F800001040598F1F7FAFF03461A463F492046E7
:106F9000EFF7F6FE02AB0C220021184605F090FD3B
:106FA00001238DF80830009B1A6802AB19460120B6
:106FB000FFF737FF0590059B002B0FD02F4A304B72
:106FC000D31ADB081B0443F001040598F1F7D6FF40
:106FD00003461A462E492046EFF7D2FE02AB0C229A
:106FE0000021184605F06CFD4FF4B0630293009B3E
:106FF0001A6802AB1946A120FFF713FF0590059B05
:10700000002B0FD01D4A1E4BD31ADB081B0443F084
:1070100001040598F1F7B2FF03461A461D492046C0
:10702000EFF7AEFE02AB0C220021184605F048FD3A
:107030009DF8083043F001038DF80830009B1A6872
:1070400002AB1946A020FFF7ECFE0590059B002B34
:107050000FD00A4A0A4BD31ADB081B0443F0010481
:107060000598F1F78BFF03461A460B492046EFF7C8
:1070700087FE0023184606B010BD00BF0CD30300E6
:107080009CD203008CEE0300D4EE030020EF03003B
:1070900068EF0300B4EF030008F0030082B04FF084
:1070A0008053D3F80C319B020193019B03F10053F1
:1070B000184602B07047000010B584B00190019BE3
:1070C0001B6803930198FFF7A8FE0290019B1B68C1
:1070D000039A9A4229D2224A224BD31ADB081B0474
:1070E00043F0020320491846EFF73CFE1C4A1D4BB3
:1070F000D31ADB081B0443F00200019B1B68039AB0
:107100001A49EFF74EFE164A164BD31ADB081B043A
:1071100043F00204FFF7C2FF0246019B1B68D31A2B
:107120001A4613492046EFF72BFE029B002B03D192
:10713000104B01221A700FE0094A0A4BD31ADB08E0
:107140001B0443F001040298F1F718FF03461A46A6
:1071500009492046EFF714FE029B184604B010BD03
:107160000CD303009CD203005CF003008CF00300FE
:10717000C0F00300B3420020ECF0030000B5AFB054
:107180000190234B1B7883F00103DBB2002B3AD133
:107190009423ADF8A6300DF1A60202AB11461846B5
:1071A000FFF743FE2D902D9B002B03D02D9B052B2D
:1071B00022D129E002AB2C9327AB16491846F1F7F0
:1071C00081FE11E027AB1846FFF734FE2B902B9B76
:1071D0001B682A932B9B5A682A9B11462C98984728
:1071E00027AB1846F1F798FE27AB1846FFF722FEAB
:1071F0000346002BE6D1CBE7074A40F239112D9820
:10720000F0F778FA00E000BF2FB05DF804FB00BF94
:10721000B342002068F103000CF1030000B583B015
:107220000190019B002B03D10449C420F6F740F9DB
:10723000019B5B68184603B05DF804FB74F1030022
:107240004BDF704700BF184600B589B0019004AB12
:107250001846FFF7F5FF0790079B002B03D0079B0D
:10726000052B20D124E002AB13491846F1F72AFE82
:1072700011E002AB1846FFF7D1FF0690069B1B6892
:107280000593049A069B5968059B1046984702ABE4
:107290001846F1F741FE02AB1846FFF7BFFF034661
:1072A000002BE6D1D3E7054A6B210798F0F722FAC5
:1072B00000BF09B05DF804FB30F20300D4F1030015
:1072C00082B001900B468DF803309DF803300633F1
:1072D000DAB2019B5A7000BF02B0704782B00190D1
:1072E000019B93F84430DBB2002B14BF0123002331
:1072F000DBB2184602B0704782B00190019B043B9C
:10730000184602B0704700B583B00190019BDB6F57
:10731000002B09D0019B8033184602F08FFC0346F6
:10732000002B01D0012300E0002303F00103DBB2B6
:10733000184603B05DF804FB00B587B001900091DA
:10734000019B243B0593059B5B681B79002B04D0B4
:10735000059B5B681B79FF2B1AD1059BDB6F002B0C
:1073600016D0059B5B681A68059BC3F89420059BA3
:10737000009AC3F89820059B8033184602F026FC3B
:107380000346002B04D07B460493049805F03AFA98
:10739000059B5B681B79002B0ED1059B5B6818462B
:1073A000FFF7AAFF0390059B00225A60059B5C3300
:1073B0000399184603F07EF900BF07B05DF804FB9F
:1073C00000B585B00190019B1B79002B35D00023BF
:1073D0008DF80F302BE01B4803F058FA0346019A52
:1073E000D278B3FBF2F102FB01F29B1A8DF80E305A
:1073F0009DF80E209DF80F309A4213D09DF80F3063
:10740000019AD35C8DF80D309DF80E209DF80F3059
:107410000199895C019AD1549DF80E30019A9DF82A
:107420000D10D1549DF80F3001338DF80F30019BB2
:10743000DB789DF80F209A42CDD300BF05B05DF8F0
:1074400004FB00BFB442002000B585B0019000915C
:10745000009B47F22F52934204D87B460393039834
:1074600005F0D0F90E4803F011FA0246009BA3F58F
:107470009C43203BB2FBF3F103FB01F3D31A0293CD
:1074800003F01CFB0246029B134403F59C4320338C
:107490001946019803F09CFD00BF05B05DF804FBA0
:1074A000B442002000B585B001900091019B1B788B
:1074B000DBB2022B04D07B460393039805F0A2F9BC
:1074C0000B4803F0E3F903460A4AA2FB0312520BEE
:1074D00042F2107101FB02F29B1A0293009A029B86
:1074E0001A44019BDA6000BF05B05DF804FB00BFE1
:1074F000B44200205917B7D100B585B00190009172
:10750000009B1B79002B04D17B460393039805F065
:1075100079F9009B1B79FF2B05D0009B1B79013B60
:10752000DAB2009B1A7100BF05B05DF804FB00B52C
:1075300085B00190019B5B68002B04D17B460393CF
:10754000039805F05FF9019B5B681B79FF2B09D15C
:10755000019B5C33184603F076F80346002B01D0FC
:10756000012300E000238DF80B309DF80B3003F071
:1075700001038DF80B30019B5B681B79002B0CBF5E
:10758000012300238DF80A309DF80B30002B03D126
:107590009DF80A30002B01D0012300E0002303F006
:1075A0000103DBB2184605B05DF804FB10B584B0EA
:1075B00001902AE0019B5B68002B0FD0019B03F137
:1075C0005C04019B5B681846FFF796FE034619466C
:1075D000204603F06FF8019B00225A60019B5C3348
:1075E00003AA1146184602F0A9FF0346002B0AD150
:1075F000039B1A1D019B5A60019B5B6803F1080203
:10760000019B5A6201E000230AE0019B5B68002BAA
:10761000D0D00198FFF78BFF0346002BCAD101237E
:10762000184604B010BD00B585B00190019B5B68A1
:10763000002B04D17B460393039805F0E3F8019BEC
:1076400074331846FFF7BCFE019B5B68194601982E
:10765000FFF752FF019B0833184600F0CBFF0346AB
:10766000002B04D07B460293029805F0CBF800BFB4
:1076700005B05DF804FB00B585B001900091009B5A
:107680000293029B00221A65029B1B78002B28D0D4
:10769000029B93F84030002B05D10298FFF733FE90
:1076A0000346002B03D001238DF80F300CE0029825
:1076B000FFF77CFF03468DF80F309DF80F30002B4D
:1076C00002D00298FFF7AFFF9DF80F30002B08D0D3
:1076D000029B03F14402029B1B6F19461046FFF701
:1076E000E1FE00BF05B05DF804FB00B585B0019078
:1076F000019B1B7823F00103DBB2002B0BD0019B15
:107700001B7823F00103DBB2022B04D07B460393EA
:10771000039805F077F8019B1B7823F00103DBB297
:10772000022B06D1019B9B7963F03F03DAB2019BE8
:107730009A7100BF05B05DF804FB000000B585B08C
:107740000190019B184600F0ADF9019B44F62062C0
:107750009A6000238DF80F300EE09DF80F209DF801
:107760000F300F49895C019A13440A461A739DF839
:107770000F3001338DF80F309DF80F30022B03D8F6
:107780009DF80F30022BE8D9019B9DF80F20DA738A
:10779000019B00221A7400BF05B05DF804FB00BF16
:1077A0003CF2030082B00190019B084A9A62019B5F
:1077B00025225A84019B032283F82420019B002266
:1077C00083F8202000BF02B0704700BFD6BE898E6C
:1077D00000B583B001900091019B93F86830C3F32A
:1077E0004603DBB203F00103D9B2009A137861F3C8
:1077F00086131370009BD81C019B6933062219461F
:1078000005F035F900BF03B05DF804FB00B587B0A3
:107810000190019B0593059B002B04D17B460493AB
:10782000049804F0EFFF059BDB6F002B04D17B462F
:107830000393039804F0E6FF059BDB6F059AD2F8EB
:107840009410059AD2F898200598984700BF07B081
:107850005DF804FB08B5024802F0EEFF00BF08BD6A
:10786000B442002000B587B00390029101920093CA
:10787000039B002B02D0019B002B04D17B46059378
:10788000059804F0BFFF009B0A2B04D87B460493A5
:10789000049804F0B7FF039B5C33009A92B20199FD
:1078A000184602F004FD039B68331846FFF746FFB5
:1078B000039B08331846FFF775FF039B03F174021F
:1078C000039B9A63039B93F87720039B83F83C20E8
:1078D000039B0F4A5A63039B00225A62039B029A3E
:1078E000DA67039B0B4ADA64039B039A5A65039B8E
:1078F00000221A70029B002B06D0039B8033039A50
:107900000549184602F034F900BF07B05DF804FBE2
:1079100039730300777603000D78030000B583B058
:107920000190019B1B7883F00103DBB2002B1AD07E
:10793000019B01221A70019B5B68002B07D1019B00
:107940005C33184602F04DFE0346002B0BD0019B22
:1079500003F14402019B1B6F03F51C5310331946BE
:107960001046FFF771FD00BF03B05DF804FB00B5E2
:1079700089B001900091019B002B04D17B460793B5
:10798000079804F03FFF009B1F2B04D97B4606930A
:10799000069804F037FF019B03F15C00009B9BB24B
:1079A00011339AB202AB194602F014FD0590059B03
:1079B000002B1BD1029B04330393039B0833009AD3
:1079C000D2B211461846FFF77BFC039A137A0221C4
:1079D00061F303031372039B083319460198FFF701
:1079E000F7FE039B00221A60039B08E0059B042B13
:1079F00004D07B460493049804F004FF0023184647
:107A000009B05DF804FB00B587B001900091009BC0
:107A1000002B02D0019B002B04D17B4605930598D7
:107A200004F0F0FE009B1B79002B04D17B460493ED
:107A3000049804F0E7FE0098FFF75EFC0390009ABC
:107A4000137A6FF305131372009A137A6FF3C71347
:107A50001372009B00229A72019B03F15C00039B4E
:107A60001B881A46039902F00BFD019B1B78002B23
:107A700014D00198FFF732FC034683F00103DBB218
:107A8000002B0BD0019B03F14402019B1B6F03F5FC
:107A90001C53103319461046FFF7D6FC00BF07B041
:107AA0005DF804FB00B585B001904FF08053D3F82A
:107AB000A03003F001030393039B002B03D0039B2F
:107AC000012B06D00CE0019A13786FF34703137073
:107AD0000BE0019A1378012161F34703137004E06E
:107AE0007B460293029804F08DFE019B013306222F
:107AF0000549184604F0BBFF0198FFF7F6FD00BFEB
:107B000005B05DF804FB00BFA400001082B003467E
:107B10008DF807309DF8073003F01F0205499DF9E5
:107B200007305B09012000FA02F241F8232000BF70
:107B300002B0704700E100E082B003468DF80730E4
:107B40009DF8073003F01F0206499DF907305B09D5
:107B5000012000FA02F2203341F8232000BF02B0D6
:107B6000704700BF00E100E082B003468DF80730A7
:107B70009DF8073003F01F0206499DF907305B09A5
:107B8000012000FA02F2603341F8232000BF02B066
:107B9000704700BF00E100E082B0034600918DF81D
:107BA00007309DF90730002B0CDA009BDAB20C4944
:107BB0009DF8073003F00F03043B5201D2B20B448F
:107BC0001A7609E0009BDAB206499DF907305201A6
:107BD000D2B20B4483F8002300BF02B0704700BF4D
:107BE00000ED00E000E100E082B0019000BF02B0D3
:107BF000704782B0019000BF02B0704708B50C48D2
:107C000002F000FE0346002B0AD10A4B1B68002B32
:107C100008D0094B1B7883F00103DBB2002B01D0A5
:107C2000012300E0002303F00103DBB2184608BD86
:107C3000C4420020D0420020D942002008B50A4B9F
:107C400001225A60084B0122DA60074B4FF0FF32E5
:107C5000C3F80823044B0022C3F800220A20FFF7D0
:107C600083FF00BF08BD00BF00A0004008B5192079
:107C7000FFF7BAFFFFF7E2FF1F4B0022C3F84021D6
:107C80001D4B0122C3F840251B4B0422C3F81025CD
:107C9000194B0022C3F80425174B0022C3F808250E
:107CA000164B174AC3F86025144B164AC3F86425CF
:107CB000124B4FF48062C3F804250F4B01221A6067
:107CC00000BF0D4BD3F84031002BFAD00A4B0022F5
:107CD000C3F84021094B4FF48062C3F808251920EE
:107CE000FFF787FF084BD3F84825034BD3F84035FF
:107CF000D31A184608BD00BF00A0004000F00140A4
:107D000040A10040488000400080004008B5054B7D
:107D10004FF0FF32C3F808230120FFF725FF00BF13
:107D200008BD00BF0010004008B50B4B1B7883F066
:107D30000103DBB2002B0DD0FFF7E8FF1720FFF7A0
:107D400053FF054B01221A70FFF790FF03461846B8
:107D500001F01CFA00BF08BDD842002008B50A4B4C
:107D60001B78002B0DD01720FFF743FF1820FFF7DB
:107D70003BFF01F02FFA044B00221A701820FFF786
:107D800038FF00BF08BD00BFD842002000B583B057
:107D900003F072FE0190114B1B68019AD31A002B5D
:107DA00004DB7B460093009804F02CFD002003F0D8
:107DB000F1FC1620FFF71DFF094B00221A60094B4A
:107DC0001B78DBB2002B02D003F0B8FC01E000F01E
:107DD00047F800BF03B05DF804FB00BFD4420020A9
:107DE000D0420020CC42002000B585B00190012097
:107DF00003F0D0FC164A019B1360FFF787FFFFF7E3
:107E000035FF0390124B1B68DA68039B1344114A39
:107E10001360114B00221A701620FFF7E5FE0F4B7E
:107E200001221A700A4B1B681B68094A1268126902
:107E3000114603989847094B00221A70064B1B788D
:107E4000002B01D0FFF7A2FF00BF05B05DF804FBD7
:107E5000D0420020D4420020D9420020DA42002043
:107E600000B587B003F0C8FC034683F00103DBB222
:107E7000002B4BD0274802F0C5FC0490002305934B
:107E8000049B002B02D0049B1B68059303F0DAFCD3
:107E9000039003F0D1FC0290059B002B09D0059BB9
:107EA000DB686433029A9A4203D2012003F056FC45
:107EB0002CE0059B002B1AD0059BDB686433039AEA
:107EC0009A4214D9FFF74AFF124802F071FC0246A9
:107ED000049B934204D07B460193019804F092FCEA
:107EE000059B00225A610598FFF77EFF0EE0039B79
:107EF000B3F5FA7F0AD901F06DFA0346002B02D0E0
:107F0000FFF712FF02E003F019FCFFE700BF07B024
:107F10005DF804FBC442002000B583B0074B1B682A
:107F2000002B07D0054B1B680193044B00221A60FD
:107F3000019B984700BF03B05DF804FBDC420020C2
:107F400000B583B01A4B1B68002B1ED0184B1B6862
:107F50009B68002B04D17B460093009804F052FCF0
:107F6000144B01221A70124B1B689B68104A12684E
:107F70001269104698470F4B00221A700E4B1B785F
:107F8000002B10D0FFF702FF0DE00C4B1B7883F0A5
:107F90000103DBB2002B04D07B460193019804F06F
:107FA00031FC01F049F900BF03B05DF804FB00BFEC
:107FB000D0420020DA420020D9420020D8420020DE
:107FC00008B50C4802F0ACFB0B4B00221A600B4BBF
:107FD00000221A700A4B01221A700A4B00221A70F2
:107FE000094B00221A7000210A20FFF7D5FD00BFBF
:107FF00008BD00BFC4420020D0420020D84200206B
:10800000CC420020DA420020D942002000B583B0E3
:1080100000230193084B1B78DBB2002B05D0064BE5
:1080200000221A7000F060F801E008230193019B20
:10803000184603B05DF804FBCC42002000B589B0BF
:108040000190019B002B04D17B460693069804F017
:10805000D9FB019B1B68002B04D17B460593059837
:1080600004F0D0FB019BDB68002B04D17B4604931A
:10807000049804F0C7FB019BDB68174A934204D9BC
:108080007B460393039804F0BDFB019B5B69019A57
:108090009A4202D10823079318E0019B019A5A6182
:1080A000019B143319460D4802F04FFB0C4B1B7813
:1080B000DBB283F00103DBB2002B05D0094B1B6858
:1080C000002B01D100F010F800230793079B1846FE
:1080D00009B05DF804FB00BF60850100C4420020C8
:1080E000CC420020D042002008B50D4B1B78DBB2FB
:1080F00083F00103DBB2002B10D001F06BF90346D3
:10810000002B04D1FFF77AFD0346002B06D003F0C5
:10811000E1FA0346002B01D003F0B4FB00BF08BD19
:10812000CC42002000B585B0164B1B68002B04D153
:108130007B460393039804F065FB03F09DFB034625
:1081400083F00103DBB2002B04D07B46029302983C
:1081500004F058FB0C4B1B78002B04D07B4601939A
:10816000019804F04FFB094B1B78002B03D0064B02
:1081700001221A7001E0FFF709FE00BF05B05DF8AB
:1081800004FB00BFD0420020D9420020DA42002088
:1081900000B585B003F070FB034683F00103DBB24A
:1081A000002B04D07B460393039804F02BFB1F4B5A
:1081B0001B68002B1ED01D4B1B685B68002B04D175
:1081C0007B460193019804F01DFB194B01221A70A4
:1081D000164B1B685B68154A12681269104698476F
:1081E000134B00221A70134B1B78002B1AD0FFF789
:1081F000CDFD17E0104B1B7883F00103DBB2002BA1
:1082000004D07B460293029804F0FCFA00F0F6FFDB
:1082100001F0E0F8034683F00103DBB2002B01D04C
:1082200003F08CFA00BF05B05DF804FBD0420020DB
:10823000DA420020D9420020D842002000B583B0A5
:1082400003F01AFB034683F00103DBB2002B04D0DA
:108250007B460193019804F0D5FA094B1B68002B6B
:1082600009D1084B1B78DBB2002B02D003F066FA71
:1082700001E0FFF7F5FD00BF03B05DF804FB00BFB0
:10828000D0420020CC42002000B583B003F0F4FAC5
:10829000034683F00103DBB2002B04D07B4601933D
:1082A000019804F0AFFA0A4B1B68002B04D07B4600
:1082B0000093009804F0A6FA0A20FFF727FC01209B
:1082C000FFF724FCFFF7CCFD00BF03B05DF804FB13
:1082D000D042002000B583B003F0CEFA034683F00D
:1082E0000103DBB2002B04D07B460193019804F01C
:1082F00089FA0C4B1B68002B04D07B460093009836
:1083000004F080FAFFF72AFDFFF798FCFFF7FEFC68
:10831000054B01221A610A20FFF70EFC00BF03B0D3
:108320005DF804FBD042002000A0004008B5044BDB
:108330001B78DBB2002B01D0FFF7EEFD00BF08BDBC
:10834000CC42002082B0019000BF02B0704782B0E2
:10835000019000BF02B07047074B084AC3F8602580
:10836000054B074AC3F86425034B4FF48062C3F8FA
:10837000042500BF704700BF00F001400411004019
:1083800040A0004000B583B00190019B5B69054AA5
:10839000127813441B78184600F03AFB00BF03B074
:1083A0005DF804FBE042002008B5044B0322C3F84B
:1083B000002200F0A3FA00BF08BD00BF001000407B
:1083C00000B585B0019000911620FFF7BBFF1B2080
:1083D000FFF7B8FF009B0393FFF7BEFF00F0F0FA32
:1083E000039B2033184600F031FB039B9B6A00215E
:1083F000184600F09BFB039B1B6B1B78184600F094
:1084000007FB1E4B01221A70019803F05BFB034629
:108410001B4A1360039BDA691A4BC3F80425194BF6
:108420000022C3F81021174B1022C3F80423164B67
:1084300001225A64134B01221A60134BD3F84435BE
:1084400001330121184600F0DFF9039B93F8343023
:10845000012B09D90B4B0722C3F80022039B1C33C5
:108460001846FFF78FFF01E0FFF79EFF1620FFF78A
:108470006EFF00BF05B05DF804FB00BFE0420020C6
:10848000E44200200010004000A0004000B587B08A
:108490000190114BD3F84025104B1B6813440593F2
:1084A00003F0EAFA0490019BDB6A019A1C320599F9
:1084B0001046984703F0E0FA0390039A049BD31AFE
:1084C000503B002B04DB7B460293029804F09AF9A0
:1084D00000BF07B05DF804FB00A00040E4420020AC
:1084E00000B583B001901B20FFF731FF00F03AFA8E
:1084F000FFF718FE019B002283F8382000BF03B06D
:108500005DF804FB00B587B001901720FFF71AFF54
:10851000019B0593214BD3F81031002B04D17B46EE
:108520000493049804F06EF91C4B0022C3F8102148
:108530001B4B1B780133DAB2194B1A7000F0CAF9E1
:10854000059B93F83420164B1B789A4206D2059867
:10855000FFF79CFF0598FFF7C3FF18E0059B93F812
:1085600034200F4B1B789A4205D9059B1C331846C3
:10857000FFF708FF01E0FFF717FF084BD3F81031B2
:10858000002B04D07B460393039804F03BF917209B
:10859000FFF7DDFE00BF07B05DF804FB00100040F0
:1085A000E042002084B001900B468DF80330134662
:1085B0008DF80230019B5B780A3303939DF80230FB
:1085C000042B02D1039B013303939DF80230084A28
:1085D000D35C1A46039B03FB02F32E3302939DF8F0
:1085E0000330029A02FB03F39833184604B0704735
:1085F00040F2030000B585B00190019BDB6A002BBF
:1086000004D17B460393039804F0FCF8019B93F894
:108610003830002B01D0112327E0019B154A1A6046
:10862000019B154A5A60019BD869019B93F834104D
:10863000019B93F824301A46FFF7B4FF0246019BD2
:10864000DA60019B019A1A61019B012283F83820AC
:10865000019B1846FFF7F2FC0346002B04D07B4633
:108660000293029804F0CEF80023184605B05DF896
:1086700004FB00BFC18303000585030000B587B07C
:10868000034600918DF80730009B002B04D17B46F8
:108690000493049804F0B6F89DF80730002B08D036
:1086A0009DF80730012B04D07B460393039804F018
:1086B000A9F89DF80730154A52F83330059311E0B8
:1086C000059B0C3B0293029B5B68029A92681146E1
:1086D000009898470346002B01D0012311E0059B29
:1086E0001B680593059B002BEAD19DF807200749DD
:1086F000D3000B445B68591C0448D3000344596001
:108700000023184607B05DF804FB00BFE8420020D4
:1087100082B001900091019B1B7803F00203DBB251
:10872000002B01D1094B01E04FF00313019A12789D
:10873000C2F38502D2B2120205491A43009B03F527
:10874000A27341F8232000BF02B07047030013005A
:108750000060004082B001900091009B00221A60EE
:108760001149124B9B78009AA23341F833200F4BEA
:108770001B799B0003F1804303F5C0430A4A0B4970
:1087800089780846194600F1A203DB0013445960BA
:10879000064B9B781946044A01238B40C2F80435E6
:1087A00000BF02B0704700BF00F00140F842002057
:1087B00082B00190019B1B7803F00103DBB2002B18
:1087C0001FD0019B1B7803F00203DBB2002B0CD0FF
:1087D000019B1B78C3F38503DBB219464FF0A0421F
:1087E00001238B40C2F80C350BE0019B1B78C3F3CF
:1087F0008503DBB219464FF0A04201238B40C2F83B
:10880000083500BF02B0704700B583B001900091F9
:10881000134B5B79DBB2002B1DD0114B1B7803F09F
:108820000103DBB2002B16D00D4B9B7819460C4888
:10883000FFF76EFF009B9A000A4B13441946084845
:10884000FFF788FF0849019B03F11602009B03F51F
:10885000A87341F8232000BF03B05DF804FB00BFFC
:10886000F842002040A1004000A0004000B583B0C5
:1088700001900091134B5B79DBB2002B1DD0114BA3
:108880005B7803F00103DBB2002B16D00D4B9B7815
:1088900019460D48FFF73CFF009B9A000B4B134411
:1088A00019460948FFF756FF0949019B03F11602D3
:1088B000009B03F5A87341F8232000BF03B05DF8C7
:1088C00004FB00BFF8420020F942002040A1004014
:1088D00000A00040074B5B79DBB2002B07D0054BB3
:1088E0009B781946044A01238B40C2F8083500BF23
:1088F000704700BFF842002000F00140154B5B7943
:10890000DBB2002B23D0144B0022C3F81021134AF2
:10891000104BDB78A233124942F833100D4B1B7910
:108920009B0003F1804303F5C0430C4A0949C97811
:108930000846194600F1A203DB0013445960054BB9
:10894000DB781946054A01238B40C2F8043500BF85
:10895000704700BFF84200200010004000F00140C6
:108960001011004008B5124B5B79DBB2002B1CD014
:108970000F4B9B781A46012303FA02F20C4BDB786B
:10898000194601238B400B491343C1F808350A4AA5
:10899000074B1B7903F5A273002142F8231004480A
:1089A000FFF706FF0548FFF703FF00BF08BD00BF44
:1089B000F842002000F0014000600040F942002031
:1089C000114B0022C3F8FC2F0F4B0122C3F8FC2FE0
:1089D0000D4B40F25B62C3F838250B4B40F203129B
:1089E000C3F83425084B094AC3F83C25064B9622A8
:1089F000C3F84425044BD3F85036034A43F001032F
:108A0000C2F8503600BF7047001000405555550061
:108A100000B585B00190019B272B04D97B460393B9
:108A2000039803F0EFFE074A019B13441A78064BA4
:108A3000C3F80825044A019BC2F8543500BF05B0AD
:108A40005DF804FB48F203000010004000B589B057
:108A50000190019B002B04D17B460793079803F0FC
:108A6000D1FE019B1B79052B04D97B460693069802
:108A700003F0C8FE019B5B88002B04D17B46059365
:108A8000059803F0BFFE019B5B880233B3F5817F3D
:108A900004D97B460493049803F0B4FE019B1A7832
:108AA000214BC3F80C25019B1A791F4BC3F81025E5
:108AB000019B5B88DBB21C4A43F0007343F44033F4
:108AC000C2F81835019B5B88252B01D9082300E0EB
:108AD00006230393039BC3F108030293029B1B0429
:108AE00003F47022039B03F00F0313430E4A43F475
:108AF0008073C2F814350C4BD3F814350A4A43F48A
:108B00008013C2F81435019B1B79042B07D1064B47
:108B1000D3F81435044A43F08073C2F8143500BF0B
:108B200009B05DF804FB00BF0010004000B585B03F
:108B3000019000911A4BD3F818351B0C03F0070372
:108B4000032B04D07B460393039803F05BFE009B4A
:108B5000002B03D0009B012B0BD017E0104A019B88
:108B60001B0EC2F824350E4A019B1B02C2F81C35AD
:108B700012E0019B1B0C0A4A03F47F43C2F8243520
:108B8000074A019B1B02C2F8203505E07B46029391
:108B9000029803F037FE00BF00BF05B05DF804FB8C
:108BA0000010004082B003468DF807309DF8073072
:108BB00003F01F0206499DF907305B09012000FA06
:108BC00002F2403341F8232000BF02B0704700BFDB
:108BD00000E100E082B003468DF807309DF80730D1
:108BE00003F01F0206499DF907305B09012000FAD6
:108BF00002F2603341F8232000BF02B0704700BF8B
:108C000000E100E082B0019000BF02B0704782B086
:108C1000019000BF02B070470A4B5B790133DAB2B2
:108C2000084B5A71074B5A79064B93F82F309A42EA
:108C300002D3044B00225A71024B02221A7100BF68
:108C4000704700BF00430020054B9A6A044B5B6AE3
:108C50009A420CBF01230023DBB21846704700BFC5
:108C60000043002000B585B01E4B9B68002B04D04C
:108C70007B460393039803F0C5FD3C221A491B4829
:108C800001F0A8FB0346002B0CBF012300238DF845
:108C90000B309DF80B30002B0AD0124B9B6804332D
:108CA0000193019B03F11402114BC3F8042504E066
:108CB0000C4B9B6901330B4A93619DF80B30002BE1
:108CC00014BF01230023DBB283F00103DBB203F006
:108CD0000103DAB2034B9A709DF80B30184605B0C9
:108CE0005DF804FB0043002008430020844300207B
:108CF0000010004000B583B0FFF762FE2448FFF784
:108D0000A5FE244B0022C3F83025002301931FE069
:108D1000214A019B0A339B0013449B68002B14D00B
:108D20001D4A019B0A339B0013449B680199184616
:108D3000FFF7FCFE174BD3F830250121019B01FA08
:108D400003F314491343C1F83035019B01330193F8
:108D5000019B072BDCD90F4B0822C3F804230D4BD2
:108D60001122C3F800220B4B0022C3F804210B4B45
:108D70000B4AC3F86025094B0A4AC3F86425074B20
:108D80004FF48062C3F8042500BF03B05DF804FB14
:108D90001C430020001000400043002000F0014070
:108DA000041100404880004000B583B0EFF3108309
:108DB000019372B6074B5B78002B02D00120FFF7BE
:108DC000F1FE019B002B01D162B600BF00BF03B0D2
:108DD0005DF804FB0043002008B51620FFF717FFDD
:108DE0000E4B01221A610D4B0022C3F80C210C4BD3
:108DF0009B68002B08D00A4B9B681946094801F074
:108E000059FC074B00229A6000BF044BD3F8503541
:108E1000002BFAD1FFF7A6FD00BF08BD00100040EF
:108E2000004300208443002000B583B0234BD3F8D7
:108E30005035002B04D07B460193019803F0E2FCEF
:108E40001F4B5B791A461E4B134493F82C3018467F
:108E5000FFF7DEFD1A4BDB78002B04D0FFF74AFF4B
:108E6000174B0022DA70FFF7FDFE0346002B1ED0E1
:108E7000144B01225A64114B01225A60114BD3F852
:108E80004435013301211846FFF7F0FCFFF736FDAA
:108E90000C4B0022C3F844210A20FFF79BFE094B2C
:108EA0004FF40032C3F804231620FFF7ABFE044B47
:108EB00001221A7100BF03B05DF804FB00100040EE
:108EC0000043002000A0004000B585B01920FFF746
:108ED00099FE00238DF80F30544B9B6804330293A6
:108EE000534BD3F80034002B05D1504B1B69013391
:108EF0004E4A13610FE0029B5B7D9AB24B4BDB8BBA
:108F00009A4205D9494B5B690133484A536102E0F3
:108F100001238DF80F309DF80F30002B76D0444B95
:108F2000D3F84835DBB25B42DBB25AB2029B5A72CD
:108F30003F4BD3F808343D4A0A339B0013449A68E8
:108F4000029B5A603A4BD3F85435DBB203F03F032F
:108F5000DAB2029B1A72374BD3F848350193019865
:108F600002F0B0FD0246029B1A60029B03F10B0067
:108F7000029B17330622194603F079FD029B1B7DE5
:108F8000C3F38013DBB203F07F03D9B2029A937A62
:108F900061F347039372029B1B7DC3F30303DBB2B0
:108FA0001A46029B5A74214BDB6801331F4AD36077
:108FB0001E4BD3F89032002B05D01C4BD3F89032C7
:108FC00001990298984702990020FFF757FB034642
:108FD00083F00103DBB2002B11D0144B9968029B84
:108FE0005B7D9BB217339BB21A46134801F048FAD7
:108FF0000E4BD3F88030184600F096FD0CE00B4B7A
:109000009B6819460C4801F055FB05E0074B9B682F
:109010001946094801F04EFB044B00229A601920C2
:10902000FFF7F5FD00BF05B05DF804FB004300202D
:1090300000100040008000408443002000B583B051
:109040000B4B1B79002B0DD0002B05DB013B012BBB
:1090500002D8FFF7E9FE06E07B460193019803F092
:10906000D1FB00E000BF00BF03B05DF804FB00BF10
:109070000043002000B583B0144B1B79022B06D0AF
:10908000022B18DC002B13D0012B05D013E0FFF7C7
:10909000A3FEFFF7C9FE15E0FFF7E4FD0346002B32
:1090A0000FD00B4B01229A601620FFF7ABFD08E0B2
:1090B000FFF792FE06E07B460193019803F0A2FBC6
:1090C00000E000BF00BF03B05DF804FB00430020D8
:1090D0000010004000B583B00E4B1B79022B06D068
:1090E000022B0CDC002B07D0012B0ED007E0FFF782
:1090F00073FEFFF799FE09E0FFF76EFE06E07B4680
:109100000193019803F07EFB00E000BF00BF03B0B5
:109110005DF804FB0043002000B583B0194B1B78B9
:10912000012B02D0022B03D022E0FFF755FE25E0F1
:10913000154BD3F85035032B13D801A252F823F066
:10914000519103005D910300579103005D9103006D
:10915000FFF774FF0BE0FFF78DFF08E0FFF7BAFFA2
:1091600005E07B460193019803F04CFB06E005E027
:109170007B460093009803F045FB00BF00BF03B09F
:109180005DF804FB004300200010004000B583B0F0
:1091900001901B20FFF736FD1A20FFF733FD0C4B23
:1091A00001225A700A4B0022DA70FFF7A3FD084B28
:1091B0001B78022B05D1064B1B79002B01D0FFF742
:1091C00033FE1B20FFF723FD00BF03B05DF804FB57
:1091D0000043002008B51C20FFF714FD064B0022B9
:1091E0005A70FFF7F9FD1A20FFF711FD1C20FFF759
:1091F0000EFD00BF08BD00BF0043002008B51D20C4
:10920000FFF700FD0B4BD3F80C31002B0BD01620D1
:10921000FFF7FDFC074B0022C3F80C21054BD3F8E8
:109220000C31FFF751FEFFF777FF1D20FFF7EFFC32
:1092300000BF08BD0010004000B583B00D4BD3F84F
:109240004431002B04D17B460193019803F0DAFAF4
:10925000084B4FF40032C3F80823064B0022C3F832
:109260004421044BD3F84431FFF734FB00BF03B073
:109270005DF804FB00A0004000B583B001900091B0
:10928000044B00221A71FFF78FFD00BF03B05DF899
:1092900004FB00BF0043002000B583B001900091A3
:1092A000FFF7BAFCFFF780FD00BF03B05DF804FBD9
:1092B00000B583B001F002FC0190FFF7C5FC034646
:1092C000002B03D0094801F05BFE07E0084B5A6A07
:1092D000019B13441946054801F07AFE019905489F
:1092E00001F076FE00BF03B05DF804FB6843002088
:1092F000004300205043002000B583B001904FF49C
:1093000025720021134803F0DBFB4FF40072124971
:10931000124800F0CCFF00F0B9F90E4B00221A778A
:109320000C4B2522DA830B4B0D4A1A67094B0D4A69
:109330009A65084B01221A70064B01221A71019896
:1093400000F0C0FB0346034AC2F8803000BF03B000
:109350005DF804FB0043002090430020844300207C
:10936000799203009992030000B585B001900A4BF1
:10937000D3F89032002B07D0019B002B04D07B4602
:109380000393039803F03EFA034A019BC2F890321C
:1093900000BF05B05DF804FB0043002000B583B0BA
:1093A0000B4B1B78002B04D17B460193019803F0F3
:1093B00029FA074B1B78012B06D1FFF779FF044BE5
:1093C00002221A70FEF790FE00BF03B05DF804FBA6
:1093D00000430020044B1B78022B0CBF0123002309
:1093E000DBB21846704700BF0043002000B583B0D1
:1093F00011E0019B043319460120FFF73FF90346B2
:10940000002B05D0019B0433184600F013F802E04E
:10941000019B043308E001AB1946054801F08EF8C2
:109420000346002BE5D00023184603B05DF804FB8B
:109430008443002000B585B00190019B002B04D12E
:109440007B460393039803F0DDF9019B043B194627
:10945000064801F02FF9064B9B78002B01D0FFF74F
:10946000A3FC00BF05B05DF804FB00BF84430020EF
:109470000043002008B5034801F0B3F8034618463E
:1094800008BD00BF8443002082B003468DF807303A
:10949000054A9DF8073082F82030034B0122DA702C
:1094A00000BF02B0704700BF0043002000B587B086
:1094B00001900091019A009B9A4204D27B46059349
:1094C000059803F09FF9019B144A934204D97B4607
:1094D0000493049803F096F9009B40F6B732934248
:1094E00004D87B460393039803F08CF90C4A019B44
:1094F00093620B4A009B5362094B9B6A084A53676D
:10950000074B9B6A064AD365054B1B78022B01D19A
:10951000FFF7CEFE00BF07B05DF804FB000071024C
:109520000043002084B001900B468DF80330224A9E
:1095300002AB1268114619800233120C1A70002314
:109540008DF80F302EE000238DF80E3000238DF8BB
:109550000D3015E09DF80F30019A13441A789DF8EC
:109560000D3004A90B4413F8083C9A4203D101239F
:109570008DF80E3008E09DF80D3001338DF80D3078
:109580009DF80D30022BE5D99DF80E3083F00103D4
:10959000DBB2002B01D000230BE09DF80F3001332C
:1095A0008DF80F309DF80F209DF803309A42CAD3F2
:1095B0000123184604B0704770F2030000B585B06F
:1095C00001900B468DF803309DF80330002B03D03B
:1095D0009DF80330032B04D97B460393039803F0D3
:1095E00011F99DF8033019460198FFF79BFF0346D8
:1095F00083F00103DBB2002B04D07B460293029878
:1096000003F000F99DF803301A460199074803F06A
:109610002EFA074B00225A71054A9DF8033082F852
:109620002F3000BF05B05DF804FB00BF2C430020C5
:109630000043002000B585B001900B468DF8033043
:109640009DF80330002B03D09DF80330082B04D97C
:109650007B460393039803F0D5F8202200210948A4
:1096600003F02EFA9DF803309B001A460199054835
:1096700003F0FDF9044B0122DA7000BF05B05DF87C
:1096800004FB00BF304300200043002000B583B03E
:109690000F4A01AB1268114619800233120C1A707E
:1096A00001AB03211846FFF789FF0A4B00936B4675
:1096B00001211846FFF7BEFF0320FFF7E5FE06492C
:1096C0000548FFF7F3FE00BF03B05DF804FB00BFE1
:1096D00070F20300D6BE898E80841E0082B00346DD
:1096E0008DF807309DF8073003F01F0205499DF9FA
:1096F00007305B09012000FA02F241F8232000BF85
:1097000002B0704700E100E082B003468DF80730F8
:109710009DF8073003F01F0206499DF907305B09E9
:10972000012000FA02F2403341F8232000BF02B0CA
:10973000704700BF00E100E082B0034600918DF861
:1097400007309DF90730002B0CDA009BDAB20C4988
:109750009DF8073003F00F03043B5201D2B20B44D3
:109760001A7609E0009BDAB206499DF907305201EA
:10977000D2B20B4483F8002300BF02B0704700BF91
:1097800000ED00E000E100E082B003468DF8073014
:109790009DF90730002B0BDA0B4A9DF8073003F0D8
:1097A0000F03043B13441B7EDBB25B09DBB208E012
:1097B000064A9DF90730134493F80033DBB25B0986
:1097C000DBB2184602B0704700ED00E000E100E0B7
:1097D00082B003468DF807309DF907301F2B0CDC53
:1097E0009DF907300F4A22FA03F303F00103002B1F
:1097F00014BF01230023DBB210E09DF907303F2B9B
:109800000BDC9DF90730203B012202FA03F3002B09
:1098100014BF01230023DBB200E00123184602B08D
:10982000704700BFFC06FFBD82B00190019B072B73
:1098300007D8EC22019B42FA03F303F00103002B4B
:1098400001D1002300E00123184602B07047000058
:1098500000B583B003468DF807309DF907301846F0
:10986000FFF7B6FF0346002B02D142F201032EE0C0
:109870009DF907301846FFF787FF03461846FFF7A4
:10988000D3FF0346002B02D142F202031FE0124B2A
:109890009B68002B15D09DF907305B090E4A52F8E2
:1098A00023209DF8073003F01F03012101FA03F381
:1098B00019469DF907305B090A43074941F82320FF
:1098C00004E09DF907301846FFF708FF002318460B
:1098D00003B05DF804FB00BFBC32002000B583B0CC
:1098E000034600918DF807309DF907301846FFF7C1
:1098F0006FFF0346002B02D142F201030FE00098F4
:10990000FFF792FF0346002B02D142F2020306E06A
:109910009DF9073000991846FFF70EFF00231846FF
:1099200003B05DF804FB82B001900091009B5B09DD
:109930009B00019A13441A68009B03F01F0322FA4C
:1099400003F303F00103002B14BF01230023DBB258
:10995000184602B0704782B001900091009B5B09ED
:109960009A0001990A441168009A02F01F0201202E
:1099700000FA02F29B00019803440A431A6000BFF8
:1099800002B0704782B001900091009B5B099A0081
:1099900001990A441168009A02F01F02012000FA9E
:1099A00002F2D2439B00019803440A401A6000BFB0
:1099B00002B0704700B583B00190019B1B78002B6B
:1099C0000ED0012B1AD1019B5B68002B13D0019B99
:1099D0005B68019A9068019AD268114698470AE03C
:1099E000019B5B68002B08D0019B5B68019A926821
:1099F0001046984701E000BF00E000BF00BF03B081
:109A00005DF804FB08B500F02BF900BF08BD0000AD
:109A100008B5044B1B780F2B02D01220FFF774FE01
:109A200000BF08BDF046002000B585B003468DF8A4
:109A30000730144A9DF807301370134B134A1A600D
:109A4000114B10225A60104B10229A600E4800F001
:109A5000DDF90F4800F064FE0A4B1B780F2B0DD088
:109A6000084B1B7819461220FFF738FF0346002BDE
:109A700004D07B460393039802F0C4FE00BF05B0F8
:109A80005DF804FBF046002094450020A845002026
:109A9000E846002000B583B0094B1B780F2B0AD095
:109AA0001220FFF7D5FE0346002B04D07B4601931E
:109AB000019802F0A7FE00BF03B05DF804FB00BFF1
:109AC000F046002000B587B00190019B002B04D127
:109AD0007B460593059802F095FE114B1B680D2BF4
:109AE00004D97B460493049802F08CFEEFF31083B4
:109AF000039372B60A4B1B685A1C09490A60029309
:109B00000849029B019A41F82320039B002B01D1B5
:109B100062B600BF029B184607B05DF804FB00BFA9
:109B2000E4460020AC46002000B585B001900E4B05
:109B30001B68019A9A4204D37B460393039802F070
:109B400061FEEFF31083029372B601990748FFF7A5
:109B500002FFFFF75DFF029B002B01D162B600BF41
:109B600000BF05B05DF804FBE4460020A8460020D5
:109B700000B589B0039002910192039B002B04D1A0
:109B80007B460793079802F03DFE029B002B04D111
:109B90007B460693069802F035FEEFF3108305939B
:109BA00072B6039B029A9A60039B019ADA60039B48
:109BB00000221A74039B039A1A60059B002B01D1A3
:109BC00062B600BF00BF09B05DF804FB00B587B006
:109BD0000190019B002B04D17B460493049802F072
:109BE00011FE019B9B68002B04D17B4603930398D5
:109BF00002F008FEEFF31083029372B6019B1B7C08
:109C0000DBB2002B02D0112305930BE0019B012254
:109C10001A74019B1946084800F097FDFFF7F8FEFB
:109C200000230593029B002B01D162B600BF059B68
:109C3000184607B05DF804FBE846002000B585B083
:109C40000190019B002B04D17B460393039802F003
:109C5000D9FD019B1B7CDBB2184605B05DF804FB07
:109C600000B58DB001238DF82F303D4B1B78002BB4
:109C700004D07B460893089802F0C4FD384B0122BB
:109C80001A7000230A932BE00A993648FFF74BFE1F
:109C90000346002B21D0EFF31083059372B60A9987
:109CA0003048FFF76FFE059B002B01D162B600BF65
:109CB0002D4A0A9B52F82330984703468DF81330FB
:109CC0009DF8133083F00103DBB2002B05D0002395
:109CD0008DF82F300A98FFF727FF0A9B01330A936C
:109CE000224B1B680A9A9A42CED3214800F060FDAD
:109CF00009901CE0099B1B680793079B1B7CDBB248
:109D000083F00103DBB2002B04D07B460693069858
:109D100002F078FD079B9B68079AD2681046984727
:109D2000079B00221A74124800F042FD0990099B1B
:109D3000002BDFD103E06B461846FFF73BFE6B4676
:109D400019460C4800F095F80346002BF3D0044B5D
:109D500000221A709DF82F3018460DB05DF804FBF4
:109D6000F1460020A8460020AC460020E446002032
:109D7000E84600209445002000B583B000F0EEF8DE
:109D800003468DF807309DF807305BB213F1100FD2
:109D900013D11D4B1B780F2B08D0122000F0E8F8D0
:109DA000034683F00103DBB2002B01D0012300E066
:109DB000002303F00103DBB222E09DF807305BB221
:109DC0001846FFF7E1FC034600930F4B1B781A4639
:109DD000009B9A420ED00C4B1B781A46009B9A426D
:109DE0000AD2122000F0C4F8034683F00103DBB26C
:109DF000002B01D0012300E0002303F00103DBB2BC
:109E0000184603B05DF804FBF046002000B587B0AB
:109E10000190019B002B04D17B460593059802F02D
:109E2000F1FC019B5B68002B07D0019B1B68002B9A
:109E300003D0019B9B68002B04D17B4604930498BC
:109E400002F0E0FC019B9A68019B9B68013B134078
:109E5000002B04D07B460393039802F0D3FC019BB4
:109E60000022DA60019B00221A6100BF07B05DF892
:109E700004FB00B585B001900091019B002B01D13E
:109E80000E2339E0019B9B68002B01D1092333E0AD
:109E9000EFF31083039372B6019B1A69019BDB6891
:109EA0009A4206D1039B002B01D162B600BF052365
:109EB00022E0019B1A68019B5B680199086901997E
:109EC00089680139014001FB03F313440293009BAD
:109ED000002B06D0019B5B681A460299009802F09D
:109EE000C6FD019B1B695A1C019B1A61039B002B39
:109EF00001D162B600BF0023184605B05DF804FB2F
:109F000082B00190019B072B23D801A252F823F0C5
:109F10003D9F0300459F0300359F0300319F0300D1
:109F20004F9F03004B9F0300419F0300399F030095
:109F300064230FE096230DE014230BE0FA2309E0DD
:109F40001E2307E04FF4FA7304E0322302E04B23B0
:109F500000E0FA23184602B0704700BF034B5B686D
:109F6000DBB2103BDBB25BB21846704700ED00E09D
:109F700082B003468DF807300F4A9DF90730002B59
:109F800000DA1F335B115BB252F823209DF90730D2
:109F9000594203F01F0301F01F0158BF4B425BB24F
:109FA00022FA03F303F00103002B14BF0123002363
:109FB000DBB2184602B0704700E100E000B587B0A0
:109FC0000590049102931346ADF80E30BDF80E30A3
:109FD0000093049B029A07490020F9F72FFD09AB73
:109FE0001A4608990020F9F761FB00BF07B05DF839
:109FF00004FB00BF88F2030084B003900291019239
:10A00000054A039B1360029B044A1360044A019BA8
:10A01000136000BF04B07047AC2C0020B02C0020AF
:10A02000B42C002082B001900091019B9B68009AA3
:10A03000D31A9BB2184602B0704782B001900B460B
:10A04000ADF80230019B9A68BDF8023013441846FF
:10A0500002B0704700B585B001900091009B1B884D
:10A0600019460198FFF7E9FF03461B880433ADF852
:10A070000C30009B1A88BDF80C3003339BB223F0E0
:10A0800003039BB21344ADF80E30BDF80E20019BC4
:10A090001B88043B9A4202D90023ADF80E30009B86
:10A0A000BDF80E201A8000BF05B05DF804FB00B5B6
:10A0B00085B00190009100990198FFF7B3FF034626
:10A0C000ADF80E300DF10E0319460198FFF7C2FFEF
:10A0D000BDF80E3019460198FFF7AFFF034618464A
:10A0E00005B05DF804FB00B585B001900091019BBF
:10A0F0009B68019A92881344009A9A4204D07B4646
:10A100000393039802F07EFB009B00229A70019B50
:10A11000043319460198FFF79DFF019B9B88194660
:10A120000198FFF78AFF03469B78042B02D1019B1D
:10A1300000229A8000BF05B05DF804FB00B585B031
:10A1400001900091019B9B68019A52881344009AE8
:10A150009A4204D07B460393039802F053FB009B82
:10A1600000229A7000BF05B05DF804FB82B0019038
:10A17000019B1B88043B9BB2184602B0704700B598
:10A1800085B001900B46ADF80230019B5B88194603
:10A190000198FFF752FF0390039BBDF802201A803D
:10A1A000039B01229A70039B184605B05DF804FBDF
:10A1B00000B583B0019000210198FFF73EFF0346F0
:10A1C00000229A70019B00225A80019B00229A80F3
:10A1D00000BF03B05DF804FB00B587B001900B46EB
:10A1E000ADF80230BDF8023007339BB223F0030311
:10A1F000ADF81230019B5A88019B9B889A420FD27E
:10A20000BDF81220019B9B881946019B5B88CB1AE5
:10A210009A4202DC0023059344E00423059341E0C5
:10A22000019B5A88019B9B889A4229D9019B1B88D4
:10A230001A46019B5B88D31A0393BDF81230039A28
:10A240009A4202D3002305932CE0019B9B88BDF822
:10A2500012209A4211D8039B032B08D9019B5B88DB
:10A2600019460198FFF7E9FE034604229A70019B04
:10A2700000225A800023059314E00423059311E083
:10A28000019B9B8819460198FFF7D7FE03469B78F0
:10A29000002B05D10198FFF78BFF0023059301E008
:10A2A00004230593059B184607B05DF804FB00B531
:10A2B0008BB0039002911346ADF80630029B002B41
:10A2C00004D17B460993099802F09CFA039B002B6A
:10A2D00004D17B460893089802F094FA029BB3F1EC
:10A2E000005F09D94FF08053D3F80C3103F50023F8
:10A2F0009A02029B9A4212D8029BB3F5000F09D929
:10A300004FF08053D3F80C3103F500539A02029BAF
:10A310009A4204D87B460793079802F073FABDF877
:10A320000630013B029A1344B3F1005F0ED9BDF829
:10A330000630013B029A13441A464FF08053D3F87B
:10A340000C3103F500239B029A421BD3BDF8063063
:10A35000013B029A1344B3F5000F0ED9BDF8063045
:10A36000013B029A13441A464FF08053D3F80C3144
:10A3700003F500539B029A4204D37B46069306984A
:10A3800002F040FABDF80630042B04D87B46059352
:10A39000059802F037FA039BBDF806201A80039B4C
:10A3A00000225A80039B00229A80039B029A9A60A3
:10A3B00000210398FFF741FE0490039B1B88043B98
:10A3C0009AB2049B1A80049B00229A7000BF0BB0C3
:10A3D0005DF804FB00B58BB0039002911346ADF815
:10A3E0000630039B002B04D17B460993099802F0A9
:10A3F00009FA029B002B04D17B460893089802F0CF
:10A4000001FA039B5B8819460398FFF716FE034683
:10A410009B78012B04D17B460793079802F0F2F951
:10A42000BDF80630002B08D00398FFF79FFE0346C7
:10A430001A46BDF80630934201D909231CE0EFF318
:10A440001083069372B6BDF8063019460398FFF7DD
:10A45000C3FE0590059B002B08D1BDF806301946B8
:10A460000398FFF78CFE0246029B1A60069B002BA6
:10A4700001D162B600BF059B18460BB05DF804FB26
:10A4800000B58DB0039002911346ADF80630039BE2
:10A49000002B04D17B460B930B9802F0B3F9029B7F
:10A4A000002B04D17B460A930A9802F0ABF9029B79
:10A4B0009B78012B04D07B460993099802F0A2F9FE
:10A4C000029B1B88BDF806209A4204D97B4608935C
:10A4D000089802F097F9BDF80630002B04D17B46AE
:10A4E0000793079802F08EF9EFF31083069372B684
:10A4F000029BBDF806201A80029B02229A70039BE1
:10A50000023319460398FFF7A5FD039B5A88039B66
:10A510009B889A4209D0039B5B8819460398FFF7F2
:10A520008CFD0590059B00229A70069B002B01D1A3
:10A5300062B600BF00BF0DB05DF804FB00B589B086
:10A5400001900091019B002B04D17B460593059857
:10A5500002F058F9009B002B04D17B460493049829
:10A5600002F050F900230793EFF31083039372B6C0
:10A57000019B9B8819460198FFF75FFD0690069B9B
:10A580009B78042B0CD1019B043319460198FFF7EB
:10A5900061FD019B9B8819460198FFF74EFD0690CF
:10A5A000069B9B78022B02D0032B07D00CE0069B66
:10A5B00003229A70009B069A1A6008E07B46029379
:10A5C000029802F01FF902E00523079300BF039BE6
:10A5D000002B01D162B600BF079B184609B05DF899
:10A5E00004FB00B587B00190019B002B04D17B4692
:10A5F0000493049802F006F9EFF31083039372B604
:10A60000019B9B8819460198FFF717FD0590059B54
:10A610009B78042B04D105990198FFF748FD05901C
:10A62000059B9B78022B0CBF012300238DF80B3078
:10A63000039B002B01D162B600BF9DF80B3018467A
:10A6400007B05DF804FB00B587B00190019B002BBB
:10A6500004D17B460493049802F0D4F8EFF31083FE
:10A66000039372B6019B9B8819460198FFF7E5FC9E
:10A67000059004E005990198FFF719FD0590059BE9
:10A680009B78032BF6D0059B9B78042BF2D0059B7F
:10A690009B78022B0CBF012300238DF80B30039B0A
:10A6A000002B01D162B600BF9DF80B30184607B0F1
:10A6B0005DF804FB00B587B001900091019B002B71
:10A6C00004D17B460593059802F09CF8009B002B73
:10A6D00004D17B460493049802F094F8EFF31083BE
:10A6E000039372B6009B9B78012B06D0032B09D1F4
:10A6F00000990198FFF7F7FC09E000990198FFF72E
:10A700001DFD04E07B460293029802F07BF8039B58
:10A71000002B01D162B600BF00BF07B05DF804FB9B
:10A7200000B585B00190019B002B04D17B460393BB
:10A73000039802F067F8019B00221A60019B002237
:10A740005A6000BF05B05DF804FB00B587B001900A
:10A750000091019B002B04D17B460593059802F0E4
:10A7600051F8009B002B04D17B460493049802F01F
:10A7700049F8009B00225A60EFF31083039372B6EE
:10A78000019B1B68002B03D1019B009A1A6003E018
:10A79000019B5B68009A5A60019B009A5A60039B78
:10A7A000002B01D162B600BF00BF07B05DF804FB0B
:10A7B00000B587B00190019B002B04D17B46059327
:10A7C000059802F01FF8EFF31083049372B6019B13
:10A7D0001B680393039B002B03D0039B5A68019BC8
:10A7E0001A60019B1B68002B02D1019B00225A605A
:10A7F000049B002B01D162B600BF039B184607B033
:10A800005DF804FB00B585B00190019B002B04D1DD
:10A810007B460393039801F0F5FF019B1B681846E4
:10A8200005B05DF804FB30DF704700BF184631DF2C
:10A83000704700BF1846000000B585B001900023A6
:10A84000029302AB0421184600F04BF8019B0E4A1C
:10A850001A60029A019B5A60029A019B9A60029ABE
:10A86000019BDA600023039305E0019800F00EF8E5
:10A87000039B01330393039B132BF6D900BF00BF47
:10A8800005B05DF804FB00BFED5EEAF184B0019015
:10A89000019B1A68019B5B684FEA7313D31A0393F9
:10A8A000019B5A68019B9B684FEAF3335A40019B16
:10A8B0001A60019B9A68019BDB681A44019B5A60ED
:10A8C000019BDA68039B1A44019B9A60019B1A68FA
:10A8D000039B1A44019BDA60019BDB68184604B0B5
:10A8E000704700B587B001900B46ADF80230019B70
:10A8F000002B04D17B460493049801F083FF0023CE
:10A90000059329E00DF10F031846FFF78CFF9DF822
:10A910000F30002BF6D09DF80F301946BDF80220FD
:10A92000059BD31A994208D9BDF80230DAB2059BCB
:10A93000DBB2D31ADBB28DF80F30019A059B1344BA
:10A940009DF80F2011461846FFF771FF9DF80F3054
:10A950001A46059B13440593BDF80230059A9A42A6
:10A96000D0D300BF00BF07B05DF804FB10B582B0C4
:10A970000E4B4FF40032C3F848230C4B4FF4003217
:10A98000C3F808230A4B1B68002B04D17B460193B4
:10A99000019801F037FF064B1C6800F08FF8034662
:10A9A0001846A04700BF02B010BD00BF0010014014
:10A9B0000047002010B582B0EFF31083019372B608
:10A9C0002D4B0022C3F804212C4B1B6801332B4A6A
:10A9D0001360019B002B01D162B600BF284B1B689E
:10A9E000002B45D0264B1B68013B254A1360244BA6
:10A9F0001B68002B3CD1204BD3F80425214B1B684E
:10AA00009A4225D2EFF31083019372B61A4BD3F812
:10AA100004355A1C1B4B1B689A4204D3164BD3F8BF
:10AA20000435033301E0174B1B68134AC2F8443561
:10AA3000019B002B01D162B600BF0F4B4FF40032D7
:10AA4000C3F844230C4B4FF40032C3F804230FE047
:10AA50000D4B1B68002B04D17B460093009801F03E
:10AA6000D1FE094B1C6800F029F803461846A047A0
:10AA700000BF02B010BD00BF00100140F44600202E
:10AA8000F8460020FC4600200047002000B583B0B7
:10AA900001F07EFE034683F00103DBB2002B09D0F8
:10AAA00001F0B0FD0346002B04D07B4601930198D2
:10AAB00001F0A8FE00BF03B05DF804FB2DE9F00330
:10AAC00084B0EFF31083019372B62F4B1B6803938E
:10AAD0002E4BD3F8043502932C4BD3F80431012BC1
:10AAE00006D12A4BD3F804350293039B0133039319
:10AAF000019B002B01D162B600BF039B1B06039391
:10AB0000039A029B13431C464FF0000522462B4636
:10AB10004FF000004FF00001590141EAD2615001AD
:10AB200002460B46121B63EB05034FF000004FF08B
:10AB30000001590241EAD251500202460B46121955
:10AB400045EB03034FF000004FF00001990141EA8B
:10AB500092619001801A61EB030110EB040841EB54
:10AB6000050918F5804649F100074FF000024FF043
:10AB70000003F20B42EA4742FB0B1346184604B0AF
:10AB8000BDE8F003704700BFF4460020001001400C
:10AB900030B589B00190009100230293009B002BF7
:10ABA00004D17B460693069801F02CFE394A009B9F
:10ABB0001360FFF783FF059000230793059A019B1D
:10ABC000D31A002B03DA019A059BD31A0793079B2C
:10ABD00018464FF000014FF000024FF00003CB0386
:10ABE00043EA5043C2032C484FF00001141843EBD2
:10ABF00001052A4A4FF000032046294601F018FEBD
:10AC000002460B4613460493EFF31083029372B689
:10AC1000234BD3F804350393049B032B38BF032342
:10AC20000493039BC3F1FF1303F57F43049A9A42F5
:10AC300016D81B49039A049B1344C1F84435184B9A
:10AC40004FF40032C3F84423154B4FF40032C3F8DD
:10AC50000423144B00221A60134B00221A6010E0E8
:10AC6000039A049B134403F17F4301330493049B31
:10AC70001B0E01330B4A1360049B23F07F430A4AE7
:10AC80001360029B002B01D162B600BF00BF09B068
:10AC900030BD00BF0047002020A1070040420F0048
:10ACA00000100140F8460020FC4600200A4B4FF4FB
:10ACB0000032C3F84823084B4FF40032C3F808238E
:10ACC000064B00221A60064B00221A60054B002238
:10ACD0001A6000BF704700BF00100140F846002016
:10ACE000FC4600200047002000B583B00190044BD3
:10ACF0001B681846FEF718FF00BF03B05DF804FBA1
:10AD00000C47002000B585B00190224B1B68002B3A
:10AD100007D0019B5A681F4B1B685B68D31A002B36
:10AD200007DA1C4B1A68019B5A611A4A019B13608F
:10AD300019E0184B1B68039302E0039B5B690393C4
:10AD4000039B5B69002B07D0039B5B695A68019BDF
:10AD50005B68D31A002BF0DB039B5A69019B5A6195
:10AD6000039B019A5A610B4B9B889BB201339BB2A8
:10AD7000084A19469180002B04D17B460293029821
:10AD800001F040FD019B01221A7000BF05B05DF883
:10AD900004FB00BF0447002000B587B00190214BA1
:10ADA0001B68019A9A4212D1019B5B691D4A13608C
:10ADB0001C4B9B889BB25A1E91B21A4A9180002B61
:10ADC00029D17B460393039801F01CFD23E0154B2A
:10ADD0001B6805931AE0059B5B69019A9A4212D1A0
:10ADE000019B5A69059B5A610E4B9B889BB25A1E68
:10ADF00091B20C4A9180002B0CD17B4604930498AD
:10AE000001F000FD06E0059B5B690593059B002BA7
:10AE1000E1D100E000BF019B00221A7000BF07B023
:10AE20005DF804FB0447002000B587B0019055E0B1
:10AE3000324B1B680593059B1B78DBB2012B04D0BA
:10AE40007B460493049801F0DDFC059B5B692B4A6B
:10AE50001360059B00225A61284B9B889BB25A1EA7
:10AE600091B2264A9180002B04D17B46039303982C
:10AE700001F0C8FC059B9B68002B04D17B46029324
:10AE8000029801F0BFFC059B02221A70059B9B688B
:10AE9000059A1269114601989847FFF70FFE019035
:10AEA000059B1B78DBB2022B18D1059BDB68002BBE
:10AEB00003D1059B00221A7010E0059B5A68059B80
:10AEC000DB681A44059B5A60059B5A68019BD31A9C
:10AED000643B002BF1DB0598FFF714FF074B1B6861
:10AEE000002B07D0054B1B685A68019BD31A643BA3
:10AEF000002B9DDB00BF07B05DF804FB044700207A
:10AF000000B583B00190094B1B68002B07D0074B9D
:10AF10001B685B6806491846FFF73AFE01E0FFF739
:10AF2000C5FE00BF03B05DF804FB00BF044700206E
:10AF3000E9AC030008B5FFF7C1FD03461846FFF76B
:10AF400073FFFFF7BBFD03461846FFF7D9FF012348
:10AF5000184608BD08B508220021064801F0B0FDDA
:10AF60000548FEF7AFFD0346044A1360FFF78EFD68
:10AF700000BF08BD0447002035AF03000C47002088
:10AF800000B585B00190FEF7F7FE034683F001039C
:10AF9000DBB2002B04D07B460393039801F032FC14
:10AFA000019B002B04D17B460293029801F02AFCFE
:10AFB0000198FFF7F1FE019B00225A61FFF77EFD29
:10AFC00003461846FFF79CFF00BF05B05DF804FB81
:10AFD00000B585B001900091FEF7CEFE034683F0E8
:10AFE0000103DBB2002B04D07B460393039801F0EE
:10AFF00009FC019B002B04D17B460293029801F0CF
:10B0000001FC0198FFF7C8FE019B00225A61019BD9
:10B01000009A5A600198FFF775FEFFF74FFD03464F
:10B020001846FFF76DFF00BF05B05DF804FB000098
:10B0300082B003468DF807309DF8073003F01F02F9
:10B0400006499DF907305B09012000FA02F24033FE
:10B0500041F8232000BF02B0704700BF00E100E0CC
:10B0600082B001900091019A009BD31A002B03DA61
:10B07000009A019BD31A02E0019A009BD31A18464A
:10B0800002B0704748DF704700BF184649DF70477D
:10B0900000BF18464ADF704700BF184682B00190D3
:10B0A00000BF02B0704782B0019000BF02B070478D
:10B0B00000B583B0034600918DF807309DF8073046
:10B0C000012B0ED1094B1B7E002B0AD0074B1B7E98
:10B0D000022B01D100F032FB054B01221A70002334
:10B0E00000E00123184603B05DF804FB2047002070
:10B0F0004847002082B00190019B1B68054A1268F6
:10B10000283202FB03F3044AA2FB03239B0C1846DC
:10B1100002B070474447002083DE1B4310B582B065
:10B120000190019B1C680198FFF7E4FF0346E31AB6
:10B13000783B184602B010BD82B00190019B5A695D
:10B14000019B1B681344094A934207D8019B5B6922
:10B1500040F6D762934201D9012300E0002303F0B7
:10B160000103DBB2184602B0704700BF809698001A
:10B17000064B01225A71054B43F2B0629A60034BB1
:10B1800043F69822DA6000BF704700BF10470020E6
:10B1900000B585B00190019B00221A74019B012229
:10B1A0005A710F4B1B6801330D4A136000F096FC77
:10B1B000FDF76AF80198FFF7B1FF0346094A1946FF
:10B1C000002000F027FC0346002B04D07B460393AD
:10B1D000039801F017FB00BF05B05DF804FB00BF4A
:10B1E0004047002035B4030000B583B00190019BB7
:10B1F0005B79002B0BD0FDF76DF80198FFF78EFF00
:10B200000346184600F0A6FC019B00225A71064B2B
:10B2100000221A701720FFF746FF1C20FFF743FF9C
:10B2200000BF03B05DF804FB3D47002000B585B0CA
:10B230000190174B1B78032B0AD0032B1BDC012B2F
:10B2400002D0022B10D016E0019B02221A7417E0E4
:10B25000104B00225A710F4B0F4A9A600D4B0F4A48
:10B26000DA60019B00229A71019B03221A74019BF0
:10B27000084A5A6104E07B460393039801F0C2FA3E
:10B28000034B00221A7000BF05B05DF804FB00BF3D
:10B290003C47002010470020A0860100FF1FA107A7
:10B2A00000B585B001901720FFF7F8FE019B002242
:10B2B0009A60019B0022DA60019B1B6803931B4B81
:10B2C0009A68019B1A60019B9B79002B1ED0019B01
:10B2D00001221A74039B002B01D0039B00E0144B46
:10B2E0000293019B1B68029AD21A019B5A61019B2F
:10B2F0005B69B3F57A7F04D3019B1B68029A9A427B
:10B300000AD2019B4FF47A725A6105E01C20FFF7C4
:10B31000C5FE0198FFF73CFFFFF72AFF019B0122C2
:10B320009A7100BF05B05DF804FB00BF1047002014
:10B330008096980000B583B001900B468DF80330DD
:10B340001820FFF7ABFE9DF80330002B11D01D2015
:10B35000FFF7A4FE019BDB685A1C019BDA60019B8E
:10B360001A68019B5B691A44019B1A601D20FFF754
:10B370009AFE019B9B685A1C019B9A60019B0122CB
:10B380001A74019B5B695A08019B5A61019B9B6877
:10B39000012B02D0022B1BD037E0019B5B69B3F578
:10B3A000FA7F0AD19DF8033083F00103DBB2002B52
:10B3B00003D0019B00225A6124E0019B5B6940F6A7
:10B3C000D86293421ED8019B40F6D8625A6119E0B8
:10B3D000019BDB68022B06D1019B1A68144B9B1A58
:10B3E000019A536110E0019BDB68012B0CD19DF8A1
:10B3F000033083F00103DBB2002B05D0019B002258
:10B400005A6101E000BF00E000BF0198FFF794FE21
:10B41000034683F00103DBB2002B02D00198FFF753
:10B42000B7FE1820FFF73FFE00BF03B05DF804FB36
:10B430008096980000B583B001901B20FFF72EFE88
:10B440000D4B03221A740C4B0C4A5A610A4B1B68B1
:10B4500040F6D862934204D9084B43F2B0629A6036
:10B4600003E0064B40F6D8629A601B20FFF71BFEF4
:10B4700000BF03B05DF804FB204700201047002008
:10B4800000B587B001901A20FFF708FE019B043B2E
:10B49000042B4FD801A252F823F000BFF9B40300E7
:10B4A0001DB50300EDB40300B1B40300CFB4030035
:10B4B000274B1B7E012B3FD1FFF7E8FD0346002BF6
:10B4C0003AD07B460593059801F09CF934E0204B77
:10B4D00000221A761F4B1B78002B04D01D4B002234
:10B4E0001A70FBF74BFCFCF721FF2AE07B46049324
:10B4F000049801F087F924E0FFF73AFE164B40F676
:10B50000D8629A601448FFF7C5FD0346002B15D09A
:10B510007B460293029801F075F90FE00E48FFF7A1
:10B52000B9FD0346002B0BD07B460393039801F033
:10B5300069F905E000BF04E000BF02E000BF00E0E1
:10B5400000BF1A20FFF7AFFD00BF07B05DF804FB96
:10B5500020470020484700201047002000B585B054
:10B5600003468DF80730384B01221A711620FFF779
:10B5700095FD364B1B78002B03D0354B1B78002BE9
:10B580003DD0314B00221A749DF80730042B2FD880
:10B5900001A252F823F000BFADB50300CFB5030000
:10B5A000C9B50300BFB50300B5B503002648FFF7D2
:10B5B00077FE23E001212448FFF7BCFE1EE00021B6
:10B5C0002148FFF7B7FE19E0FCF7E2FD16E019206D
:10B5D000FFF764FD00F0D2F91A20FFF75FFDFCF7DA
:10B5E0002DFE1A20FFF75FFD1920FFF75CFD05E037
:10B5F0007B460393039801F005F908E007E000F0AB
:10B600003BFA0346104A13600F48FFF70FFE0E4B3C
:10B610001B7C022B03D00C4B1B7C032B02D10A4852
:10B62000FFF7E2FD084B1B7C022B02D1064B0122E7
:10B630001A76054B00221A711620FFF734FD054BD0
:10B64000184605B05DF804FB204700203C47002069
:10B650003D4700203047002082B00190174B002268
:10B660001A70164B00221A71144B01225A71134B97
:10B6700043F2B0629A60114B43F69822DA60104AA6
:10B68000019B13600F4B00221A700F4B00221A709F
:10B690000E4B00221A600E4B00221A710C4B002236
:10B6A0005A710B4B00221A60094B00221A76084B84
:10B6B00001229A7100BF02B0704700BF10470020FE
:10B6C000444700203D4700203C47002040470020E1
:10B6D0002047002000B583B0154B1B7E022B20D0E5
:10B6E000022B20DC002B02D0012B0BD01BE01148D9
:10B6F000FFF7C8FC0346002B04D07B46019301985A
:10B7000001F080F80C48FFF7C5FC0346002B04D07D
:10B710007B460093009801F075F8054B02221A76DB
:10B7200001E0112300E00023184603B05DF804FB9C
:10B73000204700205DB503001047002008B5054BE9
:10B740001B7E022B04D1044B01221A7000F09AF8E0
:10B7500000BF08BD204700203C47002000B583B053
:10B7600003468DF80730094B1B7E022B0AD19DF84A
:10B770000730012B01D1032200E00222044B1A7092
:10B7800000F080F800BF03B05DF804FB2047002004
:10B790003C47002000B585B003468DF80730144BB8
:10B7A0001B78002B0CD09DF8073083F00103DBB22F
:10B7B000002B05D00F4B1B78002B01D0012300E09C
:10B7C00000238DF80F309DF80F3003F001038DF842
:10B7D0000F30074A9DF8073013709DF80F30002B8B
:10B7E00001D000F04FF800BF05B05DF804FB00BFCA
:10B7F0003D4700203C4700200D4B1B7C032B0FD006
:10B800000B4B1B7C022B0BD00A4B1B78012B07D058
:10B81000084B1B78022B03D0064B1B78032B01D15E
:10B82000012300E0002303F00103DBB21846704758
:10B83000204700203C470020014B1B6818467047FA
:10B840002047002010B50B4B5B7983F00103DBB27E
:10B85000002B01D000230BE00648FFF75FFC0446F5
:10B8600000F00AF9034619462046FFF7F9FB0346A4
:10B87000184610BD20470020014B1B791846704721
:10B880002047002000B583B0EFF31083019372B618
:10B89000074B5B79002B02D00820FFF7C9FB019B07
:10B8A000002B01D162B600BF00BF03B05DF804FBFE
:10B8B0002047002082B003468DF807309DF80730FE
:10B8C00003F01F0205499DF907305B09012000FACA
:10B8D00002F241F8232000BF02B0704700E100E00F
:10B8E00082B003468DF807309DF8073003F01F0241
:10B8F00006499DF907305B09012000FA02F2603326
:10B9000041F8232000BF02B0704700BF00E100E013
:10B9100082B0034600918DF807300D4A9DF807303C
:10B920005033002142F823109DF807301033084AA5
:10B93000012101FA03F3C2F8043305499DF80730E9
:10B9400003F5A873009A41F8232000BF02B07047A6
:10B9500000800040EFF31083024A136072B600BF0C
:10B96000704700BF70470020034B1B68002B01D1BC
:10B9700062B600BF00BF70477047002000B585B0B9
:10B98000002303933AE0214A039B503352F82330BB
:10B99000002B30D01D4BD3F80423039B103322FA25
:10B9A00003F303F00103002B25D0194A039B52F83F
:10B9B00023300293029B002B04D17B460193019814
:10B9C00000F020FF124A039B002142F82310039B42
:10B9D00010330E4A012101FA03F3C2F8083300F0D4
:10B9E0004BF80090029B00989847084A039B5033FD
:10B9F000002142F82310039B01330393039B022B86
:10BA0000C1D900BF00BF05B05DF804FB0080004055
:10BA10004C47002000B585B00346029101928DF895
:10BA20000F309DF80F30022B01D907231AE0FFF7E2
:10BA300091FF9DF80F300D49019A41F823209DF8A0
:10BA40000F300B4A002142F823100A4B1B78002BC1
:10BA500005D09DF80F3002991846FFF759FFFFF700
:10BA600083FF0023184605B05DF804FB4C47002017
:10BA7000584700206C47002000B583B0FFF76AFFED
:10BA8000002301930C4B1B78002B0BD00B4B002297
:10BA9000C3F84C21094B0122DA64084BD3F84C352A
:10BAA000019302E0064B1B680193FFF75DFF019BCA
:10BAB000184603B05DF804FB6C470020008000408E
:10BAC0006847002082B00190034B1A68019B134421
:10BAD000184602B0704700BF6447002010B582B01E
:10BAE0000023019314E0174A019B03F5A87300217A
:10BAF00042F82310134A019B5033002142F82310CF
:10BB0000104A019B503352F82330019B01330193BB
:10BB1000019B022BE7D90C4B1B68002B02D108209C
:10BB2000FFF7C8FE094B01221A70FEF7C7FF044653
:10BB3000FFF7A2FF0346E31A054A136000BF02B0F5
:10BB400010BD00BF00800040704700206C470020FF
:10BB50006447002000B585B00190002303930CE0FA
:10BB6000104A039B002142F823100F4A039B002137
:10BB700042F82310039B01330393039B022BEFD95D
:10BB80000A4A019B13600A4B00221A70094B4FF0BE
:10BB9000FF32C3F808230820FFF7A2FE00BF05B05C
:10BBA0005DF804FB4C470020584700206847002000
:10BBB0006C4700200080004082B003468DF80730BB
:10BBC0009DF8073003F01F0205499DF907305B0916
:10BBD000012000FA02F241F8232000BF02B07047B2
:10BBE00000E100E082B003468DF807309DF8073091
:10BBF00003F01F0206499DF907305B09012000FA96
:10BC000002F2203341F8232000BF02B0704700BF8A
:10BC100000E100E082B003468DF807309DF8073060
:10BC200003F01F0206499DF907305B09012000FA65
:10BC300002F2403341F8232000BF02B0704700BF3A
:10BC400000E100E082B003468DF807309DF8073030
:10BC500003F01F0206499DF907305B09012000FA35
:10BC600002F2603341F8232000BF02B0704700BFEA
:10BC700000E100E082B0034600918DF807309DF9A5
:10BC80000730002B0CDA009BDAB20C499DF8073024
:10BC900003F00F03043B5201D2B20B441A7609E0C1
:10BCA000009BDAB206499DF907305201D2B20B442B
:10BCB00083F8002300BF02B0704700BF00ED00E032
:10BCC00000E100E000B585B00190019B002B0AD097
:10BCD000074B43F001030393019B9B010293039BDA
:10BCE0000298984700E000BF05B05DF804FB00BF74
:10BCF000C0F2030000B583B00190064A019BC2F870
:10BD0000083506211120FFF7B5FF00BF03B05DF82D
:10BD100004FB00BF00100140074B4FF48032C3F812
:10BD20004423054B4FF48032C3F80423034B012214
:10BD30001A7000BF704700BF0010014092480020F9
:10BD400008B50B4B0222C3F84423094B0222C3F867
:10BD500004231120FFF776FF1120FFF72DFF044B7E
:10BD600001221A602F20FFF7ADFF00BF08BD00BF02
:10BD70000010014008B51120FFF734FF0D4B0E4AAB
:10BD8000C3F848230B4B0C4AC3F80823094B012284
:10BD90005A602F20FFF796FF064B01229A60074B4F
:10BDA00000221A602F20FFF78DFF054B00221A702A
:10BDB00000BF08BD001001400200030084480020BD
:10BDC00092480020024BD3F804351846704700BF54
:10BDD0000010014082B001900091019A009BD31A9B
:10BDE00023F07F43184602B07047000082B00190F4
:10BDF000034A019BC2F8403500BF02B0704700BF44
:10BE00000010014086B00190284B1B68002B03D125
:10BE1000264A019B136045E0019B1A68234B1B686F
:10BE20001B689A4210D8214B1B681968019B1A683D
:10BE30001E4B1B688A1A1A601C4B1A68019BDA6138
:10BE40001A4A019B13602DE0019B1B680393174B5B
:10BE50001B680593154B1B68049309E0049B1B6842
:10BE6000039AD31A0393049B0593049BDB69049301
:10BE7000049B002B04D0049B1B68039A9A42EDD8C4
:10BE8000049B002B05D0049B1A68039BD21A049BC9
:10BE90001A60019B039A1A60019B049ADA61059B60
:10BEA000019ADA6100BF06B0704700BF80480020E9
:10BEB00086B00190214B1B680393204B1B680593B0
:10BEC000059B049308E0049A019B9A4208D0049BC6
:10BED0000593049BDB690493049B002BF3D100E0E2
:10BEE00000BF049B002B01D1002323E0059A049B93
:10BEF0009A4204D1114B1B68DB69104A1360049B02
:10BF00001B680293049BDA69059BDA61059BDB6978
:10BF10000493049B002B05D0049B1A68029B1A44CF
:10BF2000049B1A60054B1B68039A9A4214BF0123B5
:10BF30000023DBB2184606B0704700BF80480020DF
:10BF400008B5044B01221A701120FFF763FE00BFF1
:10BF500008BD00BF9448002008B51420FFF75AFE22
:10BF600000BF08BD00B583B00190019B5B69019AD9
:10BF700092691046984700BF03B05DF804FB0000CB
:10BF800000B585B02B4B1B68002B4ED000230193CE
:10BF9000FFF718FF0246284B1B6819461046FFF7AB
:10BFA00019FF0290234B1B6803931DE0039B1B6842
:10BFB000029A9A421CD3039B1B68029AD31A0293DB
:10BFC000039B1B68019A13440193039B0093039BFB
:10BFD000DB690393009B1B7C002B05D0009B002298
:10BFE0001A740098FFF7BEFF039B002BDED100E020
:10BFF00000BF124B1A78124B1B789A420CD1104B8F
:10C000001B780133DAB20E4B1A700D4B1B78022BE2
:10C0100002D10B4B00221A70094B1B781946094AB2
:10C02000019B42F82130FFF797FF00BF05B05DF894
:10C0300004FB00BF80480020844800209048002076
:10C04000914800208848002082B00190184B1A784F
:10C05000184B1B789A4223D0154B1B780133DAB268
:10C06000134B1A70124B1B78022B02D1104B00227B
:10C070001A700F4B1B781A460F4B53F82220019B66
:10C080001A60019B1A680D4B1B6813440B4A13601E
:10C090000A4B1B6823F07F43084A1360012303E027
:10C0A000019B00221A600023184602B0704700BFAF
:10C0B00090480020914800208848002084480020B3
:10C0C00088B00390029101920023079338E0204B3F
:10C0D0001B680693069B1B68039A9A4206D2069B2E
:10C0E0001A68039BD21A069B1A602EE0069B1B68F7
:10C0F000039AD31A0393069B1B68079A134407936A
:10C10000069B00221A60124B1B680593069BDB6995
:10C110000F4A1360069BDB68002B11D0029A079B25
:10C12000134423F07F42069B5A60069BDA68069B05
:10C130009A60019B1A68069BDA61019B059A1A6056
:10C14000034B1B68002BC2D100BF00BF08B0704773
:10C150008048002000B589B0019000238DF81F3081
:10C16000624B1B680593A3E0019B002B05D0019B4C
:10C170000693069BDB6901935AE05D4B1B781A46D8
:10C1800013465B001344DB00594A13440433049301
:10C19000574B1B780133DAB2554B1A70544B1A784F
:10C1A000534B9B789A4202D1514B00221A70049B48
:10C1B0005B680693049B1B78032B1ED0032B77DC54
:10C1C000012B1FD0022B73D1049B5B681846FFF72D
:10C1D0006FFE0346002B02D001238DF81F30069B13
:10C1E00000221A7464E0414B1B680393039B0022F6
:10C1F0001A74039BDB693D4A13603C4B1B68002BA0
:10C20000F1D155E000BF069B1B7C002B00D04FE016
:10C21000049B9A68069B5A60049BDA68069B9A60A6
:10C22000049B1A69069BDA60049B5A69069B9A6113
:10C23000069B5A682F4B1B68D31A23F07F432E4A64
:10C2400093420ED8069B5B682A4A1268114618462C
:10C25000FFF7C0FD0246069B9B681A44069B1A60C6
:10C2600017E0244B1A68069B5B6819461046FFF7D7
:10C27000B1FD0290069B9B68029A9A4206D2069BE9
:10C280009A68029BD21A069B1A6002E0069B002263
:10C290001A60069B00225A60069B00229A60069B49
:10C2A00001221A74069B0022DA610698FFF7AAFDA4
:10C2B000019B002B7FF458AF0D4B1A780C4B5B7829
:10C2C0009A427FF451AF9DF81F30002B04D1074BE9
:10C2D0001B68059A9A4201D0012300E0002303F075
:10C2E0000103DBB2184609B05DF804FB804800206A
:10C2F0007447002084480020FEFF7F0010B588B0FE
:10C300000190254B1B68002B43D0234B1B681B68F7
:10C310000793FFF757FD0690204B1B68059305997F
:10C320000698FFF757FD0346033304931C4B1B7815
:10C3300083F00103DBB2002B01D0FFF7EDFC049A80
:10C34000079B934238BF1346059A13440593059BF8
:10C3500023F07F4305930598FFF748FDFFF732FD73
:10C36000039006990398FFF735FD0346DC1C0699F8
:10C370000598FFF72FFD03469C420AD9FFF722FDDF
:10C3800003461846FFF732FD2F20FFF79BFCFFF70F
:10C39000D7FD00BF08B010BD8048002084480020B1
:10C3A0009248002000B587B00023019300238DF848
:10C3B0001730174B1B680493164B1B6803936B468F
:10C3C0001846FFF741FE03468DF80B309DF80B3001
:10C3D000002B08D0009B01AA04991846FFF770FEB5
:10C3E00001238DF81730019B1846FFF7B3FE034673
:10C3F000002B02D001238DF817309DF81730002B49
:10C4000002D00398FFF77AFF00BF07B05DF804FB86
:10C41000844800208048002082B003468DF8073011
:10C42000034A9DF80730537000BF02B0704700BF49
:10C430007447002084B00190144B5B7801338DF871
:10C440000F30124B9B789DF80F209A4202D10023A7
:10C450008DF80F300D4B1B789DF80F209A4201D1BB
:10C4600000230FE0019B9DF80F201A70074B5B78AB
:10C470001A4613465B001344DB00044A134404339A
:10C480000293029B184604B0704700BF7447002017
:10C4900000B589B0039002910192009300230793A5
:10C4A00000238DF816300DF116031846EBF756FAF7
:10C4B0000DF117031846FFF7BDFF0690069B002BF2
:10C4C00002D10423079318E0069B01221A70069BF1
:10C4D000039A5A60FFF776FC0246069B9A60069B19
:10C4E000029ADA60069B019A1A61069B009A5A61C9
:10C4F0009DF817301846FFF78FFF9DF81630184645
:10C50000EBF742FA079B002B01D1FFF725FD079BB4
:10C51000184609B05DF804FB00B587B001900B46E2
:10C520008DF803300023059300238DF80E300DF1B4
:10C530000E031846EBF712FA0DF10F031846FFF73A
:10C5400079FF0490049B002B02D1042305930BE098
:10C55000049B9DF803201A70049B019A5A609DF871
:10C560000F301846FFF758FF9DF80E301846EBF7CE
:10C570000BFA059B002B01D1FFF7EEFC059B18463B
:10C5800007B05DF804FB000008B5194BD3F8403143
:10C59000012B03D0174B1B78002B08D0144B002223
:10C5A000C3F84021134B00221A70FFF7E9FC104B2F
:10C5B000D3F84431012B05D10D4B0022C3F844219F
:10C5C000FEF7D4F90A4BD3F80431012B01D1FEF761
:10C5D000F1F9074B0022C3F84821054B0022C3F8AC
:10C5E0004C21034B0022C3F8002100BF08BD00BF4F
:10C5F000001001409448002008B5FFF7D3FE00BFAB
:10C6000008BD000008B5FFF7B5FB174B00221A70F4
:10C61000154B00225A70144B0B229A70134B0022B8
:10C620001A60134B00221A70124B00221A70142049
:10C63000FFF708FB06211420FFF71CFB1420FFF76F
:10C64000BBFA0020FFF756FBFFF7BCFB03460A4A84
:10C650001360FFF775FB094B01221A7000F0A4F874
:10C660000023184608BD00BF744700208048002002
:10C6700090480020914800208448002093480020E2
:10C6800086B003900B4601928DF80B30134B9B78CC
:10C69000002B01D108231EE0019B002B01D10723B1
:10C6A00019E0039B002B01D1072314E0039B1B68B7
:10C6B0001B7C002B01D008230DE0039B1B68059316
:10C6C000059B00221A74059B9DF80B205A74059B4C
:10C6D000019A5A610023184606B07047744700203B
:10C6E00000B587B0039002910192039B0593164B0E
:10C6F0009B78002B01D1082322E0039B002B01D162
:10C7000008231DE0029B042B03D9029BB3F1807F19
:10C7100001D3072314E0059B5B69002B01D108239B
:10C720000EE0059B5B7C012B01D1029B00E0002306
:10C730000493019B049A02990598FFF7A9FE03460A
:10C74000184607B05DF804FB7447002000B585B0BB
:10C750000190019B03930D4B9B78002B01D1082383
:10C7600010E0019B002B03D0039B5B69002B01D1E0
:10C77000082307E0039B00221A7402210398FFF7A5
:10C78000CBFE0346184605B05DF804FB7447002055
:10C79000014B1B78184670479348002082B00190E7
:10C7A00000BF02B07047000000B583B0104A0121FD
:10C7B0001048FFF765FF0190019B002B04D00E4A43
:10C7C00034210198EAF796FF0C4B00220C491846D9
:10C7D000FFF786FF0090009B002B04D0064A35210E
:10C7E0000098EAF787FF00BF03B05DF804FB00BFC5
:10C7F0009DC70300C8F20300CCF203009848002054
:10C80000FFFF7F0000B585B001900023ADF8083030
:10C81000064B039302AB1A46019944F20200EAF771
:10C8200077FF00BF05B05DF804FB00BF44F30300D1
:10C8300053EA020C61D02DE9F04BB3FA83F51E00E8
:10C8400007BFB2FA82F502FA05F403FA05F41646B8
:10C85000C5F120051EBF22FA05F73C43203556EAF4
:10C86000044C4FEA144418BF0134A3464FF00009AA
:10C87000C846904271EB030C39D3094207BFB0FAA6
:10C8800080F700FA07F6B1FA81F701FA07F6C7F167
:10C8900020071EBF20FA07FC46EA0C062037B6FB2D
:10C8A000FBFC7F1B103F07F01F04C4F120060CFAAD
:10C8B00004F42CFA06F644BF34460026202FA4BF09
:10C8C0002646002454EA060C08BF012418EB04088D
:10C8D00049EB0609A4FB027CC01B06FB02CC04FB4F
:10C8E00003CC71EB0C01904271EB030CC5D20B46EB
:10C8F000024649464046BDE8F08BB2FBF3F2000029
:10C900007F2805D8034B185C034B5B5C18407047CD
:10C910000020704754F30300D4F30300A0F1610337
:10C92000192B98BF20387047A0F14103192B98BFED
:10C93000203070477F2805D8034B185C034B5B5CA5
:10C94000184070470020704754F30300D4F30300ED
:10C95000A0F16103192B98BF20387047A0F1410363
:10C96000192B98BF203070477F299ABF0170012092
:10C970006FF02E0070475AB10A787F2A0AD800B1AA
:10C980000260002119605960501A18BF01207047D9
:10C99000002070476FF02E00704738B504460846F7
:10C9A000A26842B1236861685D1C8D4208BF002007
:10C9B0008B4208D2D054E3682BB12168626891425F
:10C9C00001D22146984723680133236038BD70B5F2
:10C9D0004C1E09D41646C5B229463046FFF7DDFF86
:10C9E000013CB4F1FF3FF7D170BD10F0100F08D13A
:10C9F00008B510F4007F14BF30202020FFF7E7FFB8
:10CA000008BD704708B5034B5B689B681B68984777
:10CA100008BD00BFB82C002008B50921FFF7F2FFC0
:10CA200008BD0EB400B586B007AA52F8041B0592E3
:10CA30000390002304936FF00043029301A800F0D9
:10CA4000C5F806B05DF804EB03B07047037853B146
:10CA500059B10144034613F8012F12B18B42FAD1A8
:10CA60000B46181A70470346FBE70346F9E784466E
:10CA700040EA010313F0030F18D18446202A0BD398
:10CA80002DE9F007B1E8F807A0E8F807A2F12002C5
:10CA9000202AF7D2BDE8F007042A07D351F8043B57
:10CAA00040F8043BA2F10402042AF7D2002A05D080
:10CAB00011F8013B00F8013B013AF9D1604670479B
:10CAC0008446002A2DD010F0030F04D000F8011B7B
:10CAD000013A26D0F7E7C9B241EA012141EA014112
:10CAE000202A12D3A2F120022DE9F0030B460C46B6
:10CAF0000D460E460F4688468946A0E8FA03203ABE
:10CB0000FBD2BDE8F00320320BD0042A05D340F855
:10CB1000041B043A05D0042AF9D200F8011B013A9B
:10CB2000FBD160467047024610F0030F16D111F09A
:10CB3000030F13D12DE9F0004FF001374FF0803390
:10CB400051F8044BA4EB070525EA04051D4002D16A
:10CB500042F8044BF4E7A1F10401F0BC11F8013BE9
:10CB600002F8013B002BF9D1704700F1010110F0F0
:10CB7000030F11D010F8012B002A23D010F0030F5F
:10CB80000AD010F8012B002A1CD010F0030F03D09C
:10CB900010F8012B002A15D02DE970004FF001325A
:10CBA0004FF0803350F8044BA4EB020525EA04054E
:10CBB0001D4000D1F6E7A0F1040070BC10F8012B75
:10CBC000002AFBD1A0EB0100704700002DE9F04FD7
:10CBD00089B007460392002303600C4614F8011B3A
:10CBE000002900F0FA82DFF814B5E9E2002507E039
:10CBF0005E2868D145F4805501E045F040051C46AB
:10CC0000234613F8010B3028F2D81F2837D9A0F19A
:10CC10002002102A33D801A151F822F0FBCB0300E7
:10CC20007FCC03007FCC030061CC03007FCC0300EA
:10CC30007FCC03007FCC030067CC03007FCC0300D4
:10CC40007FCC03007FCC03006DCC03007FCC0300BE
:10CC500073CC03007FCC03007FCC030079CC0300AE
:10CC600045F08005CBE745F40045C8E745F02005D1
:10CC7000C5E745F01005C2E745F40075BFE72A286F
:10CC800021D1039A111D0391D2F800A0BAF1000F2F
:10CC9000BCBFCAF1000A45F010051878A31C2AEAA7
:10CCA000EA7A2E2826D00021742847D07A2845D049
:10CCB0006C2800F0A8804C2800F0AB80682800F0B9
:10CCC000B8801C463DE0A0F13002D2B2092A88BFEC
:10CCD0004FF0000AE3D84FF0000A0AEB8A0A303816
:10CCE00000EB4A0A13F8010BA0F13002D2B2092A74
:10CCF000F3D9D4E718782A280AD1039A111D039191
:10CD00001168587802330029CEDB45F48075CBE7F3
:10CD10000133A0F13002D2B2092A88BF0021F4D831
:10CD2000002101EB8101303800EB410113F8010BC8
:10CD3000A0F13002D2B2092AF3D9E4E71C4614F874
:10CD4000010B002800F05582A0F12503DBB2532B24
:10CD500062D8A0F12503532B5ED8DFE813F07600EC
:10CD60005D005D005D005D005D005D005D005D00DB
:10CD70005D005D005D005D005D005D005D005D00CB
:10CD80005D005D005D005D005D005D005D005D00BB
:10CD90005D005D005D005D005D005D005D005D00AB
:10CDA0005D005D005D005D005D005D005D005D009B
:10CDB0005D005D005D005D005D005D005D005D008B
:10CDC0005D005D00EB005D005D005D005D005D00ED
:10CDD0005D005D005D005D005D007B0020015D0089
:10CDE0005D005D005D0020015D005D005D005D0097
:10CDF00095000E01D1005D005D00A6005D001901E7
:10CE00005D005D00ED001C4614F8010B45F00105C6
:10CE100097E745F001051C46B44B1E68002E00F054
:10CE2000CC8103AB0193009153462A463946B04763
:10CE3000C3E11878682803D05C1C45F0040580E73E
:10CE400045F008059C1C58787BE725213846FFF7FC
:10CE5000A4FDB2E1039B1A1D03921E780AF1FF3A6A
:10CE60003A4651462846FFF7C0FD31463846FFF79F
:10CE700094FDA94619F0100F00F09F813A465146E3
:10CE80002020FFF7A4FD98E115F0080F06D03A68BE
:10CE9000039B191D03911B681A708EE1039B1A1DD9
:10CEA00003921B683A681A6087E1039B1A1D03927C
:10CEB000D3F800808E4BB8F1000F08BF9846464665
:10CEC00025F4007915F4807F15D04046FFF7BEFDAC
:10CED0000546AAEB050A3A4651464846FFF785FD46
:10CEE000002DC7D0454416F8011B3846FFF755FD05
:10CEF000B542F8D1BEE74046FFF737FE0546E8E702
:10CF0000039B1A1D03921B6815F0800F0CBF0026AF
:10CF1000232645F4807508211A46002B00F029814C
:10CF200005AB4FF0000805F4005CA64660468C4651
:10CF30000146D1E045F4005515F0800F1BD043F2B7
:10CF4000780643F25803782818BF1E4615F4807FF0
:10CF500001D025F4007515F4804F32D0039B1A1DC3
:10CF600003921B6815F0040F1FD01BB2002B20DAB0
:10CF70005B422D262DE00026E8E715F0800F0CBF60
:10CF80000026302615F4807FE5D025F40075E2E711
:10CF900015F4807F07D025F400750026DBE745F403
:10CFA00080450026D7E70026D5E715F0080FDDD02D
:10CFB000DBB215F0200F60D115F0400F18BF20260E
:10CFC00007E0039B1A1D03921B6815F0040F4FD056
:10CFD0009BB215F4807F14BF25F4007501215838E9
:10CFE000202800F2AE8001A252F820F019CF0300F1
:10CFF00043D1030043D1030043D1030043D10300D5
:10D0000043D1030043D1030043D1030043D10300C4
:10D0100043D1030043D1030043D10300A7D0030051
:10D0200043D1030043D1030043D1030043D10300A4
:10D03000A7D0030043D1030043D1030043D1030031
:10D0400043D1030043D103007FD0030019CF030075
:10D0500043D1030043D1030043D1030043D1030074
:10D06000A7D0030043D1030043D1030019CF03002D
:10D0700015F0080FADD0DBB2ABE72B26A9E71A46B7
:10D080004FF00008002B5ED005A84FF0000803F019
:10D090000703303300F8013B08F10108D2081346BA
:10D0A000002AF4D14FE018464FF00008002B4AD078
:10D0B0004FF0000805F4004E4FF02C0973468E46E1
:10D0C00019462FE002F00F000A4C205C03F8010B18
:10D0D00008F10108120906D00029F3D002F00F0070
:10D0E000054C205CF2E7744661462CE0B84800200D
:10D0F000A8F5030088F5030098F50300CDCCCCCC4F
:10D1000008AB03EB080CABFB0032D20802EB820346
:10D11000A0EB430330330CF80C3C08F1010809285C
:10D120000DD910460029EBD008F00303032BE7D1FB
:10D1300008AB434403F80C9C08F10108E0E7714692
:10D1400001E04FF00008A1EB080121EAE179AAEB28
:10D15000090AAAEB080AFF2E0ED9AAF1020AC6F3A1
:10D1600007213846FFF719FCF1B23846FFF715FCE6
:10D1700004E04FF00008E6E7002E3DD13A46514664
:10D180002846FFF732FC3A4649463020FFF71FFC9D
:10D19000B8F1000F0EDD0DF1140908F1FF38C84495
:10D1A00098F8001046463846FFF7F7FBC14508F1EE
:10D1B000FF38F5D115F0100F09D114F8011B61B13A
:10D1C00025293FF413AD3846FFF7E7FBF5E73A466C
:10D1D00051462020FFF7FBFBEFE7BB682BB13A6815
:10D1E00079688A423CBF00219954386809B0BDE88B
:10D1F000F08F4FF0FF30F9E70AF1FF3AB4E700BFD4
:10D20000719A02000000000005A602000000000064
:08D2100071E5020000000000BE
:10D218009D5603000000000025D202000000000017
:10D228000561030088340020D94E0300A83400208B
:10D238009D540300000000009F660300F82A0020A8
:10D24800FF6303009C3400201DDA02000000000088
:10D25800559B0200000000002DA6020000000000FF
:10D268007D71030000000000497203000000000007
:10D278002D9B020000000000B1B003000000000078
:10D28800D82D0020102D0020182D0020182D00204A
:04D29800180000007A
:10D29C00A4E203000000000064E3030000000000AF
:10D2AC00A0E5030000000000C4E303000000000040
:10D2BC0034E603000000000080E4030000000000DE
:10D2CC0040E5030000000000ECD303000000030362
:10D2DC0010D503000000000038ED03000000000032
:10D2EC0014E2030000000000E0EB03000000030365
:10D2FC0064DF030000000303A4ED0300000003033C
:10D30C0080EE030000000303C8F1030000000303D8
:10D31C0088D8030000000000D0D9030000000000F2
:10D32C0050D303000000000068D30300AC2A002097
:10D33C000000000000000000D9D4020000700700BB
:04D34C00FF7F070058
:10D35000B9640200EB640200E16402000000000016
:10D360000338FDD8704700007274745F6C6F675F9C
:10D370006261636B656E6400453A5C626C65355C46
:10D380004D54333531585C73656C666D6573685CFC
:10D390006E5246355F53444B5F31362E302E305F30
:10D3A000393861303865325C636F6D706F6E656EF1
:10D3B00074735C6C69627261726965735C6C6F67CF
:10D3C0005C7372635C6E72665F6C6F675F646566E8
:10D3D00061756C745F6261636B656E64732E63006C
:10D3E000E02D00207F000000602E002061707000A2
:10D3F000453A5C626C65355C4D54333531585C732D
:10D40000656C666D6573685C6E5246355F53444B60
:10D410005F31362E302E305F393861303865325CFE
:10D42000636F6D706F6E656E74735C6C6962726150
:10D43000726965735C6C6F675C7372635C6E726655
:10D440005F6C6F675F66726F6E74656E642E6300EB
:10D450004261636B656E647320666C7573686564A6
:10D46000000000006572726F720000007761726EDA
:10D47000696E6700696E666F000000006465627522
:10D48000670000001B5B306D000000001B5B313B40
:10D4900033306D001B5B313B33316D001B5B313B27
:10D4A00033326D001B5B313B33336D001B5B313B13
:10D4B00033346D001B5B313B33356D001B5B313BFF
:10D4C00033366D001B5B313B33376D0025734C6F7A
:10D4D00067732064726F7070656420282564292545
:10D4E000730D0A00257300003C25733E2025733A16
:10D4F000200000000D0A00002025303278000000D6
:10D50000202020007C000000256300002000000097
:10D510006170705F627574746F6E0000453A5C6292
:10D520006C65355C4D54333531585C73656C666D94
:10D530006573685C6E5246355F53444B5F31362EDF
:10D54000302E305F393861303865325C636F6D7012
:10D550006F6E656E74735C6C69627261726965731B
:10D560005C627574746F6E5C6170705F6275747408
:10D570006F6E2E6300000000534F465444455649D9
:10D5800043453A20415353455254494F4E2046415A
:10D59000494C454400000000534F46544445564909
:10D5A00043453A20494E56414C4944204D454D4F44
:10D5B00052592041434345535300000041535345C2
:10D5C0005254494F4E204641494C454420617420F5
:10D5D00025733A25750000004552524F522025759B
:10D5E000205B25735D2061742025733A25750D0A33
:10D5F00050432061743A203078253038780000009C
:10D60000456E64206F66206572726F72207265705D
:10D610006F727400554E4B4E4F574E204641554C3D
:10D62000542061742030782530385800453A5C62C7
:10D630006C65355C4D54333531585C73656C666D83
:10D640006573685C6E5246355F53444B5F31362ECE
:10D65000302E305F393861303865325C636F6D7001
:10D660006F6E656E74735C6C69627261726965730A
:10D670005C7574696C5C6170705F7574696C5F7007
:10D680006C6174666F726D2E63000000453A5C62D7
:10D690006C65355C4D54333531585C73656C666D23
:10D6A0006573685C6E5246355F53444B5F31362E6E
:10D6B000302E305F393861303865325C636F6D70A1
:10D6C0006F6E656E74735C6C6962726172696573AA
:10D6D0005C62616C6C6F635C6E72665F62616C6CE5
:10D6E0006F632E6300000000453A5C626C65355C38
:10D6F0004D54333531585C73656C666D6573685C89
:10D700006E5246355F53444B5F31362E302E305FBC
:10D71000393861303865325C65787465726E616C79
:10D720005C667072696E74665C6E72665F6670725B
:10D73000696E74662E630000453A5C626C65355C08
:10D740004D54333531585C73656C666D6573685C38
:10D750006E5246355F53444B5F31362E302E305F6C
:10D76000393861303865325C65787465726E616C29
:10D770005C667072696E74665C6E72665F6670720B
:10D78000696E74665F666F726D61742E630000006F
:10D7900030313233343536373839414243444546E7
:10D7A000453A5C626C65355C4D54333531585C7379
:10D7B000656C666D6573685C6E5246355F53444BAD
:10D7C0005F31362E302E305F393861303865325C4B
:10D7D000636F6D706F6E656E74735C6C696272619D
:10D7E000726965735C6D656D6F626A5C6E72665FAF
:10D7F0006D656D6F626A2E63000000002E2E2F2E65
:10D800002E2F2E2E2F2E2E2F2E2E2F2E2E2F636FBD
:10D810006D706F6E656E74732F6C69627261726980
:10D8200065732F6578706572696D656E74616C5F84
:10D8300073656374696F6E5F766172732F6E726663
:10D840005F73656374696F6E5F697465722E6800DB
:10D850002E2E2F2E2E2F2E2E2F2E2E2F2E2E2F2EE3
:10D860002E2F636F6D706F6E656E74732F6C6962AF
:10D870007261726965732F6D757465782F6E72664B
:10D880005F6D74782E6800007077725F6D676D74DD
:10D8900000000000453A5C626C65355C4D543335E0
:10D8A00031585C73656C666D6573685C6E524635A5
:10D8B0005F53444B5F31362E302E305F3938613044
:10D8C0003865325C636F6D706F6E656E74735C6C1F
:10D8D00069627261726965735C7077725F6D676DA2
:10D8E000745C6E72665F7077725F6D676D742E63C5
:10D8F0000000000058D2030058D2030004000000CA
:10D90000453A5C626C65355C4D54333531585C7317
:10D91000656C666D6573685C6E5246355F53444B4B
:10D920005F31362E302E305F393861303865325CE9
:10D93000636F6D706F6E656E74735C6C696272613B
:10D94000726965735C72696E676275665C6E726639
:10D950005F72696E676275662E630000453A5C62AD
:10D960006C65355C4D54333531585C73656C666D50
:10D970006573685C6E5246355F53444B5F31362E9B
:10D98000302E305F393861303865325C636F6D70CE
:10D990006F6E656E74735C6C6962726172696573D7
:10D9A0005C6578706572696D656E74616C5F7365D6
:10D9B0006374696F6E5F766172735C6E72665F73BB
:10D9C000656374696F6E5F697465722E6300000031
:10D9D000736F72746C69737400000000453A5C6286
:10D9E0006C65355C4D54333531585C73656C666DD0
:10D9F0006573685C6E5246355F53444B5F31362E1B
:10DA0000302E305F393861303865325C636F6D704D
:10DA10006F6E656E74735C6C696272617269657356
:10DA20005C736F72746C6973745C6E72665F736F33
:10DA300072746C6973742E6300000000556E6B6E17
:10DA40006F776E206572726F7220636F646500007D
:10DA50004E52465F53554343455353004E52465F23
:10DA60004552524F525F5356435F48414E444C45D6
:10DA7000525F4D495353494E470000004E52465F96
:10DA80004552524F525F534F4654444556494345C1
:10DA90005F4E4F545F454E41424C454400000000EC
:10DAA0004E52465F4552524F525F494E5445524E78
:10DAB000414C00004E52465F4552524F525F4E4F0E
:10DAC0005F4D454D000000004E52465F4552524F9B
:10DAD000525F4E4F545F464F554E44004E52465F84
:10DAE0004552524F525F4E4F545F535550504F5214
:10DAF000544544004E52465F4552524F525F494E84
:10DB000056414C49445F504152414D004E52465F90
:10DB10004552524F525F494E56414C49445F53540F
:10DB2000415445004E52465F4552524F525F494E56
:10DB300056414C49445F4C454E4754480000000054
:10DB40004E52465F4552524F525F494E56414C49E4
:10DB5000445F464C414753004E52465F4552524F38
:10DB6000525F494E56414C49445F44415441000084
:10DB70004E52465F4552524F525F444154415F53AB
:10DB8000495A45004E52465F4552524F525F5449E2
:10DB90004D454F55540000004E52465F4552524F7E
:10DBA000525F4E554C4C00004E52465F4552524F0C
:10DBB000525F464F5242494444454E004E52465FE2
:10DBC0004552524F525F494E56414C49445F414481
:10DBD000445200004E52465F4552524F525F4255EA
:10DBE000535900004E52465F4552524F525F434FC9
:10DBF0004E4E5F434F554E54000000004E52465F5C
:10DC00004552524F525F5245534F55524345530070
:10DC10004E52465F4552524F525F4D4F44554C4510
:10DC20005F4E4F545F494E495449414C495A45440F
:10DC3000000000004E52465F4552524F525F4D5514
:10DC40005445585F494E49545F4641494C4544004C
:10DC50004E52465F4552524F525F4D555445585FA4
:10DC60004C4F434B5F4641494C4544004E52465F42
:10DC70004552524F525F4D555445585F554E4C4F8B
:10DC8000434B5F4641494C45440000004E52465FBD
:10DC90004552524F525F4D555445585F434F4E4485
:10DCA0005F494E49545F4641494C454400000000DD
:10DCB0004E52465F4552524F525F4D4F44554C4570
:10DCC0005F414C52454144595F494E495449414C8A
:10DCD000495A4544000000004E52465F4552524F9B
:10DCE000525F53544F524147455F46554C4C0000DC
:10DCF0004E52465F4552524F525F4150495F4E4F20
:10DD0000545F494D504C454D454E5445440000002C
:10DD10004E52465F4552524F525F4645415455520E
:10DD2000455F4E4F545F454E41424C454400000014
:10DD30004E52465F4552524F525F494F5F50454EDB
:10DD400044494E47000000004E52465F4552524F34
:10DD5000525F4452565F5457495F4552525F4F5687
:10DD6000455252554E0000004E52465F4552524FAA
:10DD7000525F4452565F5457495F4552525F414E7D
:10DD800041434B004E52465F4552524F525F445200
:10DD9000565F5457495F4552525F444E41434B00D2
:10DDA0004E52465F4552524F525F424C455F49507A
:10DDB00053505F52585F504B545F5452554E43413D
:10DDC000544544004E52465F4552524F525F424CBA
:10DDD000455F495053505F4348414E4E454C5F416B
:10DDE0004C52454144595F45584953545300000033
:10DDF0004E52465F4552524F525F424C455F49502A
:10DE000053505F4C494E4B5F444953434F4E4E4530
:10DE100043544544000000004E52465F4552524F65
:10DE2000525F424C455F495053505F504545525FE9
:10DE300052454A454354454400000000000000009C
:10DE400050DA0300010000005CDA03000200000069
:10DE50007CDA030003000000A0DA030004000000E5
:10DE6000B4DA030005000000C8DA03000600000071
:10DE7000DCDA030007000000F4DA03000800000009
:10DE80000CDB03000900000024DB03000A00000093
:10DE900040DB03000B00000058DB03000C00000017
:10DEA00070DB03000D00000084DB03000E000000A7
:10DEB00098DB03000F000000A8DB03001000000047
:10DEC000BCDB030011000000D4DB030012000000E3
:10DED000E4DB030013000000FCDB03008000000013
:10DEE00010DC03008100000034DC0300820000002D
:10DEF00050DC0300830000006CDC030084000000A1
:10DF00008CDC030085000000B0DC0300860000000C
:10DF1000D8DC030090000000F0DC0300910000005A
:10DF200010DD03009200000030DD030000820000DD
:10DF300048DD03000182000068DD0300028200006A
:10DF400084DD030000840000A0DD030001840000E4
:10DF5000C4DD030002840000F0DD03000384000040
:10DF600018DE03006E72665F6673746F72616765B8
:10DF700000000000705F66730000000025732063DE
:10DF80006865636B206661696C656420696E202535
:10DF900073282920776974682076616C7565203054
:10DFA0007825782E00000000705F61706900000025
:10DFB000705F66732D3E705F61706900705F6465AD
:10DFC000737400006C656E00616464725F69735FF6
:10DFD000616C69676E65643332287372632900006F
:10DFE000616464725F69735F77697468696E5F62A8
:10DFF0006F756E647328705F66732C207372632C68
:10E00000206C656E29000000705F73726300000071
:10E0100021286C656E202520705F66732D3E705F31
:10E02000666C6173685F696E666F2D3E70726F67B4
:10E0300072616D5F756E69742900000061646472BD
:10E040005F69735F616C69676E656433322864650C
:10E0500073742900616464725F69735F616C6967DE
:10E060006E65643332282875696E7433325F7429A3
:10E07000705F737263290000616464725F69735F2B
:10E0800077697468696E5F626F756E647328705F1C
:10E0900066732C20646573742C206C656E290000F7
:10E0A000616464725F69735F706167655F616C6909
:10E0B000676E656428705F66732C20706167655FAA
:10E0C0006164647229000000616464725F69735F57
:10E0D00077697468696E5F626F756E647328705FCC
:10E0E00066732C20706167655F616464722C202800
:10E0F0006C656E202A20705F66732D3E705F666CC3
:10E100006173685F696E666F2D3E65726173655FEE
:10E11000756E6974292900006E72665F6673746F8C
:10E12000726167655F696E69740000006E72665F98
:10E130006673746F726167655F7265616400000089
:10E140006E72665F6673746F726167655F7772691E
:10E15000746500006E72665F6673746F72616765E6
:10E160005F6572617365000000100000040000002C
:10E1700001000000B998020005990200A19902006F
:10E1800031990200C5990200399A0200479A0200AB
:10E19000559A02002E2E2F2E2E2F2E2E2F2E2E2F62
:10E1A0002E2E2F2E2E2F6D6F64756C65732F6E7251
:10E1B00066782F68616C2F6E72665F6770696F2E6C
:10E1C00068000000453A5C626C65355C4D5433353F
:10E1D00031585C73656C666D6573685C6E5246356C
:10E1E0005F53444B5F31362E302E305F393861300B
:10E1F0003865325C636F6D706F6E656E74735C62F0
:10E200006F617264735C626F617264732E6300008D
:10E2100011120000636C6F636B000000453A5C6292
:10E220006C65355C4D54333531585C73656C666D87
:10E230006573685C6E5246355F53444B5F31362ED2
:10E24000302E305F393861303865325C696E746504
:10E2500067726174696F6E5C6E7266785C6C65671C
:10E260006163795C6E72665F6472765F636C6F6324
:10E270006B2E63002E2E2F2E2E2F2E2E2F2E2E2F76
:10E280002E2E2F2E2E2F696E746567726174696F42
:10E290006E2F6E7266782F6E7266785F676C75652A
:10E2A0002E680000434C4F434B000000453A5C622F
:10E2B0006C65355C4D54333531585C73656C666DF7
:10E2C0006573685C6E5246355F53444B5F31362E42
:10E2D000302E305F393861303865325C6D6F64756F
:10E2E0006C65735C6E7266785C6472697665727375
:10E2F0005C7372635C6E7266785F636C6F636B2EC7
:10E30000630000002E2E2F2E2E2F2E2E2F2E2E2F7E
:10E310002E2E2F2E2E2F696E746567726174696FB1
:10E320006E2F6E7266782F6E7266785F676C756599
:10E330002E6800002E2E2F2E2E2F2E2E2F2E2E2F1B
:10E340002E2E2F2E2E2F6D6F64756C65732F6E72AF
:10E3500066782F68616C2F6E72665F6770696F2ECA
:10E36000680000004750494F54450000453A5C6240
:10E370006C65355C4D54333531585C73656C666D36
:10E380006573685C6E5246355F53444B5F31362E81
:10E39000302E305F393861303865325C6D6F6475AE
:10E3A0006C65735C6E7266785C64726976657273B4
:10E3B0005C7372635C6E7266785F6770696F7465B8
:10E3C0002E63000050525300453A5C626C65355C28
:10E3D0004D54333531585C73656C666D6573685C9C
:10E3E0006E5246355F53444B5F31362E302E305FD0
:10E3F000393861303865325C6D6F64756C65735C9B
:10E400006E7266785C647269766572735C7372634F
:10E410005C7072735C6E7266785F7072732E6300EC
:10E420002E2E2F2E2E2F2E2E2F2E2E2F2E2E2F2E07
:10E430002E2F696E746567726174696F6E2F6E72CC
:10E4400066782F6E7266785F676C75652E6800005F
:10E450002E2E2F2E2E2F2E2E2F2E2E2F2E2E2F2ED7
:10E460002E2F6D6F64756C65732F6E7266782F68D2
:10E47000616C2F6E72665F6770696F2E68000000B6
:10E480005541525400000000453A5C626C65355CB1
:10E490004D54333531585C73656C666D6573685CDB
:10E4A0006E5246355F53444B5F31362E302E305F0F
:10E4B000393861303865325C6D6F64756C65735CDA
:10E4C0006E7266785C647269766572735C7372638F
:10E4D0005C6E7266785F756172742E630000000076
:10E4E0002E2E2F2E2E2F2E2E2F2E2E2F2E2E2F2E47
:10E4F0002E2F696E746567726174696F6E2F6E720C
:10E5000066782F6E7266785F676C75652E6800009E
:10E510002E2E2F2E2E2F2E2E2F2E2E2F2E2E2F2E16
:10E520002E2F6D6F64756C65732F6E7266782F6811
:10E53000616C2F6E72665F6770696F2E68000000F5
:10E540005541525445000000453A5C626C65355CAB
:10E550004D54333531585C73656C666D6573685C1A
:10E560006E5246355F53444B5F31362E302E305F4E
:10E57000393861303865325C6D6F64756C65735C19
:10E580006E7266785C647269766572735C737263CE
:10E590005C6E7266785F75617274652E6300000050
:10E5A000505049002E2E2F2E2E2F2E2E2F2E2E2F56
:10E5B0002E2E2F2E2E2F696E746567726174696F0F
:10E5C0006E2F6E7266782F6E7266785F676C7565F7
:10E5D0002E6800002E2E2F2E2E2F2E2E2F2E2E2F79
:10E5E0002E2E2F2E2E2F6D6F64756C65732F6E720D
:10E5F00066782F68616C2F6E72665F70776D2E681B
:10E60000000000002E2E2F2E2E2F2E2E2F2E2E2FDE
:10E610002E2E2F2E2E2F6D6F64756C65732F6E72DC
:10E6200066782F68616C2F6E72665F6770696F2EF7
:10E630006800000050574D00453A5C626C65355CDF
:10E640004D54333531585C73656C666D6573685C29
:10E650006E5246355F53444B5F31362E302E305F5D
:10E66000393861303865325C6D6F64756C65735C28
:10E670006E7266785C647269766572735C737263DD
:10E680005C6E7266785F70776D2E63002E2E2F2E73
:10E690002E2F2E2E2F2E2E2F2E2E2F2E2E2F6D6F15
:10E6A00064756C65732F6E7266782F68616C2F6E5F
:10E6B00072665F6770696F2E680000005278206490
:10E6C0006174612070726574726561742065727224
:10E6D0006F722E00453A5C626C65355C4D54333583
:10E6E00031585C73656C666D6573685C6E52463557
:10E6F0005F53444B5F31362E302E305F39386130F6
:10E700003865325C776F726B73706163655C7365DB
:10E710006C666D6573685C626C655F73656C666D75
:10E720006573685F32303230313130375F563231A5
:10E73000315F6C6967687463746C5F73657276656A
:10E7400072303230305C6D61696E2E630000000003
:10E75000532D30323030000055736572206275667B
:10E76000666572206C656E677468204552524F5220
:10E770002E000000436F6E6E6563746564000000D8
:10E78000446973636F6E6E656374656400000000B6
:10E7900044617461206C656E206973207365742018
:10E7A000746F203078255828256429001E00000049
:10E7B0001F000000FFFFFFFFFFFFFFFF0000000042
:10E7C00000E0D7012573000053656C666D657368C2
:10E7D000206C696768746374726C20736572766507
:10E7E0007220737461727465642E0000DC3800203E
:10E7F0000338FDD870470000010000071C3F0020CF
:10E80000010000000100000000000000203F002087
:10E81000010000000100000000000000453A5C62B9
:10E820006C65355C4D54333531585C73656C666D81
:10E830006573685C6E5246355F53444B5F31362ECC
:10E84000302E305F393861303865325C776F726BEB
:10E8500073706163655C73656C666D6573685C623B
:10E860006C655F73656C666D6573685F32303230FE
:10E87000313130375F563231315F6C6967687463AC
:10E88000746C5F736572766572303230305C6C69BF
:10E89000676874647276326D6F732E6300000000D7
:10E8A000020002000100020003000100705F7068B6
:10E8B0006173655F636F6E66696700006E72665FA5
:10E8C0006472765F7070695F696E69742069732025
:10E8D00025640A006C696768746472765F6C6967A6
:10E8E00068746E6573735F7365743A2025640A00FB
:10E8F0000338FDD8704700005243563A000000002C
:10E900002530325800000000000000000000000028
:10E910000000000000000000283F00204765742030
:10E920007363656E652069643A25642E00000000FB
:10E9300001000000B10303001D0403008D13030058
:10E9400002000000000000000000000000000000C5
:10E950004F55543A000000002530325800000000A6
:10E96000637C777BF26B6FC53001672BFED7AB768C
:10E97000CA82C97DFA5947F0ADD4A2AF9CA472C037
:10E98000B7FD9326363FF7CC34A5E5F171D83115A4
:10E9900004C723C31896059A071280E2EB27B275C5
:10E9A00009832C1A1B6E5AA0523BD6B329E32F843D
:10E9B00053D100ED20FCB15B6ACBBE394A4C58CF35
:10E9C000D0EFAAFB434D338545F9027F503C9FA809
:10E9D00051A3408F929D38F5BCB6DA2110FFF3D2D7
:10E9E000CD0C13EC5F974417C4A77E3D645D19738B
:10E9F00060814FDC222A908846EEB814DE5E0BDB85
:10EA0000E0323A0A4906245CC2D3AC629195E479BB
:10EA1000E7C8376D8DD54EA96C56F4EA657AAE0815
:10EA2000BA78252E1CA6B4C6E8DD741F4BBD8B8AB0
:10EA3000703EB5664803F60E613557B986C11D9E16
:10EA4000E1F8981169D98E949B1E87E9CE5528DF8D
:10EA50008CA1890DBFE6426841992D0FB054BB16B9
:10EA600052096AD53036A538BF40A39E81F3D7FB43
:10EA70007CE339829B2FFF87348E4344C4DEE9CB8D
:10EA8000547B9432A6C2233DEE4C950B42FAC34E02
:10EA9000082EA16628D924B2765BA2496D8BD125B8
:10EAA00072F8F66486689816D4A45CCC5D65B6925C
:10EAB0006C704850FDEDB9DA5E154657A78D9D8400
:10EAC00090D8AB008CBCD30AF7E45805B8B3450620
:10EAD000D02C1E8FCA3F0F02C1AFBD0301138A6B3A
:10EAE0003A9111414F67DCEA97F2CFCEF0B4E6736A
:10EAF00096AC7422E7AD3585E2F937E81C75DF6E18
:10EB000047F11A711D29C5896FB7620EAA18BE1B7D
:10EB1000FC563E4BC6D279209ADBC0FE78CD5AF423
:10EB20001FDDA8338807C731B11210592780EC5F69
:10EB300060517FA919B54A0D2DE57A9F93C99CEFC5
:10EB4000A0E03B4DAE2AF5B0C8EBBB3C83539961C6
:10EB5000172B047EBA77D626E169146355210C7D04
:10EB60005465726D696E616C00000000525454006F
:10EB7000534547474552000030313233343536373C
:10EB80003839414243444546453A5C626C65355CE0
:10EB90004D54333531585C73656C666D6573685CD4
:10EBA0006E5246355F53444B5F31362E302E305F08
:10EBB000393861303865325C636F6D706F6E656EC9
:10EBC00074735C626C655C636F6D6D6F6E5C626CC0
:10EBD000655F636F6E6E5F73746174652E630000B2
:10EBE0006E72665F626C655F67617474000000003E
:10EBF00073645F626C655F6761705F646174615FBD
:10EC00006C656E6774685F7570646174652829202F
:10EC1000287265717565737429206F6E20636F6E3D
:10EC20006E656374696F6E20307825782072657424
:10EC300075726E65642025732E000000546865208F
:10EC40007265717565737465642054582F5258202D
:10EC50007061636B6574206C656E6774682069739E
:10EC600020746F6F206C6F6E672062792025752F7E
:10EC70002575206F63746574732E000054686520D9
:10EC800072657175657374656420636F6D62696E1A
:10EC90006174696F6E206F6620545820616E642025
:10ECA0005258207061636B6574206C656E67746880
:10ECB0007320697320746F6F206C6F6E67206279A8
:10ECC000202575206D6963726F7365636F6E647361
:10ECD0002E00000073645F626C655F67617474632B
:10ECE0005F65786368616E67655F6D74755F726597
:10ECF000717565737428292072657475726E656408
:10ED00002025732E0000000073645F626C655F67EE
:10ED1000617474735F65786368616E67655F6D7455
:10ED2000755F7265706C7928292072657475726ED2
:10ED300065642025732E0000626C655F6E7573003C
:10ED40007941DC240EE5A9E093F3A3B50000406E01
:10ED50002E2E2F2E2E2F2E2E2F2E2E2F2E2E2F2ECE
:10ED60002E2F636F6D706F6E656E74732F6C69629A
:10ED70007261726965732F6578706572696D656E11
:10ED800074616C5F73656374696F6E5F76617273D3
:10ED90002F6E72665F73656374696F6E5F69746509
:10EDA000722E68006E72665F73646800453A5C623A
:10EDB0006C65355C4D54333531585C73656C666DEC
:10EDC0006573685C6E5246355F53444B5F31362E37
:10EDD000302E305F393861303865325C636F6D706A
:10EDE0006F6E656E74735C736F6674646576696369
:10EDF000655C636F6D6D6F6E5C6E72665F73646889
:10EE00002E6300000100000778D2030088D20300BF
:10EE10000800000058D2030068D203000800000078
:10EE200068D2030078D20300080000002E2E2F2E97
:10EE30002E2F2E2E2F2E2E2F2E2E2F2E2E2F636F77
:10EE40006D706F6E656E74732F6C6962726172693A
:10EE500065732F6578706572696D656E74616C5F3E
:10EE600073656374696F6E5F766172732F6E72661D
:10EE70005F73656374696F6E5F697465722E680095
:10EE80006E72665F7364685F626C650073645F6274
:10EE90006C655F6366675F736574282920726574AB
:10EEA00075726E6564202573207768656E206174C5
:10EEB00074656D7074696E6720746F20736574205B
:10EEC000424C455F434F4E4E5F4346475F4741507C
:10EED0002E00000073645F626C655F6366675F733A
:10EEE000657428292072657475726E6564202573B7
:10EEF000207768656E20617474656D7074696E67E3
:10EF000020746F2073657420424C455F4741505F09
:10EF10004346475F524F4C455F434F554E542E007A
:10EF200073645F626C655F6366675F7365742829ED
:10EF30002072657475726E6564202573207768652C
:10EF40006E20617474656D7074696E6720746F20D3
:10EF500073657420424C455F434F4E4E5F434647B6
:10EF60005F474154542E000073645F626C655F63B9
:10EF700066675F73657428292072657475726E65A3
:10EF800064202573207768656E20617474656D70E8
:10EF900074696E6720746F2073657420424C455FFE
:10EFA000434F4D4D4F4E5F4346475F56535F555558
:10EFB00049442E0073645F626C655F6366675F73CC
:10EFC000657428292072657475726E6564202573D6
:10EFD000207768656E20617474656D7074696E6702
:10EFE00020746F2073657420424C455F4741545430
:10EFF000535F4346475F415454525F5441425F530D
:10F00000495A452E0000000073645F626C655F63BF
:10F0100066675F73657428292072657475726E6502
:10F0200064202573207768656E20617474656D7047
:10F0300074696E6720746F2073657420424C455F5D
:10F0400047415454535F4346475F534552564943E3
:10F05000455F4348414E4745442E0000496E737555
:10F060006666696369656E742052414D20616C6CFF
:10F070006F636174656420666F72207468652053E5
:10F080006F66744465766963652E00004368616E3F
:10F090006765207468652052414D207374617274F5
:10F0A000206C6F636174696F6E2066726F6D2030C3
:10F0B00078257820746F20307825782E00000000A5
:10F0C0004D6178696D756D2052414D2073697A6587
:10F0D00020666F72206170706C69636174696F6E15
:10F0E00020697320307825782E00000073645F62F9
:10F0F0006C655F656E61626C652829207265747548
:10F10000726E65642025732E00000000453A5C6233
:10F110006C65355C4D54333531585C73656C666D88
:10F120006573685C6E5246355F53444B5F31362ED3
:10F13000302E305F393861303865325C636F6D7006
:10F140006F6E656E74735C736F6674646576696305
:10F15000655C636F6D6D6F6E5C6E72665F73646825
:10F160005F626C652E63000018D2030058D2030062
:10F17000080000002E2E2F2E2E2F2E2E2F2E2E2F5B
:10F180002E2E2F2E2E2F636F6D706F6E656E747323
:10F190002F6C69627261726965732F657870657230
:10F1A000696D656E74616C5F73656374696F6E5FC2
:10F1B000766172732F6E72665F73656374696F6ECA
:10F1C0005F697465722E68006E72665F7364685F53
:10F1D000736F6300453A5C626C65355C4D54333542
:10F1E00031585C73656C666D6573685C6E5246354C
:10F1F0005F53444B5F31362E302E305F39386130EB
:10F200003865325C636F6D706F6E656E74735C73BE
:10F210006F66746465766963655C636F6D6D6F6E50
:10F220005C6E72665F7364685F736F632E63000069
:10F2300000D2030018D20300080000002526270092
:10F2400008042008048000000406080A0C0E1012AE
:10F250001416181C1E20222426282A2C2E30323464
:10F2600036383A3C3E40424446484A4C4E021A50D8
:10F27000252627003031323334353637383941428C
:10F2800043444546000000003C743A202531307567
:10F290003E2C2025732C202534642C2000000000F7
:10F2A00025753B25753B25733B25753B000000000C
:10F2B000240000000000000000000000000000002A
:10F2C0000338FDD87047000098480020453A5C623A
:10F2D0006C65355C4D54333531585C73656C666DC7
:10F2E0006573685C6E5246355F53444B5F31362E12
:10F2F000302E305F393861303865325C6E72663579
:10F300005F53444B5F666F725F4D6573685F763421
:10F310002E312E305F7372635C65787465726E6136
:10F320006C5C6170705F74696D65725C6170705F58
:10F3300074696D65725F776F726B61726F756E6401
:10F340002E6300000000000043000000504F5349AE
:10F35000580000002020202020202020206828287D
:10F36000282820202020202020202020202020208D
:10F370002020202048101010101010101010101015
:10F3800010101010848484848484848484841010F5
:10F390001010101010818181818181010101010112
:10F3A000010101010101010101010101010101103E
:10F3B00010101010108282828282820202020202E7
:10F3C000020202020202020202020202020202100F
:10F3D00010101020000703200417020108571040E6
:10F3E0008000000048F303004CF4030060F50300C4
:10F3F00053756E004D6F6E0054756500576564005F
:10F400005468750046726900536174000000000082
:10F410004A616E00466562004D6172004170720083
:10F420004D6179004A756E004A756C004175670040
:10F43000536570004F6374004E6F7600446563003F
:10F4400000000000414D00504D00000084F5030015
:10F4500080F5030080F5030080F5030080F50300CC
:10F4600080F5030080F5030080F5030080F50300BC
:10F4700080F50300FFFFFFFFFFFFFFFFFFFFFFFF20
:10F48000FFFF0000C0F40300F0F30300FCF40300EE
:10F4900010F4030044F40300A4F4030054F5030043
:10F4A000B0F40300256D2F25642F2579000000009E
:10F4B000256120256220256520255420255900003E
:10F4C00053756E646179004D6F6E64617900547597
:10F4D0006573646179005765646E65736461790072
:10F4E0005468757273646179004672696461790069
:10F4F0005361747572646179000000004A616E7531
:10F50000617279004665627275617279004D61724F
:10F51000636800417072696C004D6179004A756ED4
:10F5200065004A756C7900417567757374005365A1
:10F530007074656D626572004F63746F626572000E
:10F540004E6F76656D62657200446563656D6265D8
:10F550007200000025483A254D3A2553000000006E
:10F5600001C903001DC9030029C9030035C90300EF
:10F5700051C903005DC9030069C9030077C90300CD
:10F58000000000002E0000003031323334353637B1
:10F590003839616263646566303132333435363709
:0FF5A0003839414243444546286E756C6C29004A
:10F5B00000000000FF0000000000000064D4030011
:10F5C0006CD4030074D403007CD4030084D40300FF
:10F5D0008CD4030094D403009CD40300A4D403006F
:10F5E000ACD40300B4D40300BCD40300C4D40300DF
:10F5F0000090D003843400200100040000000000CB
:10F6000000000000000000000000000000000000FA
:10F61000F02A002000000000FFFF1400010002009B
:10F6200000C0014000000000001002400100000086
:10F63000FFFFFFFFFF0000000A0000003C00000089
:10F6400032000000F401000064000000E803000044
:10F65000C8000000DC0500002C010000D0070000FD
:10F660005E010000C409000090010000B80B00001A
:10F67000C2010000AC0D0000F4010000A00F00006A
:10F6800026020000941100005802000088130000B8
:10F690008A0200007C150000BC0200007017000008
:10F6A000EE0200006419000020030000581B000057
:10F6B000840300004C1D0000E8030000401F000010
:10F6C000FF0000000000000000000000000000003B
:10F6D000000000000000000000000000000000002A
:10F6E000000000000000000000000000000000001A
:10F6F000000000000000000000000000000000000A
:10F7000000000000000000000000000000000000F9
:10F7100000000000000000000000000000000000E9
:10F7200000000000000000000000000000000000D9
:10F7300000000000000000000000000000000000C9
:10F7400000000000000000000000000000000000B9
:10F7500000000000000000000000000000000000A9
:10F760000000000000000000000000000000000099
:10F770000000000000000000000000000000000089
:10F780000000000000000000000000000000000079
:10F790000000000000000000000000000000000069
:10F7A0000000000000000000000000000000000059
:10F7B0000700000002000000BD9F0300E4F3030007
:10F7C000E4F30300E4F30300E4F30300E4F30300D1
:040000032000637501
:00000001FF
