:020000022000DC
:1060000000000120756302005D6302005F6302000F
:106010006163020063630200656302000000000028
:1060200000000000000000000000000067630200A4
:1060300069630200000000006B6302006D630200F0
:10604000B9A902006F630200ADB602006F630200DF
:106050006F6302006F630200CDB302006F63020042
:106060006F6302006F6302002D5F03006F63020025
:106070006F6302006F6302006F6302006F630200D0
:106080006F63020075A50300F17903006F630200DE
:10609000E5A503006F630200CD4D03006F630200AE
:1060A0006F6302006F6302006F6302006F630200A0
:1060B00001B802006F630200000000000000000051
:1060C0006F63020019B802006F6302006F63020081
:1060D0006F6302006F6302006F6302000000000044
:1060E00000000000000000000000000000000000B0
:1060F00000000000000000000000000000000000A0
:10610000000000000000000000000000000000008F
:10611000000000000000000000000000000000007F
:10612000000000000000000000000000000000006F
:10613000000000000000000000000000000000005F
:10614000000000000000000000000000000000004F
:10615000000000000000000000000000000000003F
:10616000000000000000000000000000000000002F
:10617000000000000000000000000000000000001F
:10618000000000000000000000000000000000000F
:1061900000000000000000000000000000000000FF
:1061A00000000000000000000000000000000000EF
:1061B00000000000000000000000000000000000DF
:1061C00000000000000000000000000000000000CF
:1061D00000000000000000000000000000000000BF
:1061E00000000000000000000000000000000000AF
:1061F000000000000000000000000000000000009F
:10620000354936480A1A02D0072291438D4634494F
:1062100034480A1A06D00722914381F309880222E2
:1062200082F3148830483149314A00F044F831484B
:106230003149324A00F03FF831483249324A00F0E1
:106240003AF832483249334A00F035F83248334997
:10625000334A00F030F833483349344A00F02BF821
:1062600033483449344A00F026F83448344900228F
:1062700000F02CF833483449002200F027F8334866
:106280003349091A082902DB002202604160314AC1
:1062900090471F481F49884205D00268043003B464
:1062A000904703BCF7E700208646EC46002000211B
:1062B000294A9047FEE7884207D0521A05D0037852
:1062C00001300B700131013AF9D17047884202D098
:1062D00002700130FAE770470000012000E0002062
:1062E0000000012000000120DCD50300AC2A0020C2
:1062F000302C0020D0630200D0630200ECB1030018
:10630000DCD50300AC2A0020AC2A00203CB30300FB
:106310003CB303003CB303003CB303003CB30300B5
:106320003CB303003CB303003CB30300DBD50300E4
:1063300060D70300302C0020302C0020302C0020AF
:10634000704A0020704A0020704A0020704A0020E5
:10635000706A00209D63020015D80200FEE7FEE788
:10636000FEE7FEE7FEE7FEE7FEE7FEE7FEE7FEE705
:1063700000F002B8FFF7FCBF0F484FF00701884359
:1063800085460E4880470E48016841F4700101605F
:10639000BFF34F8FBFF36F8FFFF732BF09480A4932
:1063A0000A4A884207D0521A05D0037801300B7090
:1063B0000131013AF9D1704700000120D99B020058
:1063C00088ED00E028B30300982A0020AC2A0020C2
:1063D00000B585B00190019B002B0AD0074B43F01C
:1063E00001030393019B9B010293039B029898472F
:1063F00000E000BF05B05DF804FB00BF50B3030030
:1064000000B583B00190019B002B0AD04FF47A7045
:10641000FFF7DEFF019B013B0193019B002BF5D1B0
:1064200000E000BF03B05DF804FB08B50AF084FF8C
:1064300000BF08BD00B589B0039002910192019B95
:10644000002B33D00023079303230693029A079B64
:106450001344019A194600200AF0F8FE0590079AA5
:10646000059B13440793019A059BD31A0193059B3F
:10647000002B13D10F4B1B7883F00103DBB2002BF1
:1064800013D10120FFF7BCFF069B013B0693069B3F
:10649000002B03D1074B00221A7007E0054B0122A5
:1064A0001A70019B002BD1D100E000BF00BF09B0E2
:1064B0005DF804FB302C002000B585B003900291FC
:1064C000054B00934023054A0299039800F012F807
:1064D00000BF05B05DF804FB35640200342C0020D9
:1064E00082B0019000BF02B0704782B0019000BF3F
:1064F00002B0704700B5A1B00590049103920293D9
:10650000049802F04BFA039B1593029B1693002309
:10651000179300238DF8603000231993229B1A9360
:1065200000231F930FA91F9B0822049802F010FB61
:1065300008231F93119B1293BDF84030ADF84C30E7
:10654000BDF84230ADF84E3000238DF851309DF843
:106550003C3003F00303DBB2012B26D10F9BC3F3C6
:1065600095231C939DF83C30C3F3C203DBB28DF836
:106570005030BDF83C30C3F38313DBB21B931B9B3D
:106580009A0009A91F9B049802F0E2FA1B9B9B004A
:106590001F9A13441F9312AA09A915AB009313461F
:1065A0001B9A1C9800F03EFF2FE09DF83C3003F052
:1065B0000303DBB2022B28D1BDF83E30C3F38913AD
:1065C0009BB21E939DF83C30C3F3C203DBB28DF83F
:1065D00050301E9B082B28BF08231D9307A91F9B23
:1065E0001D9A049802F0B4FA1F9A1D9B13441F933E
:1065F0001E9A1D9BD31A1E9315AB12AA07A81D99AC
:1066000000F0B2FF1E9B002BE3D1049802F0D5F9F5
:1066100000BF21B05DF804FB82B00190019BDB68F4
:1066200001225A7100BF02B07047000000B583B06C
:106630004FF0FF330193FFF7F8FE0421084800F004
:106640000BFE0190019B002B03DA0649412005F067
:1066500043FD0348FFF7E0FF00BF03B05DF804FB14
:1066600018B3030068B3030000B583B00190009134
:10667000019B1B681B6800990198984700BF03B0F5
:106680005DF804FB00B583B00190019B1B685B685B
:106690000198984700BF03B05DF804FB00B583B0D4
:1066A0000190019B1B689B680198984700BF03B04D
:1066B0005DF804FB82B001900B468DF80330019B1E
:1066C000DB689DF803201A7100BF02B0704782B0EA
:1066D0000190019BDB681B79184602B0704782B0BD
:1066E0000190019BDB6801225A7100BF02B0704724
:1066F00082B00190019BDB685B79184602B070475D
:1067000000B585B001900091154BFF229A60144BA3
:1067100000221A60124B00225A60114B0022C3F86B
:1067200018240F4B0022C3F814240D4B002283F8C9
:1067300020240C4802F096F80390039B002B01D014
:10674000039B08E0084802F0C1FA084A084BD31A34
:10675000DB0802930023184605B05DF804FB00BF78
:10676000DC2D002074B20300E0B3030018B3030073
:1067700088B20300024A034BD31ADB08184670475D
:1067800018B3030088B2030000B587B001900B4630
:106790008DF803309DF80330002B1FD0FFF7EAFF80
:1067A00004900023059313E0059B9B000E4A1344BD
:1067B0000393039B1B881A46019B1B689A4204D1D2
:1067C000019B059A1A60002309E0059B013305939C
:1067D000059A049B9A42E7D3052300E0002318465C
:1067E00007B05DF804FB00BFAC2A002000B585B0FF
:1067F00001900B468DF803309DF8032001AB114644
:106800001846FFF7C1FF0346002B07D1019BDB00B1
:10681000054A13440393039B1B6800E000231846BA
:1068200005B05DF804FB00BF88B2030084B001909E
:106830000B468DF80330019BDB00174A134402938B
:106840009DF80330013B032B1CD801A252F823F022
:106850006168020069680200716802007B680200DA
:1068600002238DF80F3011E004238DF80F300DE076
:10687000029B1B798DF80F3008E0029B5B798DF845
:106880000F3003E000238DF80F3000BF9DF80F306C
:10689000184604B0704700BF88B2030084B001906E
:1068A000009100238DF80F30019B1B7803F0040347
:1068B000DBB2002B24D0019B1B78C3F30103DBB2B6
:1068C000012B02D0022B0CD017E0009B1B68019A11
:1068D0001288C2F38312D2B213449A1C009B1A602E
:1068E0000BE0009B1B68019A5288C2F3891292B296
:1068F00013449A1C009B1A6000BF01238DF80F30CF
:106900009DF80F30184604B07047000000B58BB0FA
:106910000023ADF826303E4801F0A3FA3D4801F0CF
:10692000A0FA3D4B5B6804933B4B9B680693049A2B
:10693000069B134002339B00374A134404330893E9
:1069400004AB19460898FFF7A9FF0346002B09D0AE
:10695000049A069B134002339B002F4A13440433CE
:106960000893EDE700BF0023079311E0049B5A1C36
:106970000492069A1340079A920001A90A442649F4
:1069800002339B000B445B681360079B0133079342
:10699000079B012BEAD99DF80430C3F30103DBB256
:1069A000012B10D0022B1CD1BDF80A30ADF82630D7
:1069B000BDF80630C3F389139BB203339A08049BD6
:1069C0001344049313E0BDF80A30ADF82630BDF847
:1069D0000430C3F38313DBB21A46049B13440493BD
:1069E00005E00E494FF4BF7005F076FB00BF094883
:1069F00001F043FA0590059B002B02D0049B064A48
:106A00005360BDF8263018460BB05DF804FB00BF9C
:106A1000F4310020F0310020DC2D0020F0B3030021
:106A200000B585B00021074801F068F90390039B89
:106A30000293029B83F310030193019B184605B058
:106A40005DF804FBF831002000B589B00390029195
:106A500001920093039B1B0C0793FFF7E1FF069045
:106A6000FFF788FE0246079B934204D3214940F278
:106A7000A31005F031FB069B1904009B5A1C0A9BCE
:106A80001340079A0A431C4902339B000B445A6087
:106A9000009A0A9B134002339B00174A13440433A5
:106AA0000593039B03F00703D9B2059A137861F3AA
:106AB000C5031370019B03F00F03D9B2059A138825
:106AC00061F389131380029BC3F31501059A1368C0
:106AD00061F39F231360059A1378012161F3010389
:106AE0001370059A13786FF38203137000BF09B017
:106AF0005DF804FBF0B30300DC2D002000B58DB081
:106B00000390029113468DF80730039B02330A93DA
:106B100001238DF8273000238DF81B300DF11B0366
:106B2000184600F01BFF404B1A68029B1A603E4B50
:106B30009A683D4B59683C4B1B68CB1A1344013390
:106B40000B9314E00121394801F04FF9FFF7DEFE05
:106B500007900799354801F048F9334B9A68324B52
:106B60005968314B1B68CB1A134401330B930A9AB3
:106B70000B9B9A42E6D89DF82730002B48D0002383
:106B800005939DF80730002B17D09DF81430012293
:106B900062F301038DF814309DF8143043F00403C0
:106BA0008DF81430039B03F00F03DAB2BDF81430F4
:106BB00062F38913ADF8143016E09DF81430022208
:106BC00062F301038DF814309DF8143043F0040390
:106BD0008DF81430039BC3F309039AB2BDF8163045
:106BE00062F38F13ADF816300F4B1A680E4B9B688B
:106BF000134002339B000C4A134404330893059A54
:106C0000089B1A60084B1A680A9B1344064A1360D3
:106C10009DF81B30184600F0B7FE9DF82730184647
:106C20000DB05DF804FB00BFDC2D0020F831002022
:106C300000B587B00190244B93F82034002B02D18B
:106C4000019B002B01D1019B39E0019813F083FFD8
:106C500003460133049304AA03A901231B4802F04D
:106C600053F80346002B29D1039B049A0199184637
:106C700013F0F3FE039A049B013B134400221A70A5
:106C8000049B1946114802F0BFF80590059B002BA4
:106C900004D00F4940F20A2005F01EFA049B194661
:106CA0000A4802F0E4F80590059B002B04D008493F
:106CB00040F20E2005F010FA039B00E00023184676
:106CC00007B05DF804FB00BFDC2D0020E0B303003B
:106CD000F0B3030000B58BB00590049103920293CA
:106CE0001F4B9B68079306AB012219460298FFF7DA
:106CF00005FF0346002B24D0069B02330993002393
:106D0000089311E0089B9B00039A1A44099B591CA5
:106D1000099107990B401268114902339B000B44FB
:106D20005A60089B01330893089A029B9A42E9D360
:106D3000069A079B00931346029A04990598FFF759
:106D400083FE074B93F82034002B05D000BF00F0E2
:106D50007BF80346002BFAD100BF0BB05DF804FBB3
:106D6000DC2D002000B583B00190009100230022AB
:106D700000990198FFF7AEFF00BF03B05DF804FB78
:106D800000B587B0039002910192019B059305AA7B
:106D9000012302990398FFF79DFF00BF07B05DF83C
:106DA00004FB00B587B00390029101920093019B10
:106DB0000493009B059304AA022302990398FFF70A
:106DC00089FF00BF07B05DF804FB00B589B00390F0
:106DD000029101920093019B0593009B06930A9BED
:106DE000079305AA032302990398FFF773FF00BFD7
:106DF00009B05DF804FB00B58BB0039002910192DD
:106E00000093019B0593009B06930C9B07930D9B9E
:106E100008930E9B099305AA052302990398FFF78F
:106E200059FF00BF0BB05DF804FB0000054B5A682A
:106E3000044B1B689A420CBF01230023DBB21846A7
:106E4000704700BFDC2D002000B599B0FFF7EEFFC2
:106E50000346002B01D00023BEE19B4B0022C3F868
:106E60001824BFF34F8F00BF974B5B680493964B7A
:106E70009B681093049A109B134002339B00924A24
:106E80001344043311930023179300231693002314
:106E90000F9304AB19461198FFF700FD0346002B32
:106EA00019D0894BD3F81834002B14D1864B1A68AB
:106EB000049B9A4205D8844B1B68834A5360002385
:106EC0008AE1049A109B134002339B007E4A1344CC
:106ED00004331193DDE70023159311E0049B5A1C42
:106EE0000492109A1340159A920001A90A44764917
:106EF00002339B000B445B681360159B01331593B1
:106F0000159B012BEAD99DF8043003F00303DBB293
:106F1000022B40F09C80BDF80630C3F389139BB26E
:106F20000D93BDF80630C3F389139BB2502B28BFD5
:106F300050239BB20C930C9BC3F309039AB2BDF888
:106F4000063062F38F13ADF806300C9B08330B93B9
:106F50009DF80430C3F3C203DBB20F930B995B4877
:106F600001F08BFC1790179B002B00F0D180179835
:106F700001F014FD01A9169B0822179801F0CAFD23
:106F8000169B08331693049BDA43109B134001337E
:106F90009B000A930C9A0A9B9A4242D90A9B002BA7
:106FA00008D0049A109B134002339B00464A1344B6
:106FB000043300E0464B08930A9B002B02D00A9B47
:106FC000DBB201E00C9BDBB28DF81F300A9B002B7B
:106FD00001D03F4B00E0002306930A9B002B06D014
:106FE0000C9BDAB20A9BDBB2D31ADBB200E00023BF
:106FF0008DF817309DF81F20169B0899179801F0FF
:1070000089FD9DF81F30169A13441693069B002B9A
:1070100016D09DF81720169B0699179801F07AFD57
:107020000EE0049A109B134002339B00264A13443F
:1070300004330993169B0C9A0999179801F06AFD7D
:107040000D9B03339A08049B1344049360E09DF85E
:10705000043003F00303DBB2012B59D1BDF8043037
:10706000C3F38313DBB2062B28BF0623DAB2BDF8C5
:10707000043062F38913ADF80430BDF80430C3F373
:107080008313DBB202330E939DF80430C3F3C203C3
:10709000DBB20F930E9B9B0019460C4801F0EDFBF1
:1070A0001790179B002B33D0179801F077FC01A99C
:1070B000169B0822179801F02DFD169B0833169396
:1070C000002315931BE000BFDC2D002074B20300E9
:1070D000E82D0020049B5A1C0492109A134002339E
:1070E0009B003F4A1344191D169B0422179801F078
:1070F00011FD169B04331693159B01331593BDF8B0
:107100000430C3F38313DBB21A46159B9342E1D3D9
:10711000179B002B40D0324BD3F810341493304BD4
:10712000D3F81834002B1BD0179801F046FC4DE023
:1071300000238DF84F301498FFF7DAFA0346002B3E
:1071400002D001238DF84F309DF84F30002B03D033
:1071500017991498FFF788FA149BDB681B6814933F
:10716000149B002BE4D1179801F027FC00238DF825
:1071700003300DF10303184600F0F0FB184BD3F871
:107180001834002B02D1049B154A53609DF803303C
:10719000184600F0F9FB19E0114BD3F810341293A4
:1071A00006E01298FFF77AFA129BDB681B681293CD
:1071B000129B002BF5D10B4A0B4BD31ADB081B0497
:1071C00043F0020309491846FFF7CCFDFFF72EFEF6
:1071D000034683F00103DBB2184619B05DF804FBE7
:1071E000DC2D0020C0B2030088B2030060B40300AD
:1071F00000B585B00023039323E0164BD3F8103479
:10720000029301238DF807300FE00298FFF75FFA31
:1072100003461A46039B934203D100238DF807309F
:1072200006E0029BDB681B680293029B002BECD1FB
:107230009DF80730002B01D0039B07E0039B01332F
:107240000393039B092BD8DD4FF0FF33184605B09D
:107250005DF804FBDC2D002000B585B001900B46E5
:107260008DF80330FFF7C4FF0390039BB3F1FF3F9A
:1072700001D1039B22E0039BDBB219460198FFF783
:1072800019FA104BD3F81034002B08D10D4A019B8A
:10729000C2F81034019BDB6800221A600DE0094B34
:1072A000D3F81034DA68019BDB6812681A60054B6A
:1072B000D3F81034DB68019A1A60039B184605B0B6
:1072C0005DF804FBDC2D002000B583B00D4BD3F836
:1072D000103401930B4B012283F8202409E001981C
:1072E000FFF7FDF90198FFF7CDF9019BDB681B68FB
:1072F0000193019B002BF2D100BF00BF03B05DF8EA
:1073000004FB00BFDC2D002082B00190009100BF83
:1073100002B0704710B584B003900291039BDB88E4
:10732000002B0AD0039BDB881A461F4B00931346A1
:107330001E4A1F49029800F0E9FE039B1B7A052BA9
:107340002ED0039B5B7A002B12D0039B9B881A469E
:10735000039B1B7A19461046FFF768FA03461A4644
:10736000144B53F822301A461349029800F0CEFE0F
:10737000039B1B6819460298FFF7C6FF039B1B7A05
:107380001A460E4B53F82240039B9B880021184657
:10739000FFF72CFA034622460949029800F0B6FE90
:1073A00000BF04B010BD00BF94B40300A4B4030038
:1073B000DCB40300C82A0020F4B40300B42A00207F
:1073C000F8B4030000B585B00390029113468DF820
:1073D0000730039B1B7A052B0FD0039B5B7A002B96
:1073E00006D00D4B1B681A460C49029800F08EFE21
:1073F0000B49029800F08AFE07E09DF80730002B49
:1074000003D00749029800F081FE029800F05CFE6C
:1074100000BF05B05DF804FBC82A0020F4B40300E7
:1074200004B5030030B58BB0079006910592049324
:107430000E9B1B7B8DF827300E9B00221A730E9932
:107440000498FFF767FF059B062B7FD801A252F82F
:1074500023F000BF717402007B7402008B74020081
:107460009F740200BD740200E574020015750200ED
:1074700007990E9800F04AFE69E0069B1B681A46C1
:1074800007990E9800F042FE61E0069B1A68069B81
:1074900004331B6807990E9800F038FE57E0069BEE
:1074A0001A68069B04331968069B08331B6800930F
:1074B0000B4607990E9800F029FE48E0069B1968D4
:1074C000069B04331868069B08331B68069A0C3227
:1074D00012680192009303460A4607990E9800F03D
:1074E00015FE34E0069B1868069B04331C68069B57
:1074F00008331B68069A0C32126806991031096825
:107500000291019200932346024607990E9800F0DB
:10751000FDFD1CE0069B1C68069B04331D68069B52
:1075200008331B68069A0C321268069910310968F4
:1075300006981430006803900291019200932B4644
:10754000224607990E9800F0E1FD00E000BF0022FE
:107550000E990498FFF736FF0E9B9DF827201A73AB
:1075600000BF0BB030BD00BF00B587B003900291E3
:1075700001920093029B082B60D8009B1B7B8DF827
:107580001330009B00221A7300990198FFF7C2FE86
:107590000023059314E0059A029B9A4209D2039AAC
:1075A000059B13441B781A462649009800F0AEFD4F
:1075B00003E02549009800F0A9FD059B01330593E0
:1075C000059B072BE7D92149009800F09FFD002378
:1075D000059326E0059A029B9A421BD2039A059BCB
:1075E00013441B788DF812309DF812307E2B0AD888
:1075F0009DF81230184613F005FA0346002B02D00E
:107600009DF8123000E02E231A461149009800F030
:107610007DFD03E00F49009800F078FD059B0133E4
:107620000593059B072BD5D9012200990198FFF7F7
:10763000C9FE009B9DF813201A7300E000BF07B03D
:107640005DF804FB08B5030010B5030014B5030092
:1076500018B503001CB5030086B003900291019297
:1076600001238DF817309DF81730214A039B1360D2
:107670001F4A029B53601E4A019B9360039B44F286
:107680000102934213D0039B44F20202934221D1A0
:10769000019B174AD360164BDB681B881A46144BB4
:1076A0009A61134BDB685B68114AD36112E0019B5E
:1076B0000F4A13610E4B1B699B680D4A53610C4BBB
:1076C0001B691B680A4A9361094B1B695B68084A7E
:1076D000D36100BF72B600BF00BF9DF81730DBB2A8
:1076E000002BFAD162B600BF00BF06B0704700BFE2
:1076F0000032002000B583B002900091019244F264
:10770000010071466A4600F003F803B000BD00BFF7
:1077100030B58BB007900691059272B600BFFFF7A7
:10772000D3FD00BFFFF790FB0346002BFAD1079B68
:1077300044F2020293422FD0079B44F2020293428A
:1077400069D8079B44F20102934237D0079B44F269
:10775000010293425FD8079B012B05D0079B41F2A2
:10776000010293420CD056E0394A3A4BD31ADB0857
:107770001B0443F0010338491846FFF7F3FA57E0BA
:10778000334A344BD31ADB081B0443F0010333495B
:107790001846FFF7E7FA4BE0059B09932C4A2D4B5F
:1077A000D31ADB081B0443F00100099B5B681A46EF
:1077B000099B1B882A49FFF7F4FA39E0059B0893D7
:1077C000234A244BD31ADB081B0443F00104089B13
:1077D0009D68089B9B68184601F0D0FB034618463D
:1077E000089B5B681946089B1B68069A02920193E6
:1077F000009103462A461B492046FFF7FCFA144A2B
:10780000144BD31ADB081B0443F001031649184636
:10781000FFF7A8FA0CE00E4A0E4BD31ADB081B0444
:1078200043F00103069A11491846FFF7A9FA00BF71
:107830000F4B1B6803F00103002B00D000BE059A1C
:1078400006990798FFF708FF00BF0BB030BD00BFD7
:10785000C0B2030088B2030094B50300B4B50300BE
:10786000D8B50300F4B503001CB6030030B603001E
:10787000F0ED00E082B0EFF310830093009B0193E2
:1078800072B600BF019B184602B0704762B600BFD7
:1078900000BF704700B585B00190FFF7EBFF039084
:1078A000164B9B68002B1BD1144B01229A60144B82
:1078B000D3F88020134B1340104A1360104B114A29
:1078C000C3F880200E4BD3F884300C4A53600C4B25
:1078D0004FF0FF32C3F88420019B00221A7002E0AF
:1078E000019B01221A70039B002B01D1FFF7CEFFF1
:1078F0000023184605B05DF804FB00BF20320020CD
:1079000000E100E0FC06FFBD00B585B003468DF840
:107910000730104B9B68002B16D09DF80730002BCA
:1079200012D1FFF7A7FF03900B4A0A4B1B681360A5
:10793000094A084B5B685360064B00229A60039B20
:10794000002B01D1FFF7A2FF0023184605B05DF818
:1079500004FB00BF2032002000E100E000B583B04E
:10796000019000F02BF80346012B03D0054943207A
:1079700004F0B2FB0198FFF78DFF00BF03B05DF884
:1079800004FB00BF48B6030000B583B003468DF882
:10799000073000F013F80346012B03D006495120AD
:1079A00004F09AFB9DF807301846FFF7ADFF00BFC3
:1079B00003B05DF804FB00BF48B6030084B0EFF3EA
:1079C00005830193019BC3F308030393039B002BDF
:1079D0000DD1EFF314830093009B0293029B03F0FD
:1079E0000103002B0CBF01230023DBB200E00123C5
:1079F000184604B0704786B001900091019B53E88F
:107A0000011F8AB2D88902449889824228BF121A7B
:107A10001889824202BFBFF32F8F002307E0C2EA1A
:107A2000010243E801200028E9D14FF001038DF85D
:107A30000F30059002910492029A009B1A609DF803
:107A40000F30DBB2184606B0704784B00190019940
:107A500051E8013FC3EA034341E80132002AF7D16C
:107A60000392029300BF04B0704786B0019000916A
:107A7000019B53E8021F1FFAA1F2D888824202BF7D
:107A8000BFF32F8F00230DE0D889024498898242EA
:107A900028BF121AC1EA024243E802200028E8D1B6
:107AA0004FF001038DF80F30059002910492029A75
:107AB000009B1A609DF80F30DBB2184606B0704785
:107AC00084B00190019951E8023FC3EA234341E8A1
:107AD0000232002AF7D10392029300BF04B070472C
:107AE00086B00190019B53E8021FDA88B1EB314F59
:107AF0004FF0000017BF89B242EA024241EA024257
:107B000004E05968B1EB314F08BF012043E802217E
:107B10000029E8D18DF80F00059104929DF80F30EF
:107B2000DBB2184606B0704784B00390029111464C
:107B30001A460B46ADF806301346ADF80430029BEA
:107B4000002B01D10E231FE0BDF80630BDF8042044
:107B5000B3FBF2F102FB01F29B1A9BB2002B01D0A6
:107B6000092311E0039B029A1A60039B00225A60CA
:107B7000039B00229A60039BBDF806209A81039B19
:107B8000BDF80420DA810023184604B0704700B520
:107B900085B001900198FFF7A3FF03468DF80F30E1
:107BA0009DF80F30002B01D0002300E01123184670
:107BB00005B05DF804FB00B585B001900091009B15
:107BC00019460198FFF717FF0346002B07D0019BCA
:107BD0001B68009A128813440393039B00E0002360
:107BE000184605B05DF804FB00B583B00190009124
:107BF000009B1A88009B5B889A4204D10198FFF78A
:107C000024FF012300E00023184603B05DF804FBC5
:107C100000B585B001900091009B19460198FFF7CF
:107C200024FF0346002B07D0019B1B68009A528853
:107C300013440393039B00E00023184605B05DF84E
:107C400004FB00B583B001900091009B1A88009B53
:107C50005B889A4204D10198FFF732FF012300E0CC
:107C60000023184603B05DF804FB00B585B0019011
:107C70000091009B5B099B00019A1A44009B03F052
:107C80001F03012101FA03F31946104600F065F8BD
:107C9000039000BF05B05DF804FB00B585B001900E
:107CA0000091009B5B099B00019A1A44009B03F022
:107CB0001F03012101FA03F3DB431946104600F0CC
:107CC0007CF8039000BF05B05DF804FB82B0019022
:107CD0000091009B5B099B00019A13441A68009B6A
:107CE00003F01F0322FA03F303F00103002B14BF78
:107CF00001230023DBB2184602B0704710B487B0EE
:107D000001900091019B009A53E8004F104643E810
:107D1000000191F0000FF7D1059404900391059BA9
:107D2000184607B05DF8044B704710B487B0019057
:107D30000091019B009A53E8004F44EA020043E897
:107D4000000191F0000FF6D1059404900391059B7A
:107D5000184607B05DF8044B704710B487B0019027
:107D60000091019B009A53E8004F44EA020043E867
:107D7000000191F0000FF6D1059404900391049B4B
:107D8000184607B05DF8044B704710B487B00190F7
:107D90000091019B009A53E8004F04EA020043E877
:107DA000000191F0000FF6D1059404900391059B1A
:107DB000184607B05DF8044B704710B487B00190C7
:107DC0000091019B009A53E8004F04EA020043E847
:107DD000000191F0000FF6D1059404900391049BEB
:107DE000184607B05DF8044B704710B487B0019097
:107DF0000091019B009A53E8004F04EB020043E816
:107E0000000191F0000FF6D1059404900391049BBA
:107E1000184607B05DF8044B704710B487B0019066
:107E20000091019B009A53E8004FA4EB020043E845
:107E3000000191F0000FF6D1059404900391049B8A
:107E4000184607B05DF8044B704700B583B0019049
:107E500001210198FFF769FF0346184603B05DF85A
:107E600004FB00B583B0019001210198FFF775FF75
:107E70000346184603B05DF804FB00B583B00190DB
:107E800000210198FFF781FF0346184603B05DF813
:107E900004FB00B583B0019000210198FFF78DFF2E
:107EA0000346184603B05DF804FB000000B583B03C
:107EB00001900B468DF80330019B002B03D108493C
:107EC000E82004F009F9019BDA689DF80330019974
:107ED000098A01FB03F31344184603B05DF804FB61
:107EE000B4B6030000B583B001900091019B002B54
:107EF00003D10849F52004F0EFF8009B019AD268FD
:107F00009B1A019A128AB3FBF2F3DBB2184603B054
:107F10005DF804FBB4B6030000B585B00190019B89
:107F2000002B01D10E234CE0019B1B68002B03D1D9
:107F30002649FF2004F0D0F8019B5B68002B04D198
:107F400022494FF4807004F0C7F8019B9B68002B16
:107F500004D11E4940F2011004F0BEF8019BDB6819
:107F6000002B04D119494FF4817004F0B5F8019B3E
:107F70001B8A002B04D1154940F2031004F0ACF821
:107F8000019B9A68019B5B68D31A8DF80F30019BA7
:107F90001B68019A52681A6007E0019B1A6813680F
:107FA000591C11609DF80F201A709DF80F305A1E51
:107FB0008DF80F20002BF0D1019B1B6800221A7155
:107FC0000023184605B05DF804FB00BFB4B60300FB
:107FD00000B585B00190019B002B04D11F494FF4DF
:107FE000927004F079F80023039300238DF80A308F
:107FF0000DF10A031846FFF7B1FC019B1B681A68D4
:10800000019B5B689A421FD9019B1B681A68013A61
:108010001A601B681B7819460198FFF747FF039009
:10802000019B9A68019B1B681B68D31A8DF80B3063
:10803000019B1B681B799DF80B209A4204D9019B78
:108040001B689DF80B201A719DF80A301846FFF73F
:108050009BFC039B184605B05DF804FBB4B6030017
:1080600010B584B001900091019B002B04D11549FB
:1080700040F2471004F030F8009B002B04D1114966
:108080004FF4A47004F028F8009B039300238DF8AC
:108090000B300DF10B031846FFF760FC019B1B68CA
:1080A0001C68621C1A6003990198FFF71BFF0346C6
:1080B00023709DF80B301846FFF766FC00BF04B034
:1080C00010BD00BFB4B6030000B583B00190019BA2
:1080D000002B03D10C49312003F0FEFF019B9B686C
:1080E000002B0CD0019B5B69019A1069019A116801
:1080F000019A92689847019B00229A6000E000BFB5
:1081000003B05DF804FB00BF1CB703000EB400B55C
:1081100084B00190019B002B03D11849422003F049
:10812000DBFF019B5B69002B03D11449432003F063
:10813000D3FF019B1B68002B03D11049442003F09F
:10814000CBFF019B5B68002B03D10C49452003F05A
:10815000C3FF059B002B0AD00023039306AB0393B8
:1081600003AB1A460599019800F0B8F900E000BF8A
:1081700004B05DF804EB03B0704700BF1CB7030008
:1081800000B583B001900B468DF803309DF80330A5
:108190000A2B03D10D210198FFF7F2FF019B1A680A
:1081A000019B9B68581C0199886013449DF803202B
:1081B0001A70019B9A68019B5B689A4202D30198EE
:1081C000FFF782FF00BF03B05DF804FB00B587B086
:1081D000039002910192009300230593009B03F00A
:1081E0000103002B24D00BE0029B01330293059B7B
:1081F000013305939DF8133019460398FFF7C0FF2C
:10820000029B1B788DF813309DF81330002BEBD1B7
:1082100006E0019B013B019320210398FFF7B0FF8B
:10822000019A059B9A422ED9019B002BF1D12AE09D
:10823000029B002B0BD0029812F08DFC059006E0FB
:10824000019B013B019320210398FFF799FF019ABD
:10825000059B9A420FD9019B002BF1D10BE0029BA9
:1082600001330293059B013305939DF813301946A2
:108270000398FFF785FF029B1B788DF813309DF85C
:108280001330002BEBD100BF07B05DF804FB0000FA
:1082900000B589B00390029101920093029B07936D
:1082A0000123069307E0079A019BB2FBF3F30793C0
:1082B000069B01330693079A019B9A42F3D2009AD8
:1082C000069B9A4201D9009B06930B9B03F0010386
:1082D000002B22D10A9B002B1FD00B9B03F0020323
:1082E000002B06D0009B002B03D130238DF81730D4
:1082F00002E020238DF8173008E00A9B013B0A9327
:108300009DF8173019460398FFF73AFF0A9B002B98
:1083100003D0069A0A9B9A42EFD301230793009B4E
:10832000012B03D9009B013B009309E0029A079BB4
:10833000B2FBF3F30493049A019B9A4200D205E046
:10834000079B019A02FB03F30793E8E7029A079B56
:10835000B2FBF3F30493049B079A02FB03F3029A24
:10836000D31A0293154A049B13441B7819460398A9
:10837000FFF706FF079A019BB2FBF3F30793079BF6
:10838000002BE3D10B9B03F00103002B11D00A9BC0
:10839000002B0ED006E00A9B013B0A932021039894
:1083A000FFF7EEFE0A9B002B03D0069A0A9B9A4227
:1083B000F1D300BF09B05DF804FB00BFDCB70300D8
:1083C00000B589B00590049103920293049B002BA1
:1083D000B8BF5B4206930123079307E0039B069A0D
:1083E00092FBF3F30693079B01330793039B069AD3
:1083F0009A42F3DA029A079B9A4201D9029B0793A9
:108400000A9B002B0AD0049B002B04DB0B9B03F080
:108410000403002B02D00A9B013B0A930B9B03F041
:108420000203002B02D0029B002B16D00B9B03F003
:108430000103002B11D10A9B002B0ED006E00A9BF2
:10844000013B0A9320210598FFF79AFE0A9B002B17
:1084500003D0079A0A9B9A42F1D3049B002B07DAB8
:10846000049B5B4204932D210598FFF789FE08E0E9
:108470000B9B03F00403002B03D02B210598FFF77F
:108480007FFE0B9B03F00203002B19D00B9B03F024
:108490000103002B14D1029B002B11D10A9B002B4E
:1084A0000ED006E00A9B013B0A9330210598FFF7A6
:1084B00067FE0A9B002B03D0079A0A9B9A42F1D3CE
:1084C00004990B9B01930A9B0093029B039A0598C6
:1084D000FFF7DEFE00BF09B05DF804FB00B58FB00A
:1084E000059004910392059B002B04D1B64940F2FC
:1084F000522003F0F1FD059B5B69002B04D1B249CA
:108500004FF4157003F0E8FD059B1B68002B04D1A8
:10851000AD4940F2552003F0DFFD059B5B68002B61
:1085200004D1A94940F2562003F0D6FD049B002B4C
:1085300000F09381049B1B788DF83730049B013346
:1085400004939DF83730002B00F07E819DF8373082
:10855000252B40F06D8100230A9301230C93049B8B
:108560001B788DF837309DF83730302B0DD0302BFD
:108570001BDC2B2B11D02D2B17D10A9B43F00103B1
:108580000A93049B0133049312E00A9B43F0020315
:108590000A93049B013304930AE00A9B43F004030B
:1085A0000A93049B0133049302E000230C9300BF61
:1085B0000C9B002BD3D1002309939DF837302A2B35
:1085C0000CD1039B1B68191D039A11601B68099A43
:1085D00013440993049B013304931AE0049B1B7812
:1085E0008DF837309DF837302F2B12D99DF8373062
:1085F000392B0ED8049B01330493099A13469B0030
:1086000013445B001A469DF837301344303B0993FE
:10861000D3E700230B93049B1B788DF837309DF82C
:1086200037302E2B1DD1049B01330493049B1B7800
:108630008DF837309DF837302F2B12D99DF8373011
:10864000392B0ED8049B013304930B9A13469B00DD
:1086500013445B001A469DF837301344303B0B93AC
:10866000E4E7049B1B788DF837309DF837306C2B8E
:1086700003D09DF83730682B07D1049B0133049356
:10868000049B1B788DF83730EFE79DF83730252BAA
:1086900000F0C480252BC0F2C680782B00F3C38085
:1086A000582BC0F2C080583B202B00F2BC8001A2A6
:1086B00052F823F0A38702002788020027880200CF
:1086C00027880200278802002788020027880200E6
:1086D00027880200278802002788020027880200D6
:1086E000398702005B870200278802002788020082
:1086F00027880200278802005B8702002788020083
:1087000027880200278802002788020027880200A5
:1087100027880200E98702002788020027880200D4
:10872000CD870200278802007F8702002788020089
:1087300027880200A3870200039B1B68191D039A68
:1087400011601B680C930C9B8DF81F309DF81F3037
:1087500019460598FFF714FD66E0039B1B68191D79
:10876000039A11601B680C930A9B0193099B009369
:108770000B9B0A220C990598FFF722FE54E0039BFD
:108780001B68191D039A11601B680C930C990A9BB6
:108790000193099B00930B9B0A220598FFF778FD34
:1087A00042E0039B1B68191D039A11601B680C9320
:1087B0000C990A9B0193099B00930B9B102205982F
:1087C000FFF766FD30E000BF78B70300039B1B682E
:1087D000191D039A11601B6808930A9B099A08994E
:1087E0000598FFF7F3FC1FE0039B1B68191D039A14
:1087F00011601B680C9330210598FFF7C1FC7821AC
:108800000598FFF7BDFC0C99002301930823009302
:10881000082310220598FFF73BFD05E02521059868
:10882000FFF7AEFC00E000BF049B0133049305E0BA
:108830009DF8373019460598FFF7A2FC049B1B787A
:10884000002B7FF477AE00E000BF059B1B7B002B65
:1088500004D00598FFF738FC00E000BF0FB05DF8CA
:1088600004FB00BF00B583B001900198FFF754FBF3
:108870000346184603B05DF804FB00B58BB00190C9
:108880000091019B1B8A043B0793009A079B1344AA
:10889000DA1C079BB2FBF3F38DF81B300198FFF74E
:1088A00097FB0590059B002B01D1002338E0059B29
:1088B00000221A71059B01225A71079B9AB2059BEF
:1088C000DA80059B09939DF81B30013B0493099BBB
:1088D000019A1A60002308931DE00198FFF778FBC6
:1088E0000390039B002B0ED0059B5B790133DAB21A
:1088F000059B5A71099B039A1A60039B019A1A609F
:10890000039B099304E0059800F00EF8002307E0AC
:10891000089B01330893089A049B9A42DDD3059B78
:1089200018460BB05DF804FB00B58BB00190019BBD
:108930000793079B5B798DF81B30019B08939DF88B
:108940001B30013B05930023099305E0089B1B683E
:108950000893099B01330993099A059B9A42F5D321
:10896000089B1B680493019B0893002309930BE069
:10897000089B1B68039308990498FFF771FB039BFE
:108980000893099B013309939DF81B30099A9A4279
:10899000EED300BF00BF0BB05DF804FB00B585B09F
:1089A0000190019B0393039B043301211846FFF7B9
:1089B0001CFA00BF05B05DF804FB00B587B001905C
:1089C000019B0593059B043301211846FFF725FA07
:1089D0000346039303AB0493049B1B78002B02D143
:1089E0000198FFF7A1FF00BF07B05DF804FB00008E
:1089F00000B591B00390029101920093039B002B6C
:108A000003D14349B62003F067FB039B0993039B03
:108A10000F93099BDB881A46099B5B7903FB02F3E2
:108A2000043B0893009A089B9A4203D33849C42018
:108A300003F052FB099BDB880793009B1A1D079BE1
:108A4000B2FBF3F30E93009B0433079AB3FBF2F2ED
:108A5000079901FB02F29B1A0D93019B1A68009B78
:108A60001344089A9A4203D2089A009BD31A01E051
:108A7000019B1B680C93019B0C9A1A6005E00F9BED
:108A80001B680F930E9B013B0E930E9B002BF6D1A0
:108A900000230B93079A0D9BD31A0A930A9A0C9BF7
:108AA000934228BF13460A932AE0029A0B9B134471
:108AB00006930F9A0D9B1344043305939DF8483099
:108AC000002B05D00A9A0599069811F0C6FF04E01C
:108AD0000A9A0699059811F0C0FF00230D930F9B89
:108AE0001B680F930C9A0A9BD31A0C930B9A0A9B40
:108AF00013440B93079A0C9B934228BF13460A9387
:108B00000C9B002BD1D100BF00BF11B05DF804FB5E
:108B1000ECB7030000B589B005900491039202936D
:108B2000039B079307AA00230093029B04990598CF
:108B3000FFF75EFF079B039A9A4203D00349F62092
:108B400003F0CAFA00BF09B05DF804FBECB70300FC
:108B500000B589B00590049103920293039B07939B
:108B600007AA01230093029B04990598FFF740FF91
:108B7000079B039A9A4204D004494FF4807003F093
:108B8000ABFA00BF09B05DF804FB00BFECB703000F
:108B900082B003468DF807309DF8073003F01F02BE
:108BA00006499DF907305B09012000FA02F26033A3
:108BB00041F8232000BF02B0704700BF00E100E091
:108BC00000B583B00190019B002B03D106497220B0
:108BD00003F082FA019B00221A60BFF35F8F00BF8F
:108BE00000BF03B05DF804FBA8B8030041DF704785
:108BF00000BF184600B585B000238DF803300DF195
:108C000003031846FEF7AAFEF1EE103A0193019B0A
:108C10000393039B23F09F030293029BE1EE103A20
:108C200000BFBFF35F8F00BF2620FFF7B1FF9DF8A5
:108C300003301846FEF7A8FE039B03F00703002B42
:108C400003D004497D2003F047FA00BF05B05DF86A
:108C500004FB00BFECB8030008B5064B00221A70F5
:108C60000548FFF7ADFF0549054800F02BF9002343
:108C7000184608BD303200202C32002058B90300BD
:108C80003432002000B583B0FFF7B4FF0CF070F869
:108C90000346002B0ED0FFF7A9FF0190019B002B8C
:108CA0000ED0019B022B0BD007494FF4B07003F09C
:108CB00013FA05E020BF00BF40BF00BF20BF00BFC8
:108CC00000BF03B05DF804FBECB8030082B0019074
:108CD000019B9B6800229A60019B9B6800221A619D
:108CE000019B9B6800225A61019B9B680022DA600D
:108CF000019B9B6800225A60019B9B6800221A60BE
:108D000000BF02B07047000000B589B00390029127
:108D100001928DF80330029B002B03D139493B208F
:108D200003F0DAF9019B002B03D136493C2003F014
:108D3000D3F99DF80330002B09D0039B9B6818469C
:108D4000FFF783F80346002B01D0112355E0039B66
:108D50009B68DA68039B9B681B69D21A039B5B685C
:108D600001339A420DD1019B00221A609DF8033015
:108D7000002B04D0039B9B681846FFF78AF800235A
:108D80003BE0039B9B68DA68039B5B681340079397
:108D9000039B9B681A69039B5B6813400693079AC1
:108DA000069B9A4205D3039B5A68079BD31A01334B
:108DB0000AE0039B9B681A69039B5968039B9B68A5
:108DC000DB68CB1A134401330593019B1A68059B9A
:108DD0009A4228BF1A46019B1A60039B1A68079B98
:108DE0001A44029B1A60039B9B68D968019B1A680E
:108DF000039B9B680A44DA600023184609B05DF8BB
:108E000004FB00BF64B9030000B585B00190009178
:108E1000019B5A68019B9B681969019B9B689B6831
:108E2000CB1A134401330393009A039B9A4201D94E
:108E3000042318E0019B9B689968019B9B68009A3A
:108E40000A449A60019B9A68019B9B689268DA6069
:108E5000019B9B681846FFF710F80346002B01D1D1
:108E6000082300E00023184605B05DF804FB00B5B8
:108E700085B001900091019B9B689A68019B9B685B
:108E80001B69D31A0393009A039B9A4201D90423C6
:108E900014E0019B9B681969019B9B68009A0A4436
:108EA0001A61019B9A68019B9B6812695A61019B38
:108EB0009B6804331846FEF7ECFF0023184605B004
:108EC0005DF804FB00B583B001900091019B002B7D
:108ED00003D11049502003F0FFF8009B002B03D171
:108EE0000C49512003F0F8F8019B009A1A60019B8D
:108EF0001B681A68019B5A60019B5A68019B1B689A
:108F00005B689A4202D1019B00225A6000BF03B005
:108F10005DF804FBCCB9030000B583B00190019B60
:108F2000002B03D11449632003F0D6F8019B1B6882
:108F3000002B03D11049642003F0CEF8019B5B683D
:108F4000002B14D0019B5B681A46019B1B689B6831
:108F500013441A46019B5A60019B5A68019B1B6887
:108F60005B689A4204D1019B00225A6000E000BF76
:108F700003B05DF804FB00BFCCB9030000B585B0B9
:108F80000190019800F00EF80390039B002B01D094
:108F9000039B00E0024B184605B05DF804FB00BFE0
:108FA000C4BA030086B00190164B0593164B049388
:108FB0001FE0049A059BD31ADB10DA0F13445B10F1
:108FC000DB00059A13440393039B1B680293029AE8
:108FD000019B9A4202D9039B04930AE0029A019BE7
:108FE0009A4203D2039B0833059302E0039B5B681C
:108FF00004E0059A049B9A42DBD30023184606B08E
:10900000704700BFC4BE0300ECBF030000B587B0CB
:10901000059004910392059B002B10D1194A1A4B1D
:10902000D31ADB081B0443F00100184A18490E2329
:1090300000930B461749FDF7C8FE0E231DE0049B65
:10904000002B10D10F4A104BD31ADB081B0443F03E
:109050000100114A0E490E2300930B460D49FDF7FE
:10906000B4FE0E2309E0059B049A1A60059B1B6859
:109070001B680399059898470346184607B05DF8A2
:1090800004FB00BFE8B2030088B20300FCBF03008A
:10909000A0C1030004C0030030C0030010B586B0B7
:1090A0000590049103920293059B002B10D1454A31
:1090B000454BD31ADB081B0443F00100434A4449E3
:1090C0000E2300930B464349FDF77FFE0E2375E008
:1090D000039B002B10D13B4A3B4BD31ADB081B04EC
:1090E00043F001003C4A3A490E2300930B463949AC
:1090F000FDF76BFE0E2361E0059B1B68002B10D172
:10910000304A314BD31ADB081B0443F00100334AC9
:109110002F49082300930B462E49FDF756FE0823DE
:109120004CE0029B002B10D1264A274BD31ADB08B8
:109130001B0443F001002A4A2549092300930B46EA
:109140002449FDF742FE092338E0049800F026FA8E
:109150000346002B10D11B4A1B4BD31ADB081B0400
:1091600043F001001F4A1A49102300930B46194986
:10917000FDF72BFE102321E0029A0499059800F0D8
:10918000F3F90346002B10D10E4A0F4BD31ADB081C
:109190001B0443F00100144A0D49102300930B46B1
:1091A0000C49FDF712FE102308E0059B1B689C6824
:1091B000029B039A04990598A0470346184606B0F7
:1091C00010BD00BFE8B2030088B20300FCBF03007B
:1091D000B4C1030004C0030044C0030038C003004E
:1091E0004CC0030050C0030068C0030010B586B037
:1091F0000590049103920293059B002B10D1604AC5
:10920000604BD31ADB081B0443F001005E4A5F4940
:109210000E2300930B465E49FDF7D7FD0E23ABE00E
:10922000039B002B10D1564A564BD31ADB081B0464
:1092300043F00100574A55490E2300930B46544909
:10924000FDF7C3FD0E2397E0059B1B68002B10D193
:109250004B4A4C4BD31ADB081B0443F001004E4A27
:109260004A49082300930B464949FDF7AEFD082300
:1092700082E0029B002B10D1414A424BD31ADB08FB
:109280001B0443F00100454A4049092300930B4663
:109290003F49FDF79AFD09236EE0059B5B685A681C
:1092A000029BB3FBF2F102FB01F29B1A002B10D0E0
:1092B000334A344BD31ADB081B0443F00100384A0D
:1092C0003249092300930B463149FDF77EFD0923FE
:1092D00052E0049800F062F90346002B10D1284AAE
:1092E000284BD31ADB081B0443F001002D4A274901
:1092F000102300930B462649FDF767FD10233BE042
:10930000039B184600F04AF90346002B10D11C4A73
:109310001C4BD31ADB081B0443F00100224A1B49F3
:10932000102300930B461A49FDF74FFD102323E04D
:10933000029A0499059800F017F90346002B10D102
:109340000F4A104BD31ADB081B0443F00100174AE5
:109350000E49102300930B460D49FDF736FD1023EF
:109360000AE0059B1B68DC68089B0093029B039A3C
:1093700004990598A0470346184606B010BD00BFE3
:10938000E8B2030088B20300FCBF0300C8C10300B9
:1093900004C0030090C0030038C003004CC00300A9
:1093A00098C00300C4C00300DCC0030000C1030078
:1093B00010B586B00590049103920293059B002B93
:1093C00010D13E4A3E4BD31ADB081B0443F0010088
:1093D0003C4A3D490E2300930B463C49FDF7F5FC02
:1093E0000E2368E0059B1B68002B10D1334A344BD9
:1093F000D31ADB081B0443F00100354A3249082325
:1094000000930B463149FDF7E0FC082353E0039B32
:10941000002B10D1294A2A4BD31ADB081B0443F036
:1094200001002C4A2849092300930B462749FDF7E0
:10943000CCFC09233FE00499059800F0BCF80346F2
:10944000002B10D11D4A1E4BD31ADB081B0443F01E
:109450000100214A1C49102300930B461B49FDF7CC
:10946000B4FC102327E0059B5B681B68039A02FB92
:1094700003F31A460499059800F076F80346002B8A
:1094800010D10E4A0E4BD31ADB081B0443F0010027
:10949000124A0D49102300930B460C49FDF795FC29
:1094A000102308E0059B1B681C69029B039A049922
:1094B0000598A0470346184606B010BDE8B2030061
:1094C00088B20300FCBF0300DCC1030004C003003A
:1094D00038C003004CC0030028C1030050C1030082
:1094E00000B585B00190019B002B03D0019B1B6848
:1094F000002B28D10023039319E0039A13469B0005
:1095000013449B001A46154B13440193019B1B689F
:10951000002B09D0019B1B68DB6901989847034623
:10952000002B01D0012314E0039B013303930C4A69
:109530000A4BD31A0B4AA2FB03231B09039A9A4234
:10954000DBD3002305E0019B1B68DB69019898478A
:109550000346184605B05DF804FB00BF982A0020BA
:10956000AC2A0020CDCCCCCC84B0039002910192E7
:10957000039BDB68029A9A4209D3029A019B134427
:109580005A1E039B1B699A4201D8012300E0002365
:1095900003F00103DBB2184604B0704782B00190BB
:1095A000019B03F00303002B0CBF01230023DBB25C
:1095B000184602B0704782B001900091019B5B6831
:1095C0001B685A1E009B1340002B0CBF0123002375
:1095D000DBB2184602B0704729DF704700BF18465B
:1095E00028DF704700BF184600B589B00190009190
:1095F000019B1B689B68002B35D002AB00221A60D0
:109600005A609A60DA601A615A61009B0393019B69
:109610009B680793019B1B79002B02D0012B0DD077
:109620001AE001238DF80830019B1B690493019B0C
:10963000DB680593019B5B6906930DE002238DF8BF
:109640000830019BDB684FF4805202FB03F3049364
:10965000019B5B69069300BF019B1B689B6802AA84
:109660001046984700E000BF09B05DF804FB00B564
:1096700087B00190019B5A69019B9B69D31AB3F58E
:10968000805F28BF4FF4805305930422059BB3FBF2
:10969000F2F3012B38BF01230593019B1A69019B4B
:1096A0009B6913440493019BDB681A46019B9B69E9
:1096B00013440393059A03990498FFF78DFF03461B
:1096C000184607B05DF804FB00B583B00190019B1C
:1096D000DA68019B1B6913441846FFF781FF0346B4
:1096E000184603B05DF804FB08B5034B0349184660
:1096F000FEF7A7FA00BF08BDC8320020F0320020F4
:1097000008B5084B08491846FEF782FA0346074A8F
:109710001360064B1B68002B14BF01230023DBB230
:10972000184608BDC8320020F0320020EC3200207C
:1097300000B583B02A4B1B7A002B0BD1FFF7E0FF5B
:10974000034683F00103DBB2002B03D0244B00223D
:109750005A6042E0224B02221A72224B1B681B798C
:10976000002B02D0012B07D00DE01E4B1B681846C2
:10977000FFF77DFF019009E01A4B1B681846FFF7C1
:10978000A3FF019002E00323019300BF019B002B84
:1097900003D0019B112B0CD00FE0114B1B7C83F0ED
:1097A0000103DBB2002B17D00021022000F060F98A
:1097B00012E00B4B01221A720FE00A4B1B680321C7
:1097C0001846FFF711FF064B00221A72044B0022C5
:1097D0005A60FFF789FF00E000BF03B05DF804FBAB
:1097E000D8320020EC32002008B50848FEF72DFBE7
:1097F0000346002B08D1064B5B7C83F00103DBB2F0
:10980000002B01D0FFF794FF00BF08BDDC32002021
:10981000D832002084B001901B4B0022DA60019BFB
:109820001B79002B02D0012B19D028E0019B5A692B
:10983000019B9B69D31AB3F5805F28BF4FF4805317
:109840000393019B9A69039B1A44019B9A61019BB4
:109850009A69019B5B699A420ED1012310E0019B3A
:109860001B695A1C019B1A61019B1A69019B5B6968
:109870009A4203D1012303E000BF00E000BF0023B0
:10988000184604B0704700BFD832002082B0019063
:10989000084BDB680133074AD360064BDB68082BB3
:1098A00004D9044B0022DA60012300E000231846AB
:1098B00002B07047D832002000B583B0019000910B
:1098C000019B0C4A5A600C48FEF7BFFA0346002B76
:1098D0000BD10BF04DFA03461A46074B1A74074892
:1098E0001C238C220649FEF71FF90023184603B0FB
:1098F0005DF804FBF0C10300D8320020C83200201C
:109900003C32002000B583B0019000911422002168
:10991000054811F0CBF8054B1846FEF738F900233F
:10992000184603B05DF804FBD8320020C83200208E
:1099300000B587B00390029101920093174A04ABDF
:1099400019461046FEF737F90590059B002B01D10B
:1099500004231FE01C220021059811F0A7F8059BA5
:1099600000221A71059B039A1A60059B089A9A6057
:10997000059B029A1A61059B019ADA60059B009A81
:109980005A61064A04AB19461046FEF72DF9FFF757
:109990002BFF0023184607B05DF804FBC8320020F7
:1099A00000B585B00390029101920093029B009A4A
:1099B0001946019811F051F80023184605B05DF8DA
:1099C00004FB000000B587B0039002910192009360
:1099D000184A04AB19461046FEF7EDF80590059BB2
:1099E000002B01D1042320E01C220021059811F056
:1099F0005DF8059B01221A71059B039A1A60059B6D
:109A0000009A9A604FF48052029BB3FBF2F2059BDE
:109A1000DA60059B019A5A61064A04AB1946104662
:109A2000FEF7E2F8FFF7E0FE0023184607B05DF806
:109A300004FB00BFC832002082B001900091009B5F
:109A4000184602B0704782B001900091002318467A
:109A500002B0704782B00190044B1B7A002B14BFF8
:109A600001230023DBB2184602B07047D832002031
:109A700000B585B001900091019B022B02D0019BA3
:109A8000032B48D1274B1B7A022B05D0022B35DC48
:109A9000002B42D0012B31E000238DF80F30019BC9
:109AA000022B03D0019B032B09D011E01E4B1B6836
:109AB0001846FFF7AFFE03468DF80F3008E01A4B4B
:109AC0001B681846FFF7E2FE03468DF80F3000BF13
:109AD0009DF80F30002B10D0124B00221A72124B3F
:109AE0001A68019B022B01D1002300E00D231946C7
:109AF0001046FFF779FDFFF7F7FD00BF094B5B7CD0
:109B000083F00103DBB2002B02D0FFF711FE05E06A
:109B10000BF012F902E000BF00E000BF05B05DF8F5
:109B200004FB00BFD8320020EC32002082B0034694
:109B300000918DF80730064B01225A74044B1B7AB2
:109B4000002B0CBF01230023DBB2184602B0704784
:109B5000D832002000B583B0034600918DF807305D
:109B60009DF80730012B03D09DF80730032B0DD152
:109B7000084B00225A749DF80730012B0CBF0123BB
:109B80000023DAB2034B1A74FFF7D2FD00BF03B013
:109B90005DF804FBD8320020BFF34F8F00BF074BA6
:109BA000DB6803F4E0620549054B1343CB60BFF368
:109BB0004F8F00BF00BF00BFFCE700BF00ED00E01B
:109BC0000400FA05024B034A1A6000BF704700BF49
:109BD000EC2A00200090D00308B500F069F9034694
:109BE000002B06D0A04B1B681B0AA04A03F01F03E2
:109BF000136000F089F90346002B02D09C4B9D4A6C
:109C00001A6000F09DF90346002B06D09A4B1B68A2
:109C10005B0B9A4A03F00703136000F0BDF903469B
:109C2000002B05D0964BDB68954A23F08073D360F8
:109C300000F0CEF90346002B0ED04FF080430022F7
:109C4000C3F80C214FF080430022C3F810214FF0DD
:109C500080430022C3F8382500F0E6F90346002BC4
:109C600002D0884B03221A6000F0FAF90346002B59
:109C70000BD0854B05221A60844B01221A60844B5D
:109C800000221A60834B3F221A6000F005FA034657
:109C9000002B76D04FF080537F4AD3F80434C2F8BB
:109CA00020354FF080537C4AD3F80834C2F824356D
:109CB0004FF08053784AD3F80C34C2F828354FF06F
:109CC0008053754AD3F81034C2F82C354FF08053C6
:109CD000714AD3F81434C2F830354FF080536E4ACD
:109CE000D3F81834C2F834354FF080536A4AD3F8A9
:109CF0001C34C2F840354FF08053674AD3F8203403
:109D0000C2F844354FF08053634AD3F82434C2F884
:109D100048354FF08053604AD3F82834C2F84C35A8
:109D20004FF080535C4AD3F82C34C2F850354FF0D2
:109D30008053594AD3F83034C2F854354FF0805329
:109D4000554AD3F83434C2F860354FF08053524A44
:109D5000D3F83834C2F864354FF080534E4AD3F804
:109D60003C34C2F868354FF080534B4AD3F8403446
:109D7000C2F86C354FF08053474AD3F84434C2F8E8
:109D8000703500F0A5F90346002B05D0434B1B6846
:109D9000434A03F04F03136000F0C6F90346002B5B
:109DA0000DD04FF08043D3F8003403F00103002BB3
:109DB00005D04FF080436FF00102C3F8002400F09B
:109DC000DFF90346002B05D0364B1B68354A43F4B8
:109DD00080631360344BD3F88830334A43F4700304
:109DE000C2F88830BFF34F8F00BFBFF36F8F00BF43
:109DF0004FF01023D3F80032002B05DB4FF0102377
:109E0000D3F80432002B2BDA284B0122C3F80425A7
:109E100000BF264BD3F80034002BFAD04FF01023AC
:109E20001522C3F8002200BF204BD3F80034002BCA
:109E3000FAD04FF010231522C3F8042200BF1B4BA9
:109E4000D3F80034002BFAD0184B0022C3F80425B5
:109E500000BF164BD3F80034002BFAD0FFF79CFE5E
:109E6000FFF7B0FE00BF08BD2403001040350140DD
:109E700074C007400DF0ADBA440200103C0500402C
:109E8000F0ED00E0A005004010560040885600406C
:109E9000185600401456004000C000405802001000
:109EA000E40E00403C17004000ED00E000E00140FF
:109EB000124B1B68DBB2062B1DD1114B1B6803F044
:109EC0000F03002B17D10F4B1B6803F0F003302B4F
:109ED00001D1012310E00B4B1B6803F0F003402B72
:109EE00001D1012308E0074B1B6803F0F003502B5E
:109EF00001D1012300E0002318467047E00F00F075
:109F0000E40F00F0E80F00F00A4B1B68DBB2062BF1
:109F10000DD1094B1B6803F00F03002B07D1074B32
:109F20001B6803F0F003302B01D1012300E0002374
:109F300018467047E00F00F0E40F00F0E80F00F063
:109F4000124B1B68DBB2062B1DD1114B1B6803F0B3
:109F50000F03002B17D10F4B1B6803F0F003302BBE
:109F600001D1012310E00B4B1B6803F0F003402BE1
:109F700001D1012308E0074B1B6803F0F003502BCD
:109F800001D1012300E0002318467047E00F00F0E4
:109F9000E40F00F0E80F00F00A4B1B68DBB2062B61
:109FA0000DD1094B1B6803F00F03002B07D1074BA2
:109FB0001B6803F0F003302B01D1012300E00023E4
:109FC00018467047E00F00F0E40F00F0E80F00F0D3
:109FD000124B1B68DBB2062B1DD1114B1B6803F023
:109FE0000F03002B17D10F4B1B6803F0F003302B2E
:109FF00001D1012310E00B4B1B6803F0F003402B51
:10A0000001D1012308E0074B1B6803F0F003502B3C
:10A0100001D1012300E0002318467047E00F00F053
:10A02000E40F00F0E80F00F00A4B1B68DBB2062BD0
:10A030000DD1094B1B6803F00F03002B07D1074B11
:10A040001B6803F0F003302B01D1012300E0002353
:10A0500018467047E00F00F0E40F00F0E80F00F042
:10A060000A4B1B68DBB2062B0DD1094B1B6803F0B2
:10A070000F03002B07D1074B1B6803F0F003302BB5
:10A0800001D1012300E0002318467047E00F00F0E3
:10A09000E40F00F0E80F00F00A4B1B68DBB2062B60
:10A0A0000DD1094B1B6803F00F03002B07D1074BA1
:10A0B0001B6803F0F003502B01D1012300E00023C3
:10A0C00018467047E00F00F0E40F00F0E80F00F0D2
:10A0D000124B1B68DBB2062B1DD1114B1B6803F022
:10A0E0000F03002B17D10F4B1B6803F0F003302B2D
:10A0F00001D1012310E00B4B1B6803F0F003402B50
:10A1000001D1012308E0074B1B6803F0F003502B3B
:10A1100001D1012300E0002318467047E00F00F052
:10A12000E40F00F0E80F00F0124B1B68DBB2062BC7
:10A130001DD1114B1B6803F00F03002B17D10F4BE0
:10A140001B6803F0F003302B01D1012310E00B4B0F
:10A150001B6803F0F003402B01D1012308E0074BFB
:10A160001B6803F0F003502B01D1012300E0002312
:10A1700018467047E00F00F0E40F00F0E80F00F021
:10A18000064B1B68062B05D1054B1B68062B01D11E
:10A19000012300E000231846704700BF3001001083
:10A1A0003401001000B583B00190019B1B681F2B88
:10A1B00004D9054940F2CD1001F08EFF4FF0A043C5
:10A1C000184603B05DF804FB1CC2030000B585B05F
:10A1D000019001AB1846FFF7E5FF0390019B0122B8
:10A1E00002FA03F31946039800F069F800BF05B0BE
:10A1F0005DF804FB00B585B0019001AB1846FFF790
:10A20000D1FF0390019B012202FA03F31946039840
:10A2100000F05FF800BF05B05DF804FB00B585B045
:10A22000019001AB1846FFF7BDFF0390039BD3F8E5
:10A2300004350293029BDA43019B012101FA03F3E7
:10A240001A40039BC3F80825019B01229A40029BF8
:10A250001A40039BC3F80C2500BF05B05DF804FB52
:10A2600000B583B001900091009B002B03D10198B1
:10A27000FFF7C0FF02E00198FFF7A8FF00BF03B09F
:10A280005DF804FB00B585B0019001AB1846FFF7FF
:10A2900089FF0390039800F00AF80246019B22FA16
:10A2A00003F303F00103184605B05DF804FB82B028
:10A2B0000190019BD3F80435184602B0704782B074
:10A2C00001900091019B009AC3F8082500BF02B0DD
:10A2D000704782B001900091019B009AC3F80C2551
:10A2E00000BF02B07047000000B585B00190019B2F
:10A2F000032B03D911493A2001F0EEFE104A019BCD
:10A3000013441B781846FFF7BDFF0346002B14BF0C
:10A31000012300238DF80F309DF80F30002B14BF60
:10A3200001230023DBB283F00103DBB203F001035E
:10A33000DBB2184605B05DF804FB00BF4CC2030059
:10A34000A4C2030000B583B00190019B032B03D985
:10A350000749412001F0C0FE064A019B13441B78C7
:10A3600000211846FFF77CFF00BF03B05DF804FB37
:10A370004CC20300A4C2030000B583B00190019B4E
:10A38000032B03D90749472001F0A6FE064A019B8B
:10A3900013441B7801211846FFF762FF00BF03B08A
:10A3A0005DF804FB4CC20300A4C2030000B583B0F7
:10A3B0000023019305E00198FFF7DEFF019B0133C5
:10A3C0000193019B032BF6D900BF00BF03B05DF8DA
:10A3D00004FB00B583B00023019305E00198FFF76B
:10A3E000B1FF019B01330193019B032BF6D900BF01
:10A3F00000BF03B05DF804FB00B583B00190019B82
:10A40000032B03D907495F2001F066FE064A019B32
:10A4100013441B781846FFF701FF00BF03B05DF837
:10A4200004FB00BF4CC20300A4C2030082B0034679
:10A430008DF807309DF8073003F01F0206499DF99B
:10A4400007305B09012000FA02F2203341F8232093
:10A4500000BF02B0704700BF00E100E008B50AF09D
:10A4600087FC034683F00103DBB2002B03D10549CF
:10A47000792001F031FE00F085FA034B00229A703A
:10A4800000BF08BDB0C20300F432002000B583B0A5
:10A4900000230193144B1B78002B02D085230193DA
:10A4A0001CE0114B00229A600F4B00225A600E4BA9
:10A4B00000221A610C4B0022DA600C4800F028FAE6
:10A4C00001900AF055FC034683F00103DBB2002B38
:10A4D00001D000F043FA044B01221A70019B184688
:10A4E00003B05DF804FB00BFF4320020C5A50200F4
:10A4F00084B00190019B1B680393039B002B03D046
:10A50000039B1A68019B1A60039B184604B07047AE
:10A5100000B583B0164B1B78002B04D115494FF4BE
:10A52000857001F0D9FD124BDB68002B04D1114975
:10A5300040F20B1001F0D0FD00238DF807300DF133
:10A5400007031846FDF70AFA094BDB68013B084A86
:10A55000D360074BDB68002B01D1FFF77FFF9DF82D
:10A5600007301846FDF710FA00BF03B05DF804FB92
:10A57000F4320020B0C2030000B585B003468DF868
:10A5800007309DF80730002B02D10C4B039301E0FC
:10A590000B4B03930398FFF7ABFF0290029B002B3A
:10A5A00006D0029B5B689DF8072010469847F1E7AC
:10A5B00000BF00BF05B05DF804FB00BFFC32002007
:10A5C0000433002000B583B003468DF807309DF8B2
:10A5D0000730002B05D10A4B01225A700020FFF7EB
:10A5E000CBFF9DF80730012B05D1054B01229A7056
:10A5F0000120FFF7C1FF00BF03B05DF804FB00BFFF
:10A60000F432002000B583B001900091019B002B33
:10A6100005D1054B01225A700020FFF7ADFF00BFA6
:10A6200003B05DF804FB00BFF432002000B585B034
:10A63000034600918DF807309DF80730032B29D091
:10A64000032B35DC002B02D0012B04D030E000209E
:10A65000FFF7ECFE2DE000238DF80F300DF10F0316
:10A660001846FDF77BF9154B1B7883F00103DBB22D
:10A67000002B01D0FFF70AFF104BDB6801330F4AB4
:10A68000D3600E4B01229A709DF80F301846FDF7EB
:10A690007BF90EE0094B1B78002B04D1084940F2EE
:10A6A000452001F019FD00F059F9FFF731FF00E0F6
:10A6B00000BF00BF05B05DF804FB00BFF43200200E
:10A6C000B0C2030082B003468DF807309DF8073012
:10A6D00003F01F0205499DF907305B09012000FACC
:10A6E00002F241F8232000BF02B0704700E100E011
:10A6F00082B0034600918DF807309DF90730002B9A
:10A700000CDA009BDAB20C499DF8073003F00F0316
:10A71000043B5201D2B20B441A7609E0009BDAB234
:10A7200006499DF907305201D2B20B4483F8002349
:10A7300000BF02B0704700BF00ED00E000E100E0A4
:10A7400082B00190019B1B0B5BB2184602B07047B0
:10A7500000B583B003460A468DF8073013468DF8DE
:10A7600006309DF80630012B03D99DF80630032BE7
:10A770000BD99DF80630042B03D99DF80630072B22
:10A7800003D908496B2001F0A7FC9DF806209DF92C
:10A79000073011461846FFF7ABFF00BF03B05DF866
:10A7A00004FB00BF18C3030000B583B003468DF857
:10A7B00007309DF907301846FFF784FF00BF03B04C
:10A7C0005DF804FB82B003468DF807300F4A9DF90F
:10A7D0000730002B00DA1F335B115BB252F82320E5
:10A7E0009DF90730594203F01F0301F01F0158BFC4
:10A7F0004B425BB222FA03F303F00103002B14BFB8
:10A8000001230023DBB2184602B0704700E100E0EC
:10A8100082B001904FF08042019BC2F8083300BF24
:10A8200002B0704782B003468DF807309DF80730BC
:10A8300003F1804301221A6000BF02B0704784B068
:10A840000346ADF80630BDF8063003F18043002220
:10A850001A60BDF8063003F180431B680393039B25
:10A8600000BF04B0704782B00346ADF80630BDF8B3
:10A87000063003F180431B68002B14BF0123002323
:10A88000DBB2184602B0704782B001904FF08042B0
:10A89000019BC2F8183500BF02B070474FF08043EB
:10A8A000D3F818341B0C03F00103002B14BF012351
:10A8B0000023DBB21846704700B583B006238DF83D
:10A8C00007304FF08040FFF73BFF03461846FFF785
:10A8D00079FF034683F00103DBB2002B13D04FF066
:10A8E0008040FFF72DFF03461A469DF807301946B2
:10A8F0001046FFF72DFF4FF08040FFF721FF034682
:10A900001846FFF751FF00BF03B05DF804FB0000DD
:10A9100000B585B00190019B002B03D10D49A42007
:10A9200001F0DAFB002303930B4B1B79002B02D0C1
:10A930008523039308E0084A019B1360064B01221C
:10A940001A71054B00225A71039B184605B05DF839
:10A9500004FB00BF50C303000833002008B5074BB9
:10A960001B79002B03D10649BD2001F0B5FBFFF791
:10A97000A3FF0120FFF788FF00BF08BD08330020B8
:10A9800050C3030008B50A4B1B79002B03D10949BA
:10A99000F72001F0A1FB0C20FFF744FF00BFFFF7F9
:10A9A0007DFF0346002BFAD100BF00BF08BD00BFEA
:10A9B0000833002050C3030008B54FF48070FFF740
:10A9C00052FF0346002B14D04FF48070FFF737FF7F
:10A9D0000120FFF71DFF114B5B7983F00103DBB210
:10A9E000002B06D00D4B01225A710C4B1B68002026
:10A9F00098474FF48270FFF736FF0346002B0AD0CA
:10AA00004FF48270FFF71BFF0220FFF701FF034B9B
:10AA10001B680120984700BF08BD00BF0833002015
:10AA200082B003468DF807309DF8073003F01F020F
:10AA300005499DF907305B09012000FA02F241F84F
:10AA4000232000BF02B0704700E100E082B003465F
:10AA500000918DF807309DF90730002B0CDA009B30
:10AA6000DAB20C499DF8073003F00F03043B5201A2
:10AA7000D2B20B441A7609E0009BDAB206499DF97E
:10AA800007305201D2B20B4483F8002300BF02B05A
:10AA9000704700BF00ED00E000E100E000B583B0CA
:10AAA00003460A468DF8073013468DF806309DF8A8
:10AAB0000630012B03D99DF80630032B0BD99DF8E6
:10AAC0000630042B03D99DF80630072B03D908491B
:10AAD0006B2001F001FB9DF806209DF9073011461F
:10AAE0001846FFF7B3FF00BF03B05DF804FB00BFDB
:10AAF000B4C3030000B583B003468DF807309DF959
:10AB000007301846FFF78CFF00BF03B05DF804FB69
:10AB100000B583B00346ADF80630BDF806301846E0
:10AB200000F026F803461B68012B0CBF012300230D
:10AB3000DBB2184603B05DF804FB00B585B00346F0
:10AB4000ADF80630BDF80630184600F011F803469F
:10AB50001A4600231360BDF80630184600F008F8C6
:10AB600003461B680393039B00BF05B05DF804FB1D
:10AB700082B00346ADF80630BDF8063003F18043DD
:10AB800003F5C043184602B07047000082B0019040
:10AB9000034A019BC2F8043300BF02B0704700BFF4
:10ABA0000060004082B00190034BD3F80423019B66
:10ABB0001340184602B070470060004082B0019018
:10ABC000084A019B03F5A27352F82330054943F06C
:10ABD0000102019B03F5A27341F8232000BF02B0DC
:10ABE000704700BF0060004084B00390029113469C
:10ABF0008DF80730144A039B03F5A27352F82330F3
:10AC0000114923F4473323F44073039A02F5A272E7
:10AC100041F822300C4A039B03F5A27352F823201B
:10AC2000029B1B0203F4F8519DF807301B0403F448
:10AC300040330B4304491A43039B03F5A27341F8C5
:10AC4000232000BF04B070470060004082B0019034
:10AC5000054A019B03F5A27352F823301B0A03F047
:10AC60001F03184602B070470060004082B0019098
:10AC7000064A019B03F5A27352F823301B0C03F024
:10AC80000303DBB2184602B0704700BF006000400B
:10AC900000B583B00190019B1B681F2B04D90549A7
:10ACA00040F2CD1001F018FA4FF0A043184603B05F
:10ACB0005DF804FBE4C3030000B585B001900846CD
:10ACC00011461A4603468DF803300B468DF80230C4
:10ACD00013468DF8013001AB1846FFF7D9FF0390FA
:10ACE0009DF803209DF802305B001A439DF8013067
:10ACF0009B001A439DF818301B0242EA03019DF89D
:10AD00001C301B04019A1943039B02F5E07243F8BF
:10AD1000221000BF05B05DF804FB00B585B00390BC
:10AD20000B468DF80B309DF80B300022019200226B
:10AD30000092002200210398FFF7BEFF00BF05B07C
:10AD40005DF804FB00B585B0019001AB1846FFF734
:10AD50009FFF0390019A039B02F5E07253F82230A3
:10AD600023F002030293019A039B02F5E072029919
:10AD700043F8221000BF05B05DF804FB00B585B0B4
:10AD800001900B468DF8033001AB1846FFF780FFAA
:10AD90000390019A039B02F5E07253F82230019A66
:10ADA00023F44031039B02F5E07243F82210019A2C
:10ADB000039B02F5E07253F822309DF80320120441
:10ADC0001146019A1943039B02F5E07243F82210E1
:10ADD00000BF05B05DF804FB00B585B0019001AB84
:10ADE0001846FFF755FF0390039800F020F802463D
:10ADF000019B22FA03F303F00103184605B05DF846
:10AE000004FB00B585B0019001AB1846FFF740FF89
:10AE10000390019A039B02F5E07253F822301B0C59
:10AE200003F00303DBB2184605B05DF804FB82B003
:10AE30000190019BD3F81035184602B0704700000E
:10AE400000B587B00390029101924FF0A0430493A4
:10AE5000039A029B1344012B04D9124940F2FD20AE
:10AE600001F03AF9039B059311E0059B9B0006AAAC
:10AE7000134453F8083C1846FFF7D9FF0246019BDC
:10AE80001A60019B04330193059B01330593039AD8
:10AE9000029B1344059A9A42E7D300BF00BF07B054
:10AEA0005DF804FBE4C3030084B001900091009BB3
:10AEB0000393019BDB080293019B03F007030193BB
:10AEC0000122019B02FA03F30399029A0A441278C1
:10AED0001340184604B0704784B001900091009B65
:10AEE0000393019BDB080293019B03F0070301938B
:10AEF000039A029B13441B785AB20121019B01FA69
:10AF000003F35BB2134359B2039A029B1344CAB2D0
:10AF10001A7000BF04B0704782B001900C4A019BC8
:10AF20001344303393F90030002B09DB084A019BAE
:10AF30001344303393F90030072B01DC012300E088
:10AF4000002303F00103DBB2184602B0704700BFD4
:10AF50001033002082B00190064A019B1344303325
:10AF600093F90030072BCCBF01230023DBB2184636
:10AF700002B070471033002082B00190064A019B56
:10AF80001344303393F90030DB43DBB2DB09DBB22F
:10AF9000184602B0704700BF1033002084B0039001
:10AFA000029101928DF80330029B59B20E4A039B25
:10AFB000134430330A461A700B49029B019A41F838
:10AFC00023209DF8033083F00103DBB2002B08D06F
:10AFD000029B083B039A51B2034A13440A4683F882
:10AFE000502000BF04B070471033002082B00190A1
:10AFF000044A019B13443033FF221A7000BF02B091
:10B00000704700BF1033002000B583B001900449A1
:10B010000198FFF761FF00BF03B05DF804FB00BFBC
:10B020006433002082B00190044A019B1344303302
:10B0300093F90030184602B0704700BF103300206B
:10B0400082B00190034A019B52F82330184602B0A7
:10B05000704700BF1033002000B589B00390029103
:10B0600013468DF80730FF238DF81F309DF8073009
:10B07000002B01D0002300E0082305939DF8073042
:10B08000002B01D0082300E00C230493059B0693BA
:10B0900014E00F4A069B52F82330B3F1FF3F0AD168
:10B0A0009DF80730029A06990398FFF777FF069BF1
:10B0B0008DF81F3006E0069B01330693069A049B29
:10B0C0009A42E6D39DF91F30184609B05DF804FB9B
:10B0D0001033002082B003468DF807309DF807300A
:10B0E000094A4FF0FF3142F823109DF80730072B33
:10B0F00007D99DF80730083B034A1344FF2283F821
:10B10000502000BF02B070471033002000B583B05C
:10B11000254B93F85830002B03D008230193019B53
:10B120003EE000238DF8033009E09DF80330184617
:10B13000FFF75CFF9DF8033001338DF803309DF875
:10B1400003301F2BF1D900238DF8033009E09DF85F
:10B1500003301846FFF7BEFF9DF8033001338DF82A
:10B1600003309DF803300B2BF1D9042200210F4846
:10B170000FF09CFC06210620FFF790FC0620FFF74D
:10B18000B9FC4FF4BE70FFF7D8FC4FF00040FFF75A
:10B19000FDFC054B012283F8582000230193019BFD
:10B1A000184603B05DF804FB103300206433002020
:10B1B000044B93F85830002B14BF01230023DBB25B
:10B1C000184670471033002000B587B003900291F5
:10B1D0000192039B1F2B04D9364940F2072000F04F
:10B1E0007BFF002305930398FFF7C6FE0346002B61
:10B1F00002D00823059357E0029B9B78C3F34003DA
:10B20000DBB21A4601990398FFF726FF03468DF833
:10B2100013309DF91330B3F1FF3F43D0029B9B786D
:10B22000C3F38003DBB283F00103DBB2002B13D046
:10B23000029B9B7803F00103DBB2002B03D0039841
:10B24000FFF780FD05E0029B5B7819460398FFF746
:10B2500064FD0398FFF7D8FE029B9B7803F002037E
:10B26000DBB2002B08D09DF91300029B1B781A4615
:10B270000399FFF7B9FC17E09DF91330083B0E4A1C
:10B28000134493F95010029B1B789B015AB29DF90D
:10B290001330083B0A4351B2074A13440A4683F865
:10B2A000502001E004230593059B184607B05DF884
:10B2B00004FB00BF1CC403001033002000B589B09C
:10B2C00001900B468DF80330019B1F2B04D93D499B
:10B2D00040F2372000F000FF0198FFF74DFE0346D3
:10B2E000002B04D137494FF40E7000F0F5FE0198A1
:10B2F000FFF730FE0346002B2FD00198FFF792FE98
:10B300000346083B304A134493F950308DF80F3010
:10B310009DF80F309B098DF80E309DF80E30032BF1
:10B320000BD10198FFF758FD0346002B01D00323F2
:10B3300000E002238DF81F3008E09DF80E30012B4D
:10B3400001D1022300E003238DF81F309DF81F3048
:10B3500019460198FFF712FD30E00198FFF7DCFD78
:10B360000346002B2AD00198FFF75CFE03460693A4
:10B37000069B9BB240339BB29B00ADF81630069BF8
:10B380001846FFF71BFCBDF816301846FFF7D5FB33
:10B390009DF80330002B11D00198FFF743FE0346C0
:10B3A0001846FFF74DFE0490049B002B06D00122A7
:10B3B000069B02FA03F31846FFF7E8FB00BF09B04B
:10B3C0005DF804FB1CC403001033002000B595B0E9
:10B3D00000231093002303934FF48073ADF83A30A9
:10B3E0000123129300230F9321E0BDF83A30184651
:10B3F000FFF78EFB0346002B0ED01298FFF7D2FB0F
:10B400000346002B08D0BDF83A301846FFF795FBED
:10B41000109A129B13431093129B5B001293BDF87A
:10B420003A300433ADF83A300F9B01330F930F9B42
:10B43000072BDAD94FF4BE70FFF76AFB0346002BE7
:10B440000DD04FF4BE70FFF778FB109B43F0004324
:10B45000109303AB1A4601210020FFF7F1FC109B6B
:10B46000DBB2002B29D00123129300230F9321E09C
:10B47000129A109B1340002B16D00F98FFF7E6FB93
:10B480000D900F98FFF7F2FB03468DF833300F98BD
:10B49000FFF7D6FD0B900B9B002B05D09DF83320BA
:10B4A0000B9B11460D989847129B5B0012930F9BC4
:10B4B00001330F930F9B072BDAD9109B002B80F2DF
:10B4C000EE8000238DF84F30002302930023119368
:10B4D0000AE0119B9B0014AA13444FF0FF3243F87B
:10B4E0004C2C119B01331193119B002BF1D00023A5
:10B4F0008DF84F3000230F9378E06B4A0F9B134475
:10B50000503393F900308DF82B309DF82B3023F019
:10B51000C0030993644A0F9B1344503393F90030DE
:10B52000B3F1FF3F5FD001AB19460998FFF7BCFCB0
:10B530000346002B57D09DF82B309B098DF8233004
:10B540000998FFF76FFD03461846FFF779FD07904E
:10B55000079B002B03D19DF82330032B43D19DF88B
:10B560002330032B04D102AB19460998FFF7B4FC32
:10B570000998FFF746FC03468DF81B3003AB1946CC
:10B580000998FFF791FC0590059B002B03D09DF8CF
:10B590001B30022B06D0059B002B24D19DF81B30BD
:10B5A000032B20D19DF82330032B13D19DF81B30A2
:10B5B000022B01D1032300E002238DF813309DF804
:10B5C000133019460998FFF7D9FB9DF84F30013326
:10B5D0008DF84F30079B002B05D09DF82320079B4B
:10B5E0001146099898470F9B01330F930F9B032B2C
:10B5F00083D99DF84F30002B4CD001238DF84E306D
:10B600006B461A4601210020FFF71AFC0023119314
:10B6100014E0119B9B0014AA134453F8502C119B67
:10B620009B0014A90B4453F8443C9A4203D00023D6
:10B630008DF84E3005E0119B01331193119B002BC7
:10B64000E7D09DF84E30002B03D000238DF84F300B
:10B6500020E0002311931AE0119B9B0014AA1344CD
:10B6600053F8502C119B9B0014A90B4443F8442C15
:10B67000119B9B0014AA134453F8482C119B9B0068
:10B6800014A90B4443F84C2C119B01331193119BCB
:10B69000002BE1D09DF84F30002B7FF428AF00BF86
:10B6A00015B05DF804FB00BF1033002008B5064B51
:10B6B0001B68002B03D10549512000F00DFD024B02
:10B6C0001B68984700BF08BD6C33002084C403008A
:10B6D00084B001900B46ADF80230BDF80230019AFB
:10B6E000134400221A60BDF80230019A13441B680B
:10B6F0000393039B00BF04B0704782B001900B46D8
:10B70000ADF80230BDF80230019A13441B68002BDB
:10B7100014BF01230023DBB2184602B0704700B506
:10B7200083B0019000914FF488710198FFF7E5FF15
:10B730000346002B12D04FF488710198FFF7C8FF21
:10B74000009B5B7903F00403002B07D0009B1B6870
:10B75000002B03D0009B1B68012098474FF48A718F
:10B760000198FFF7CAFF0346002B12D04FF48A71ED
:10B770000198FFF7ADFF009B5B7903F00803002BF6
:10B7800007D0009B1B68002B03D0009B1B68022086
:10B7900098474FF48E710198FFF7AFFF0346002BD7
:10B7A00012D04FF48E710198FFF792FF009B5B79E6
:10B7B00003F01003002B07D1009B1B68002B03D064
:10B7C000009B1B68002098474FF482710198FFF797
:10B7D00094FF0346002B0FD04FF482710198FFF7BE
:10B7E00077FF009B01221A71009B1B68002B03D07E
:10B7F000009B1B680320984700BF03B05DF804FB63
:10B8000008B503490348FFF78AFF00BF08BD00BF22
:10B810007433002000C0014008B503490348FFF716
:10B820007EFF00BF08BD00BF7C3300200010024037
:10B8300000B583B00C4B1B78002B0FD00023019375
:10B8400008E0019B022B02D00198FEF795FD019BB9
:10B8500001330193019B032BF3D901E0FEF7A6FD11
:10B8600000BF03B05DF804FB8C3300202DE9F04FDE
:10B8700087B003468DF80F3000230593002304930F
:10B88000D14B1B78002B04D0CF4B00221A70FFF74E
:10B89000CFFF9DF80F30172B00F2298201A252F83A
:10B8A00023F000BF05B902001DB902001DB9020056
:10B8B000AFB902003DBA0200B1BA02003DBB0200BE
:10B8C0005DBB02006DBB02008BBB0200A9BB020086
:10B8D000D5BB0200F3BB020001BC020001BC0200A8
:10B8E00001BC020001BC020001BC020091BC0200CC
:10B8F0009FBC0200B3BC0200C7BC0200E1BC020056
:10B90000E1BC0200FFF794FFB04B18460EF014FFA5
:10B910000590AF4A9DF80F301370E9E10020FEF763
:10B92000E3FC0346002B0DD00020FEF725FD9DF81B
:10B930000F30022B02D14FF4E16301E04FF47A6340
:10B9400004930BE00020FEF7FDFC9DF80F30022B66
:10B9500001D1C82301E04FF4C87304939C4A9DF8B9
:10B960000F301370994C049B18464FF000014FF0B4
:10B9700000024FF00003CB0343EA5043C20312F529
:10B98000FA71009143F1000301934FF47A724FF082
:10B990000003DDE900010EF041FF02460B461346AD
:10B9A0000022194620460EF091FE0590A0E10020ED
:10B9B000FEF79AFC0346002B0DD00020FEF7DCFCBE
:10B9C0009DF80F30032B02D14FF4487301E04FF480
:10B9D0007A6304930BE00020FEF7B4FC9DF80F306F
:10B9E000032B01D1C82301E04FF4C8730493784AB4
:10B9F0009DF80F301370754C049B18464FF00001F2
:10BA00004FF000024FF00003CB0343EA5043C20360
:10BA100012F5FA7A43F1000B4FF47A724FF00003FB
:10BA2000504659460EF0FAFE02460B4613460022D7
:10BA3000194620460EF04AFE059059E10020FEF717
:10BA400053FC0346002B06D00020FEF795FC4FF474
:10BA50007A63049305E00020FEF774FC4FF4C8738A
:10BA600004935B4A9DF80F301370584C049B1846A2
:10BA70004FF000014FF000024FF00003CB0343EA08
:10BA80005043C20312F5FA7843F100094FF47A7279
:10BA90004FF00003404649460EF0C0FE02460B46FA
:10BAA00013460022194620460EF010FE05901FE1B5
:10BAB0000020FEF719FC0346002B0CD00020FEF7F7
:10BAC0005BFC9DF80F30052B01D1C82301E04FF43A
:10BAD0007A6304930BE00020FEF734FC9DF80F30EE
:10BAE000052B01D1C82301E04FF4C8730493384AF1
:10BAF0009DF80F301370354C049B18464FF0000131
:10BB00004FF000024FF00003CB0343EA5043C2035F
:10BB100012F5FA7643F100074FF47A724FF0000302
:10BB2000304639460EF07AFE02460B461346002296
:10BB3000194620460EF0CAFD0590D9E00020FEF718
:10BB40005BFC234A9DF80F301370204B002240F617
:10BB5000CD4118460EF0BAFD0590C9E00020FEF771
:10BB6000F1FB1B4A9DF80F301370C1E0164B012208
:10BB70001A700120FEF740FC144B002240F6CD4124
:10BB800018460EF0A3FD0590B2E00F4B01221A708B
:10BB90000120FEF731FC0D4B00224FF48041184686
:10BBA0000EF094FD0590A3E0074B01221A700120CE
:10BBB000FEF722FC054B002240F6CD4118460EF060
:10BBC00085FD059094E000BF853300209033002070
:10BBD00084330020494B01221A700120FEF70CFC2F
:10BBE000474B00224FF4804118460EF06FFD059040
:10BBF0007EE0FEF7EEFB434A9DF80F30137077E0CE
:10BC0000414B18460EF098FD05909DF80F30C3F19A
:10BC100011030493049B002B33D0059B002B30D1E0
:10BC2000049B012B26D9384E049B9BB21A46C8238D
:10BC300003FB02F318464FEAE0714FF000024FF0A9
:10BC40000003CB0343EA5043C20312F5FA7443F1F5
:10BC500000054FF47A724FF00003204629460EF09B
:10BC6000DDFD02460B4613460022194630460EF013
:10BC70002DFD05900220FEF765FB244B01221A7072
:10BC800036E00220FEF778FB204B00221A702FE0EE
:10BC9000FFF7CEFD1B4A9DF80F30137028E0FFF729
:10BCA000C7FD0020FEF74EFB164A9DF80F301370BB
:10BCB0001EE0FFF7BDFD0120FEF744FB114A9DF891
:10BCC0000F30137014E0FFF7B3FD0020FEF73AFBCE
:10BCD0000120FEF737FB0B4A9DF80F30137007E089
:10BCE000FEF777FB074A9DF80F30137000E000BFA6
:10BCF000059B184607B0BDE8F08F00BF85330020D4
:10BD00009033002084330020B03300208C33002097
:10BD100000B585B003468DF8073000230393084B28
:10BD20001B6803F00103002B05D09DF8073018466F
:10BD3000FFF79CFD0390039B184605B05DF804FBDC
:10BD40008833002084B001900B468DF803301346F1
:10BD50008DF8023000230393019B032B3CD89DF800
:10BD60000230012B0BD19DF80330012B04D1019B34
:10BD7000DBB20E33DBB200E000238DF802309DF819
:10BD80000330022B0FD0022B23DC002B16D0012B0B
:10BD90001FD11449019A13465B0013440B449DF8CC
:10BDA00002201A701AE00F49019A13465B001344EF
:10BDB0000B4401339DF802201A700FE00949019AE3
:10BDC00013465B0013440B4402339DF802201A70A3
:10BDD00004E00723039301E007230393039B184622
:10BDE00004B07047D033002000B583B00122002199
:10BDF0000020FFF7A7FF0190019B002B04D0019BBF
:10BE0000072B01D0019B1CE0072202210120FFF734
:10BE100099FF0190019B002B04D0019B072B01D0BF
:10BE2000019B0EE0042202210020FFF78BFF01900E
:10BE3000019B002B04D0019B072B01D0019B00E04C
:10BE40000023184603B05DF804FB00B583B001225F
:10BE500002210020FFF776FF0190019B002B04D008
:10BE6000019B072B01D0019B1CE00722022101202E
:10BE7000FFF768FF0190019B002B04D0019B072B6B
:10BE800001D0019B0EE00A2200210020FFF75AFF9B
:10BE90000190019B002B04D0019B072B01D0019B3B
:10BEA00000E00023184603B05DF804FB00B585B040
:10BEB00001900091019B1B88102B02D0112B18D0F0
:10BEC0002FE01A4B1B68002B0DD1FFF78DFF03905D
:10BED000039B002B07D0164B1B68002B03D0144B81
:10BEE0001B6803989847114B1B6801330F4A136076
:10BEF00017E00E4B1B68013B0C4A13600B4B1B6891
:10BF0000002B0DD1FFF7A1FF0390039B002B07D05F
:10BF1000074B1B68002B03D0054B1B680398984701
:10BF200000BF00BF05B05DF804FB00BFE033002098
:10BF3000DC330020BFF34F8F00BF074BDB6803F4F7
:10BF4000E0620549054B1343CB60BFF34F8F00BF41
:10BF500000BF00BFFCE700BF00ED00E00400FA05F1
:10BF600076DF704700BF18467ADF704700BF18467B
:10BF70007CDF704700BF18467FDF704700BF184660
:10BF80008FDF704700BF1846B1DF704700BF18460B
:10BF900000B585B00190019B002B0AD0074B43F000
:10BFA00001030393019B9B010293039B0298984713
:10BFB00000E000BF05B05DF804FB00BFF0C803005F
:10BFC00000B583B00190019B1B681F2B04D9054964
:10BFD00040F2CD1000F080F84FF0A043184603B0B7
:10BFE0005DF804FB80C7030000B585B001900846EA
:10BFF00011461A4603468DF803300B468DF8023081
:10C0000013468DF8013001AB1846FFF7D9FF0390B6
:10C010009DF803209DF802305B001A439DF8013023
:10C020009B001A439DF818301B0242EA03019DF859
:10C030001C301B04019A1943039B02F5E07243F87C
:10C04000221000BF05B05DF804FB00B585B0039079
:10C050000B468DF80B309DF80B3000220192002228
:10C060000092002200210398FFF7BEFF00BF05B039
:10C070005DF804FB00B585B0019001AB1846FFF7F1
:10C080009FFF0390039800F00AF80246019B22FAF2
:10C0900003F303F00103184605B05DF804FB82B01A
:10C0A0000190019BD3F81035184602B0704700B5D7
:10C0B00083B00190019B002B0AD04FF47A70FFF7F8
:10C0C00067FF019B013B0193019B002BF5D100E031
:10C0D00000BF03B05DF804FB00B583B003460091D8
:10C0E000ADF80630BDF80630009A19460348FBF754
:10C0F00001FB00BF03B05DF804FB00BFEFBEADDE87
:10C1000082B00190019B5B68002B06D1019B1B78DC
:10C11000012B04D0022B04D004E000BF02E000BFDA
:10C1200000E000BF02B0704700B583B0019001E0AD
:10C1300001F020FA0198FDF7D3F90346002BF7D15F
:10C1400000BF00BF03B05DF804FB000000B58DB078
:10C1500000238DF82B300023059306AB00221A60D4
:10C160005A609A60DA600023009301AB00221A60E3
:10C170005A609A60DA60404B5B889AB23E4B1B88EB
:10C180009BB29A4273D03C4B5B889BB21A461346D3
:10C190005B001344DA00D21A374B1344591D6B4627
:10C1A000142218460EF059FC334B5B889BB25A1C84
:10C1B000324B83FB02139910D317C91A0B465B004D
:10C1C0000B44DB00D11A8AB22B4B5A8001238DF825
:10C1D0002B3005AA6B462A49184602F0B9FC0346E3
:10C1E000002B0BD0274A284BD31ADB081B0443F043
:10C1F000010326491846FAF7B5FD39E000230B93F1
:10C2000002E00B9B01330B930B9B072BF9DD204BBB
:10C210001B889BB201335A4203F0070302F0070266
:10C2200058BF53421A4A528892B2934220D0184BB8
:10C230001B889BB21A4613465B001344DA00D21ADD
:10C24000134B1344053305A9142218460EF005FCC0
:10C250000F4B1B889BB201335A4203F0070302F0D5
:10C26000070258BF53429AB2094B1A8000E000BF40
:10C270000DB05DF804FB00BF0C3C0020ABAAAA2A5D
:10C280000C3E0020C0B2030088B20300B0C7030018
:10C29000B43A002000B583B001900B46ADF80230EF
:10C2A0001D4B1B889BB2591C1C4B83FB01239A100E
:10C2B000CB17D21A13465B001344DB00CA1A164B85
:10C2C0005B889BB29A4223D0134B1B889BB21A46C1
:10C2D00013465B001344DA00D21A0F4B13440533A4
:10C2E000BDF80220019918460EF0B7FB0A4B1B88D7
:10C2F0009BB25A1C094B83FB02139910D317C91A1E
:10C300000B465B000B44DB00D11A8AB2024B1A8049
:10C3100000BF03B05DF804FB0C3C0020ABAAAA2AC6
:10C3200000B583B00EF064F90190019B0093009B6F
:10C33000002B05D0044A4FF4B3710098FBF7DAF9EB
:10C3400000BF03B05DF804FBC8C7030000B587B0A9
:10C350009DF80030012262F303038DF800309DF850
:10C360000030012262F307138DF800301E480EF0F2
:10C37000F2FB03469AB26B461B491846FFF7F8FDDD
:10C380000590059B0493049B002B05D0174A40F2AF
:10C3900079110498FBF7AEF901AB08220021184689
:10C3A0000EF084FB7823ADF80430C823ADF80630D6
:10C3B0000023ADF808304FF4C873ADF80A3001AB74
:10C3C0001846FFF7D1FD0590059B0393039B002BB7
:10C3D00005D0064A40F283110398FBF78BF900BFA2
:10C3E00007B05DF804FB00BF48C80300C8C70300DE
:10C3F00000B583B00321094806F02EFC0190019B93
:10C400000093009B002B05D0054A40F28B11009849
:10C41000FBF770F900BF03B05DF804FB083400209F
:10C42000C8C7030000B583B00190054A40F29711D8
:10C430000198FBF75FF900BF03B05DF804FB00BF94
:10C44000C8C7030000B583B00190019B1B78002B87
:10C4500017D1019B9B8A142B0BD00B4A0B4BD31A81
:10C46000DB081B0443F0010309491846FAF77AFC7C
:10C4700007E0019B1A69019B9B8A19461046FFF74A
:10C4800009FF03B05DF804FBC0B2030088B20300EB
:10C4900050C8030000B587B000230193174B0193E8
:10C4A00001AB1946164807F0C3FE0590059B04939F
:10C4B000049B002B05D0134A40F2C3110498FBF7EC
:10C4C00019F902AB0422002118460EF0EFFA0E4BC8
:10C4D000029302AB19460D4808F0ECF80590059B55
:10C4E0000393039B002B05D0064A40F2CB1103981F
:10C4F000FBF700F900BF07B05DF804FB25C402009C
:10C50000FC330020C8C7030045C40200F82A0020FD
:10C5100000B585B00190019B1B78002B11D10B4B0E
:10C520001B883B211846FFF71BFD0390039B0293DA
:10C53000029B002B05D0064A40F2E1110298FBF75E
:10C54000D9F800BF05B05DF804FB00BF142B002034
:10C55000C8C7030000B583B00190054A4FF4F671D7
:10C560000198FBF7C7F800BF03B05DF804FB00BFFC
:10C57000C8C7030000B58BB001AB1C2200211846D0
:10C580000EF094FA002301934FF4203302934FF4FA
:10C590007023039303238DF810300023ADF812307D
:10C5A00000238DF814300C4B06930C4B079301AB12
:10C5B000184606F0DBFD0990099B0893089B002BA9
:10C5C00005D0074A40F203210898FBF793F800BF13
:10C5D0000BB05DF804FB00BF11C5020055C5020099
:10C5E000C8C7030000B585B003468DF807309DF835
:10C5F0000730002B11D0032B16D10220FFF788FB48
:10C600000390039B0293029B002B0FD00B4A4FF425
:10C610000A710298FBF76EF808E0094B1B78012BB2
:10C6200006D1FFF7E5FE03E000BF02E000BF00E037
:10C6300000BF00BF05B05DF804FB00BFC8C7030022
:10C64000B03A002000B58DB001900091019B1B888D
:10C65000562B00F0D480562B00F3E480522B00F0D0
:10C66000A780522B00F3DE80212B2DDC102BC0F293
:10C67000D980103B112B00F2D58001A252F823F093
:10C68000D1C6020035C7020025C8020089C70200D2
:10C6900025C8020025C8020025C8020025C80200DE
:10C6A00025C8020025C8020025C8020025C80200CE
:10C6B00025C8020025C8020025C8020025C80200BE
:10C6C00025C8020055C702003B2B00F08580A9E079
:10C6D0005D4A5E4BD31ADB081B0443F003035C493D
:10C6E0001846FAF73FFB0720FFF712FB0B900B9B56
:10C6F0000593059B002B05D0564A40F2452105982D
:10C70000FAF7F8FF019B9A88534B1A80524B1B880B
:10C710001946524807F0AEFD0B900B9B0493049B07
:10C72000002B00F081804B4A4FF412710498FAF705
:10C73000E1FF79E0444A454BD31ADB081B0443F080
:10C74000030347491846FAF70DFB434B4FF6FF72B8
:10C750001A8074E000238DF80C3000238DF80D3022
:10C76000019B9B8803AA11461846FFF709FC0B9012
:10C770000B9B0793079B002B58D0364A40F25A2157
:10C780000798FAF7B7FF51E0334B188800230022CF
:10C790008521FFF7F1FB0B900B9B0693069B002B6B
:10C7A00046D02C4A4FF418710698FAF7A3FF3FE0E1
:10C7B000294B1888002300220021FFF7E5FB0B908E
:10C7C0000B9B0993099B002B34D0224A40F266212F
:10C7D0000998FAF78FFF2DE0019B9B8813211846DB
:10C7E000FFF7BEFB0B900B9B0893089B002B23D0FD
:10C7F000184A40F26D210898FAF77CFF1CE0019B73
:10C800009B8813211846FFF7ABFB0B900B9B0A93F9
:10C810000A9B002B12D00F4A4FF41D710A98FAF7A9
:10C8200069FF0BE000BF0AE000BF08E000BF06E0C0
:10C8300000BF04E000BF02E000BF00E000BF00BF97
:10C840000DB05DF804FB00BFC0B2030088B2030066
:10C850006CC80300C8C70300142B0020FC33002061
:10C8600078C8030000B587B008F0D0F90590059BA3
:10C870000493049B002B05D0164A40F287210498AC
:10C88000FAF738FF0023019301AB1946012008F0A5
:10C89000D3FA0590059B0393039B002B05D00D4A0B
:10C8A00040F28D210398FAF725FF01AB184608F0F6
:10C8B000E1FB0590059B0293029B002B05D0054AE6
:10C8C00040F291210298FAF715FF00BF07B05DF81A
:10C8D00004FB00BFC8C7030000B583B001900091FE
:10C8E000009B5A88114B1B889A421AD1009B1B88C7
:10C8F00040F67722934214D1009B9B88033B9AB267
:10C900000B4B1A800B4A0C4BD31ADB081B0443F069
:10C910000300074B1B881A46054B1B880749FAF78B
:10C9200040FA00BF03B05DF804FB00BF142B0020E9
:10C93000162B0020C0B2030088B2030088C8030091
:10C9400000B585B01149124807F072FB0390039BB4
:10C950000293029B002B05D00E4A4FF42B710298D4
:10C96000FAF7C8FE45210A4807F08DFB0390039BA8
:10C970000193019B002B05D0064A40F2AF2101989C
:10C98000FAF7B8FE00BF05B05DF804FBD9C8020095
:10C99000E8330020C8C7030000B5AFB001ABAC223C
:10C9A000002118460EF082F802238DF8043000238F
:10C9B0008DF8063006238DF807300123ADF850308E
:10C9C000124B159301238DF88030C82323934FF425
:10C9D000E16324930E4B2A9301AB19460D4806F0F0
:10C9E00063F82D902D9B2C932C9B002B05D00A4A8D
:10C9F00040F239312C98FAF77DFE0121054806F006
:10CA000046F800BF2FB05DF804FB00BF182B0020D4
:10CA1000E5C5020008340020C8C7030082B00190B9
:10CA20000B468DF8033000BF02B0704700B583B0ED
:10CA3000FEF7BEFB034683F00103DBB2002B02D0FE
:10CA4000FEF764FB019003238DF8003000238DF87E
:10CA500001309DF802306FF300038DF802309DF82D
:10CA600002306FF341038DF802309DF802306FF30E
:10CA700082038DF8023003238DF8013003210D204D
:10CA8000FFF7E3FA6B461D4A19460D20FEF79CFBA3
:10CA9000019001210D20FEF711FC03210E20FFF76C
:10CAA000D4FA6B46154A19460E20FEF78DFB01900D
:10CAB00001210E20FEF702FC03210F20FFF7C5FA2B
:10CAC0006B460E4A19460F20FEF77EFB01900121AE
:10CAD0000F20FEF7F3FB03211020FFF7B6FA6B4699
:10CAE000064A19461020FEF76FFB01900121102025
:10CAF000FEF7E4FB00BF03B05DF804FB1DCA0200B3
:10CB000000B583B003468DF807309DF80730012B40
:10CB100007D10D20FFF7AEFA0346002B01D1012308
:10CB200024E09DF80730022B07D10E20FFF7A2FA70
:10CB30000346002B01D1012318E09DF80730032B99
:10CB400007D10F20FFF796FA0346002B01D10123EE
:10CB50000CE09DF80730042B07D11020FFF78AFA6C
:10CB60000346002B01D1012300E00023184603B047
:10CB70005DF804FB00B587B0039002910192019B20
:10CB8000043B059326E0059A029BD11804AA0423CE
:10CB90000398FCF783FA9DF81330FF2B03D0059B15
:10CBA000033305931BE09DF81230FF2B03D0059B48
:10CBB0000233059313E09DF81130FF2B03D0059B42
:10CBC000013305930BE09DF81030FF2B06D1059B38
:10CBD000043B0593059B002BD5DA00E000BF059BC5
:10CBE000184607B05DF804FB00B58BB003900291C6
:10CBF00001924FF48873089300238DF82730019A2F
:10CC0000089BB2FBF3F30793079B089A02FB03F31D
:10CC1000029A134406930DF1160202230699039813
:10CC2000FCF73CFABDF8163045F65A2293421DD166
:10CC3000069A089B1344191F04AA04230398FCF7BF
:10CC40002DFA9DF813309BB21B029AB29DF8123058
:10CC50009BB213449BB2ADF81630BDF8163045F6C2
:10CC60005A22934202D101238DF827309DF82730B4
:10CC700018460BB05DF804FB00B585B0019000913B
:10CC80004FF480524FF4F2210198FFF773FF0390A5
:10CC9000039B002B07DA009B00221A71009B4FF4C4
:10CCA000F2229A601AE0039B23F0030303F5F223B8
:10CCB000194602AA04230198FCF7F0F9039B03F03C
:10CCC000030304AA134413F8082C009B1A71039B56
:10CCD00003F5F22301331A46009B9A60009B002261
:10CCE0001A80009B00225A8000BF05B05DF804FB4B
:10CCF00000B58DB00590049103924FF488730A93A8
:10CD000000238DF82F3000238DF82E304FF4805201
:10CD10004FF4EE210598FFF72DFF0990099B002B9A
:10CD200008DB099A4FF4EE210598FFF75DFF0346F3
:10CD30008DF82F304FF480524FF4F0210598FFF713
:10CD400019FF0890089B002B08DB089A4FF4F0218C
:10CD50000598FFF749FF03468DF82E30099B002BFD
:10CD600051DA9DF82E30002B1FD0089B0A9A9A4268
:10CD70001BD9049B1A1D0A9B4FF4F0210598FCF760
:10CD80008DF90A9B03F5EE22049BC3F81821049B3E
:10CD90001A1D002300930A9B4FF4EE210598FCF71F
:10CDA00025FA0598FFF7C0F918E0089B002B09DB6E
:10CDB000002301224FF4F0210598FCF7F9FA0598B9
:10CDC000FFF7B2F9049B04330A9AFF2118460DF0CD
:10CDD0006DFE049B4FF4EE22C3F81821049B002241
:10CDE0001A80049B00225A804FF48E720499039893
:10CDF0000DF033FE039BD3F8183103F58052039BEB
:10CE0000C3F81821A3E09DF82F3083F00103DBB2B3
:10CE1000002B5BD0089A0A9BB2FBF3F307939DF8B3
:10CE20002E30002B2ED0099A0A9BB2FBF3F3079AFF
:10CE30009A4227D1079B0A9A02FB03F303F5F021DC
:10CE4000049B1A1D0A9B0598FCF728F9079B0133E0
:10CE50000A9A02FB03F303F5EE22049BC3F81821A0
:10CE6000079B0A9A02FB03F303F5EE21049B1A1DAC
:10CE7000002300930A9B0598FCF7B8F90598FFF783
:10CE800053F94FE0002301224FF4EE210598FCF7FF
:10CE90008FFA0598FFF748F9089B002B09DB002360
:10CEA00001224FF4F0210598FCF782FA0598FFF76C
:10CEB0003BF9049B04330A9AFF2118460DF0F6FD56
:10CEC000049B4FF4EE22C3F818212BE0099A0A9B29
:10CED000B2FBF3F30793079B0A9A02FB03F303F5F4
:10CEE000EE21049B1A1D0A9B0598FCF7D7F8079BB7
:10CEF00001330A9A02FB03F303F5EE22049BC3F805
:10CF00001821079B0A9A02FB03F303F5F021049B07
:10CF10001A1D002300930A9B0598FCF767F90598F2
:10CF2000FFF702F9049B00221A80049B00225A801A
:10CF30004FF48E72049903980DF08FFD039BD3F884
:10CF4000183103F58052039BC3F8182100BF0DB0C0
:10CF50005DF804FB00B58BB00590049103924FF48B
:10CF6000887309934FF48052099BB2FBF3F3089343
:10CF7000039B5B88052B00F2918001A252F823F0FD
:10CF800099CF02009DD00200F5CF02001BD0020015
:10CF90003DD002006DD00200039BD3F81821099BFD
:10CFA000089901FB03F1049B0B449A4203D3039BB2
:10CFB00002225A807BE0039BD3F81831049A9A42EC
:10CFC00014D10DF11E02022304990598FCF766F8AE
:10CFD000BDF81E304FF6FF72934203D0039B02222E
:10CFE0005A8064E0039B04225A8060E0039B042281
:10CFF0005A805CE00598FCF773FA034683F001035E
:10D00000DBB2002B4CD00023012204990598FCF7D9
:10D01000CFF9039B03225A8042E00598FCF760FA9F
:10D02000034683F00103DBB2002B3BD0039B0422B9
:10D030005A80039B049AC3F8182133E00598FCF743
:10D040004FFA034683F00103DBB2002B2CD0039B85
:10D05000D3F81811039B1A1D00230093099B059810
:10D06000FCF7C4F8039B05225A801DE00598FCF7E5
:10D0700037FA034683F00103DBB2002B16D0039B83
:10D0800000221A80039B00225A80039BD3F81821A8
:10D09000099B1A44039BC3F8182107E000BF06E070
:10D0A00000BF04E000BF02E000BF00E000BF00BF1F
:10D0B0000BB05DF804FB00BF00B58BB00590049188
:10D0C00003928DF80B304FF4887309934FF480521C
:10D0D000099BB2FBF3F30893424B0793424B069331
:10D0E0009DF80B30012B5DD1079B04334FF48972FF
:10D0F000059918460DF0B1FC3C48FFF715F8079B61
:10D1000001221A80079B00225A80079BD3F818211E
:10D11000099B089901FB03F303F5EE239A420ED312
:10D12000002301224FF4EE213048FCF741F92F484B
:10D13000FEF7FAFF079B4FF4EE22C3F81821079B76
:10D14000D3F81811079B1A1D00230093099B274849
:10D15000FCF74CF82548FEF7E7FF079BD3F81821AA
:10D16000099B1A44079BC3F81821079B00221A80C9
:10D17000069B01221A80069B00225A80069B181DDE
:10D18000079B04334FF4897219460DF066FC079B28
:10D19000D3F81821099BD31A03F58052069BC3F8D4
:10D1A000182119E0079B01221A80069B5B88002B3F
:10D1B00007D0069B5B88012B03D0079B01225A8076
:10D1C00002E0079B00225A80079B04334FF48972C8
:10D1D000059918460DF041FC002318460BB05DF888
:10D1E00004FB00BF5C38002078390020982A00201A
:10D1F00000B58BB0059004910392012309934FF47D
:10D200008052099BB2FBF3F30893039B5B88052BC9
:10D2100000F2AC8001A252F823F000BF35D2020028
:10D220006DD302008FD20200B5D20200D5D2020027
:10D2300041D30200039B9A68099B089901FB03F103
:10D24000049B0B449A4203D3039B02225A8096E02C
:10D25000039B9B68049A9A4215D106AA022304995B
:10D260000598FBF71BFF9DF81830FF2B03D19DF8A5
:10D270001930FF2B03D0039B02225A807FE0039BCF
:10D2800004225A807BE0039B04225A8077E00598B1
:10D29000FCF726F9034683F00103DBB2002B67D0CD
:10D2A0000023012204990598FCF782F8039B0322CE
:10D2B0005A805DE00598FCF713F9034683F00103FB
:10D2C000DBB2002B56D0039B04225A80039B049AA6
:10D2D0009A604FE00598FCF703F9034683F00103D9
:10D2E000DBB2002B48D006AB0422FF2118460DF01C
:10D2F000DDFB039B9B6803F003030793079B002B55
:10D3000008D0039B9A68079BD11A06AA079B059829
:10D31000FBF7C4FE039B197906AA079B13440A4630
:10D320001A70039B9A68079BD11A06AA00230093E0
:10D3300004230598FBF75AFF039B05225A801BE044
:10D340000598FCF7CDF8034683F00103DBB2002B10
:10D3500014D0039B00221A80039B00225A80039B57
:10D360009A68099B1A44039B9A6007E000BF06E095
:10D3700000BF04E000BF02E000BF00E000BF00BF4C
:10D380000BB05DF804FB00BF82B003468DF8073098
:10D39000064B01221A80054B00225A80034A9DF851
:10D3A0000730137100BF02B0704700BF943A0020ED
:10D3B00008B5094B1B78012B0BD0084B01221A70C2
:10D3C000074B1B7843F00103DAB2054B1A70FFF7E5
:10D3D0000FF80023184608BDB03A0020B13A0020EB
:10D3E000B23A002008B5074B01221A70064B1B7891
:10D3F00043F00103DAB2044B1A70FEF7F9FF002381
:10D40000184608BDB03A0020B23A0020044B1B7801
:10D4100043F00203DAB2024B1A7000231846704739
:10D42000B23A002010B582B001900A4A0A4BD31AD2
:10D43000DB081B0443F003040198F9F7F9FB0346EA
:10D440001A4606492046F9F79BFC0023184602B00D
:10D4500010BD00BFC0B2030088B20300BCC8030007
:10D4600008B5FEF767FD00BF08BD000000B585B038
:10D4700001900B468DF8033013468DF802300023DF
:10D480008DF80F30214B1B889BB201335A4203F0B9
:10D49000070302F0070258BF53421C4A528892B257
:10D4A00093422ED0194B1B889BB21A4613465B0041
:10D4B0001344DA00D21A154B134405339DF80320A8
:10D4C000019918460DF0C9FA104B1B889BB21A46F9
:10D4D0000E4913465B001344DA00D21A8B1804334A
:10D4E0009DF802201A70094B1B889BB201335A42E7
:10D4F00003F0070302F0070258BF53429AB2034BEE
:10D500001A800023184605B05DF804FB603B00203C
:10D5100000B583B04FF400410020F9F7F1F8019015
:10D52000019B0093009B002B05D0064A40F21E5140
:10D530000098FAF7DFF8F9F779F800BF03B05DF863
:10D5400004FB00BFC8C7030000B583B0FBF784FB32
:10D550000190019B0093009B002B05D0044A40F2F0
:10D560002A510098FAF7C6F800BF03B05DF804FB33
:10D57000C8C7030008B5F9F767FCFBF783FB00BFDA
:10D5800008BD000000B58DB0019000238DF82F304C
:10D590000023049305AB00221A605A609A60DA6097
:10D5A00000238DF82E301423ADF80E303A4B5B88F3
:10D5B0009AB2394B1B889BB29A4230D0364B5B886B
:10D5C0009BB21A4613465B001344DA00D21A324B60
:10D5D0001344591D04AB142218460DF03EFA2E4B8D
:10D5E0005B889BB21A462C4913465B001344DA0051
:10D5F000D21A8B1804331B788DF82E30264B5B889B
:10D600009BB201335A4203F0070302F0070258BFEE
:10D6100053429AB2204B5A8001238DF82F309DF847
:10D620002F30002B33D01D4B1B7803F00103002B50
:10D630001FD01B4B1B880DF10E0204A9194807F0DF
:10D64000DFF80A900A9B082B10D00A9B132B0DD0F1
:10D650000A9B052B0AD00A9B0993099B002B05D036
:10D66000114A40F255510998FAF744F80A9B132BD6
:10D67000DFD00A4B1B7803F00203002B07D0BDF864
:10D680000E301A4604AB1146184600F06BFA00BF84
:10D690000DB05DF804FB00BF603B0020B23A0020F3
:10D6A000142B0020F82A0020C8C7030000B589B059
:10D6B0004FF4887306934FF48052069BB2FBF3F34A
:10D6C000059300238DF81F300023009301AB002247
:10D6D0001A605A609A60DA60FEF738FD454B5B8845
:10D6E0009AB2444B1B889BB29A4221D0414B5B8833
:10D6F0009BB21A4613465B001344DA00D21A3D4B24
:10D700001344591D6B46142218460DF0A6F9394BE7
:10D710005B889BB201335A4203F0070302F0070211
:10D7200058BF53429AB2334B5A8001238DF81F30B1
:10D730009DF81F30002B0BD06B462F49184601F087
:10D740009DF80346022B03D06B46184601F0B0FD4E
:10D750002A4B1B88012B1FD1284A4FF4EE21284861
:10D76000FFF7F8FB254B1B88002B15D1254B012219
:10D770001A80244B00225A804FF489722249234890
:10D780000DF06BF91D4BD3F81821069BD31A03F546
:10D7900080531C4AC2F818311A4B1B88012B10D138
:10D7A000184A4FF4F0211648FFF7D4FB154B1B889D
:10D7B000002B06D1114B5B88012B02D10F4B0022AD
:10D7C0005A800E4B1B88002B0DD10E4B1B88002B53
:10D7D00009D10F4B1B88012B05D10D4A4FF4F221C3
:10D7E0000748FFF705FD044801F0B6FA00BF09B08D
:10D7F0005DF804FBB43A00200C3E00205C380020A9
:10D80000982A002078390020603800207C390020D8
:10D81000943A002000B585B000230393424B029355
:10D82000FFF776FEFEF77CFDFFF700F9FFF78CFEB1
:10D83000FFF718F8FEF78AFDFFF782F8FEF72AFED9
:10D84000FFF7AAF8FEF796FE384800F051F938487D
:10D850000AF0E8FF36480BF00FF80346354AA2FB02
:10D8600003121209322101FB02F29B1A039305E015
:10D870000120FEF71CFC039B013B0393039B002B41
:10D88000F6D12D4A2D4BD31ADB081B0443F00303BA
:10D890002B491846F9F766FA00F040F9294A0121A8
:10D8A00029480CF0E3FE294B002240F2666118463D
:10D8B0000CF00CFF002202992548FBF7A7FB019012
:10D8C000019B0093009B002B05D0224A40F2C651D9
:10D8D0000098F9F70FFFAC2200211F480DF0E6F881
:10D8E000AC2200211D480DF0E1F81D4B00221A70FA
:10D8F0001C4A1D491648FFF7FBF91C491448FFF75D
:10D90000BBF94FF489721A491A480DF0A6F8174B63
:10D910001A79184B83F81021164800F03FFFFFF7E3
:10D92000C5FEFFF727FEFAE7FCC1030095C202001F
:10D93000A03A00201F85EB51C0B2030088B203005B
:10D94000C0C8030085D50200E8C803003C380020A9
:10D95000982A0020C8C70300B43A0020603B00208A
:10D96000083E0020783900205C380020943A0020DE
:10D97000603800200C3E002000B583B0019000917B
:10D9800001980BF073FD00BF03B05DF804FB84B099
:10D9900003900291019200BF04B0704730B589B086
:10D9A00009F01AFD0790079B002B0CD000238DF87F
:10D9B0000430079B02AC1D460FCD0FC42B682360BB
:10D9C000079809F02DFD09F04BFD0346002B14BF0D
:10D9D00001230023DBB283F00103DBB203F0010378
:10D9E000DBB2184609B030BD00B585B0019000919A
:10D9F000019B1B7D03F00F03DBB2022B39D1002307
:10DA0000039333E0019A039B13441D331B78172BB8
:10DA100023D1039B0133019A13445B7FFF2B1CD15D
:10DA2000039B0233019A13445B7FFB2B15D1039BAD
:10DA30000333019A13445B7FCD2B0ED10F4B1B6830
:10DA4000002B0AD00D4B1B68019A02F11D01039AAD
:10DA500004320A44142110469847019A039B134448
:10DA60001D331B780133039A13440393039B0A2B42
:10DA7000C8DD00BF05B05DF804FB00BFC440002056
:10DA800008B5044B1B78002B01D109F07DFC012364
:10DA9000184608BDC040002000B583B0104B1B687D
:10DAA00000930BF04DFA062009F0B4FF9DF8033007
:10DAB00018460AF01BFA019001980BF0C3FD08F01C
:10DAC00075FA084809F00EFC07F0A2FE064809F0B6
:10DAD000EFFF0346054A136000BF03B05DF804FB87
:10DAE000F8C803009DD9020081DA0200BC40002082
:10DAF00000B583B00190074A04214FF4C0400AF0FA
:10DB000071FAFFF7C9FF044A019B136000BF03B01D
:10DB10005DF804FBA97F0300C440002008B509F0AC
:10DB2000AFFF08F069FA0A4809F014FC4FF480735B
:10DB3000084A0949094807F073FE084807F0CCFE77
:10DB4000074B1B68184609F0E5FF00BF08BD00BF82
:10DB5000E9D90200203F00208FD902002040002098
:10DB6000BC40002000B585B001900B46ADF80230F6
:10DB7000BDF8023005331946194807F0D6FE039068
:10DB8000039B002B27D0039B11330293BDF8023077
:10DB9000DBB20333DAB2029B1A70029BFF225A7087
:10DBA000029BFB229A70029BCD22DA70029B043307
:10DBB000BDF80220019918460CF04FFF039B01228B
:10DBC0001A710421064807F04BFF0399044807F037
:10DBD000F8FE002300E00123184605B05DF804FBC1
:10DBE0002040002010B58CB00446084611461A4665
:10DBF0002346ADF80E300346ADF80C300B468DF8D9
:10DC00000B301346ADF8083000238DF82B3001237C
:10DC10000B930023049305AB00221A605A609A60AC
:10DC2000DA6000230993BDF80830803B0A2B00F22C
:10DC30002D8201A252F823F065DC02008DE0020083
:10DC4000F3DC02008DE002006DDD02008DE00200D9
:10DC500017DE02008DE00200A5DE02008DE002006A
:10DC6000A7DF02009DF83830082B3FD1109B0A3304
:10DC700008220F9918460CF0F0FE00230993099B27
:10DC80005A1C09920CAA1344002203F8202C099B69
:10DC90005A1C09920CAA1344812203F8202C099BD8
:10DCA0005A1C09920CAA1344012203F8202C099B48
:10DCB0005A1C09920CAA1344002203F8202C109B32
:10DCC0000A3301220821184601F062FB099BDBB2EE
:10DCD0009DF80B10BDF80E00019304AB00930023D8
:10DCE000002201F0EFF900230B93D0E102230B9304
:10DCF000CDE19DF83830002B35D100230993099BE5
:10DD00005A1C09920CAA1344002203F8202C099BE8
:10DD10005A1C09920CAA1344832203F8202C099B55
:10DD20005A1C09920CAA1344082203F8202C099BC0
:10DD300004AAD018109B0A33082219460CF08DFE55
:10DD4000099B08330993099BDBB29DF80B10BDF8C2
:10DD50000E00019304AB00930023002201F0B2F9FE
:10DD600000230B9393E102230B9390E19DF838304D
:10DD7000022B4DD10F9B1B789AB2109B5A80109B9F
:10DD80005B881B029AB2109B5A80109B5A880F9B8B
:10DD900001331B789BB213439AB2109B5A80002325
:10DDA0000993099B5A1C09920CAA1344002203F8F8
:10DDB000202C099B5A1C09920CAA1344852203F8B3
:10DDC000202C099B5A1C09920CAA1344012203F827
:10DDD000202C099B5A1C09920CAA1344002203F818
:10DDE000202C109B023301220221184601F0D0FAA8
:10DDF000099BDBB29DF80B10BDF80E00019304AB3C
:10DE000000930023002201F05DF900230B933EE113
:10DE100002230B933BE19DF83830002B3FD10023C8
:10DE20000993099B5A1C09920CAA1344002203F877
:10DE3000202C099B5A1C09920CAA1344872203F830
:10DE4000202C099B5A1C09920CAA1344022203F8A5
:10DE5000202C109B5B881B0A99B2099B5A1C0992C3
:10DE6000CAB20CA90B4403F8202C109B5988099BBB
:10DE70005A1C0992CAB20CA90B4403F8202C099B26
:10DE8000DBB29DF80B10BDF80E00019304AB0093BC
:10DE90000023002201F016F900230B93F7E0022380
:10DEA0000B93F4E09DF83830062B79D10F9B1B784B
:10DEB0009AB2109B9A80109B9B881B029AB2109B6F
:10DEC0009A80109B9A880F9B01331B789BB2134357
:10DED0009AB2109B9A800F9B02331B789AB2109BC8
:10DEE000DA80109BDB881B029AB2109BDA80109BB1
:10DEF000DA880F9B03331B789BB213439AB2109BB3
:10DF0000DA800F9B04331B789AB2109B1A81109B06
:10DF10001B891B029AB2109B1A81109B1A890F9BB6
:10DF200005331B789BB213439AB2109B1A810023CE
:10DF30000993099B5A1C09920CAA1344002203F866
:10DF4000202C099B5A1C09920CAA1344892203F81D
:10DF5000202C099B5A1C09920CAA1344012203F895
:10DF6000202C099B5A1C09920CAA1344002203F886
:10DF7000202C109B043301220621184601F008FAD8
:10DF8000099BDBB29DF80B10BDF80E00019304ABAA
:10DF900000930023002201F095F800230B9376E014
:10DFA00002230B9373E09DF83830002B6BD10023D4
:10DFB0000993099B5A1C09920CAA1344002203F8E6
:10DFC000202C099B5A1C09920CAA13448B2203F89B
:10DFD000202C099B5A1C09920CAA1344062203F810
:10DFE000202C109B9B881B0A99B2099B5A1C0992F2
:10DFF000CAB20CA90B4403F8202C109B9988099BEA
:10E000005A1C0992CAB20CA90B4403F8202C109B8D
:10E01000DB881B0A99B2099B5A1C0992CAB20CA947
:10E020000B4403F8202C109BD988099B5A1C099299
:10E03000CAB20CA90B4403F8202C109B1B891B0AA5
:10E0400099B2099B5A1C0992CAB20CA90B4403F855
:10E05000202C109B1989099B5A1C0992CAB20CA941
:10E060000B4403F8202C099BDBB29DF80B10BDF884
:10E070000E00019304AB00930023002201F022F86C
:10E0800000230B9303E002230B9300E000BF0B9BE4
:10E0900018460CB010BD00BF10B584B00346009206
:10E0A0008DF807300B468DF8063000230393009B54
:10E0B0001B8845F65A22934201D001232CE000230D
:10E0C000039325E0009A039B2C2101FB03F31344E7
:10E0D00012331B8845F65A22934216D1009A039BAD
:10E0E0002C2101FB03F3134414331C88039B2C22C3
:10E0F00002FB03F31033009A134402339DF8061019
:10E100009DF80700224600F0FDFE039B01330393B8
:10E11000039B002BD6DD0023184604B010BD30B59C
:10E1200091B00446084611461A462346ADF816300B
:10E130000346ADF814300B468DF8133013468DF8B6
:10E14000123000230C9300230F9300238DF83B30F3
:10E150000023089309AB00221A605A600C2307932E
:10E16000159B1B8845F65A22934201D002239BE05F
:10E1700000230D930FE0159A0D9B5B0013449B88C1
:10E18000BDF814209A4203D101238DF83B3005E0FD
:10E190000D9B01330D930D9B022BECDD9DF83B3065
:10E1A000002B10D1BDF814304FF6F072934204D01A
:10E1B000BDF81430B3F5504F03D101238DF83B3037
:10E1C00001E0012370E09DF81230002B0BD0159B6D
:10E1D00003F10A0008AA07AB009313460C22149916
:10E1E00002F006FC05E008AB0C22149918460CF06E
:10E1F00034FC9DF82030ADF82E30BDF82E301B02D7
:10E200001AB29DF821301BB213431BB2ADF82E3069
:10E210009DF822308DF82D3008AB0333BDF82E5019
:10E220009DF81340BDF81410BDF81600159A02921F
:10E2300001939DF82D3000932B462246FFF7D2FC28
:10E240000C900C9B012B2ED100230F9328E0159AE4
:10E250000F9B2C2101FB03F3134412331B8845F65B
:10E260005A22934219D1159A0F9B2C2101FB03F3DB
:10E27000134414331C880F9B2C2202FB03F310332E
:10E28000159A1344023308AA9DF81310BDF816001E
:10E2900000931346224600F077FE0F9B01330F9345
:10E2A0000F9B002BD3DD0023184611B030BD00B505
:10E2B00085B0034600918DF8073000230393009B3F
:10E2C0001B8845F65A2293422AD10023039323E068
:10E2D000009A039B2C2101FB03F3134412331B8888
:10E2E00045F65A22934214D1009A039B2C2101FB3C
:10E2F00003F3134414331988039B2C2202FB03F30A
:10E300001033009A13449A1C9DF80730184600F009
:10E310007DFE039B01330393039B002BD8DD00E0BC
:10E3200000BF05B05DF804FB10B58CB0044608468C
:10E3300011461A462346ADF80E300346ADF80C30B0
:10E340000B46ADF80A3013468DF8093000238DF8DE
:10E350002B304FF6FF73ADF8283001230B930023C9
:10E36000049305AB00221A605A609A60DA600023B9
:10E370000993BDF80C304FF6F072934207D0BDF808
:10E380000C304FF6FF72934201D0022303E2BDF836
:10E390000A300B2B00F2FD8101A252F823F000BFDE
:10E3A000D1E3020093E70200EFE4020093E70200EA
:10E3B0007BE5020093E7020007E6020093E7020014
:10E3C0007FE6020093E702001FE7020071E7020008
:10E3D0009DF80930022B40F087800E9B1B78ADF82A
:10E3E0002830BDF828301B02ADF828300E9B0133D1
:10E3F0001B789AB2BDF828301343ADF82830BDF829
:10E400002830002B3FD0BDF82830EF2B3BD80F9B96
:10E41000BDF828205A8200230993099B5A1C0992AF
:10E420000CAA1344002203F8202C099B5A1C0992C1
:10E430000CAA1344012203F8202C099B5A1C0992B0
:10E440000CAA1344012203F8202C099B5A1C0992A0
:10E450000CAA1344002203F8202C0F9B1233012234
:10E460000221184600F094FF099BDBB2BDF80E00B4
:10E47000019304AB009300230022FF2100F022FE51
:10E4800000230B9386E100230993099B5A1C0992F0
:10E490000CAA1344002203F8202C099B5A1C099251
:10E4A0000CAA1344012203F8202C099B5A1C099240
:10E4B0000CAA1344012203F8202C099B5A1C099230
:10E4C0000CAA1344012203F8202C099BDBB2BDF8EF
:10E4D0000E00019304AB009300230022FF2100F003
:10E4E000F1FD02230B9355E102230B9352E19DF8BA
:10E4F0000930002B3ED100230993099B5A1C099235
:10E500000CAA1344002203F8202C099B5A1C0992E0
:10E510000CAA1344032203F8202C099B5A1C0992CD
:10E520000CAA1344022203F8202C0F9B5B8A1B0ABF
:10E5300099B2099B5A1C0992CAB20CA90B4403F860
:10E54000202C0F9B598A099B5A1C0992CAB20CA90C
:10E550000B4403F8202C099BDBB2BDF80E0001939D
:10E5600004AB009300230022FF2100F0ABFD002349
:10E570000B930FE102230B930CE19DF80930082B5C
:10E580003ED10F9B093308220E9918460CF065FA0C
:10E5900000230993099B5A1C09920CAA13440022D8
:10E5A00003F8202C099B5A1C09920CAA134405223B
:10E5B00003F8202C099B5A1C09920CAA134401222F
:10E5C00003F8202C099B5A1C09920CAA1344002220
:10E5D00003F8202C0F9B093301220821184600F074
:10E5E000D7FE099BDBB2BDF80E00019304AB00938C
:10E5F00000230022FF2100F065FD00230B93C9E0FA
:10E6000002230B93C6E09DF80930002B34D1002380
:10E610000993099B5A1C09920CAA1344002203F87F
:10E62000202C099B5A1C09920CAA1344072203F8B8
:10E63000202C099B5A1C09920CAA1344082203F8A7
:10E64000202C099B04AAD0180F9B093308221946D5
:10E650000CF003FA099B08330993099BDBB2BDF860
:10E660000E00019304AB009300230022FF2100F071
:10E6700029FD00230B938DE002230B938AE09DF884
:10E680000930002B48D100230993099B5A1C099299
:10E690000CAA1344002203F8202C099B5A1C09924F
:10E6A0000CAA1344092203F8202C099B5A1C099236
:10E6B0000CAA1344042203F8202C099B5A1C09922B
:10E6C0000CAA1344002203F8202C099B5A1C09921F
:10E6D0000CAA1344012203F8202C099B5A1C09920E
:10E6E0000CAA1344002203F8202C099B5A1C0992FF
:10E6F0000CAA1344002203F8202C099BDBB2BDF8BE
:10E700000E00019304AB009300230022FF2100F0D0
:10E71000D9FC00230B933DE002230B933AE09DF8D4
:10E720000930012B21D10E9B1B78002B0AD10F9BA6
:10E7300000221A720F9B083301220121184600F0B3
:10E7400027FE0DE00E9B1B78012B09D10F9B0122A8
:10E750001A720F9B083301220121184600F018FE9F
:10E7600000F04AFE00230B9314E002230B9311E008
:10E770009DF80930002B03D09DF80930062B05D1F8
:10E78000FEF716FE00230B9300BF03E002230B935A
:10E7900000E000BF0B9B18460CB010BD00B585B063
:10E7A000019000238DF80F3000238DF80E30F022F9
:10E7B000FF2131480CF07AF9019B1B8845F65A225B
:10E7C00093421DD0019B45F65A221A80019800F011
:10E7D000F9FA019B45F65A22A3F80E21019B1B7AF8
:10E7E0008DF80E309DF80E30234A0199184600F03E
:10E7F00049FC01224FF48971019800F0C9FD0AE03B
:10E80000019B1B7A8DF80E309DF80E301A4A019943
:10E81000184600F037FC00238DF80F3023E09DF8F8
:10E820000F20019913465B019B1A5B000B441433C4
:10E830001B8845F65A22934210D19DF80F201346AB
:10E840005B019B1A5B001033019A13441A1D9DF85B
:10E850000F109DF80E301846FFF71EFC9DF80F3084
:10E8600001338DF80F309DF80F30032BD7D90023DB
:10E87000184605B05DF804FB1C2B002030B593B0A2
:10E880000390029100238DF83B3000238DF83A303D
:10E8900000238DF8473000238DF8463001238DF892
:10E8A000453000230D9300230C93FF23ADF82E3049
:10E8B000FF23ADF842300023059306AB00221A6017
:10E8C0005A609A60DA6014230493039B1B788DF8D6
:10E8D0003A30039B5B788DF847309DF8473003F062
:10E8E0000F038DF846309DF847301B098DF84730EF
:10E8F0009DF83A30DB2B08D19DF8463003F0020337
:10E90000002B02D100238DF845309DF84530002BB7
:10E9100029D0029B03F1090005AA04AB009313461A
:10E920001422039902F064F89DF814308DF83A30FF
:10E930009DF815308DF847309DF8473003F00F03F0
:10E940008DF846309DF847301B098DF847309DF80B
:10E950003A30DB2B05D19DF8463003F00203002B43
:10E9600007D10123EEE005AB1422039918460CF001
:10E9700074F89DF847300A2B01D90123E2E09DF895
:10E980001730ADF82E30BDF82E301B021AB29DF8AC
:10E9900018301BB213431BB2ADF82E30BDF82E3029
:10E9A000EF2B01D90123CDE09DF81930ADF84230AD
:10E9B000BDF842301B021AB29DF81A301BB2134345
:10E9C0001BB2ADF842309DF816300C93BDF82E30D6
:10E9D0005E4AD35C0D930D9BFF2B06D1BDF82E3004
:10E9E0009DF81610594AD15418E00D9BEF2B09DD04
:10E9F0000C9B0F2B06DCBDF82E309DF81610534AE9
:10EA0000D1540BE00D9A0C9B9A4201DB022399E052
:10EA1000BDF82E309DF816104C4AD154029B5B8AEB
:10EA2000BDF842209A4203D14FF6F073ADF8423060
:10EA30009DF81B308DF83B309DF83B30FF2B24D1E7
:10EA40009DF81C30ADF82C30BDF82C301B021AB2EA
:10EA50009DF81D301BB213431BB2ADF82C309DF84E
:10EA60001E308DF82B3005AB0B339DF82B50BDF8C5
:10EA70002C40BDF84210BDF82E00029A019200937E
:10EA80002B462246FFF750FC5CE09DF83B30032B01
:10EA90002CD89DF83B20029913465B019B1A5B0022
:10EAA0000B4414331B8845F65A2293421ED19DF81D
:10EAB000463003F00103DDB205AA08329DF83B1091
:10EAC0000B465B015B1A5B00103302990B44043365
:10EAD0009DF83B40BDF84210BDF82E000193009216
:10EAE0002B462246FFF71BFB03462BE09DF83B30ED
:10EAF000FE2B26D100230F931EE00F9BDCB29DF866
:10EB0000463003F00103DDB205AA08320F990B4627
:10EB10005B015B1A5B00103302990B440433BDF8B0
:10EB20004210BDF82E00019300922B462246FFF7BB
:10EB3000F6FA0F9B01330F930F9B032BDDDD0023B0
:10EB400000E00123184613B030BD00BF1C2B00208D
:10EB500000B5A7B005900491039200238DF88F3083
:10EB600000238DF88E3000238DF8973000238DF828
:10EB7000963001238DF895300023229300232193B2
:10EB8000FF23ADF8823000231B931CAB00221A60D8
:10EB90005A609A60DA600023079308AB4C22002188
:10EBA00018460BF083FF14230693059B1B788DF802
:10EBB0008E30059B5B788DF897309DF8973003F089
:10EBC0000F038DF896309DF897301B098DF897301C
:10EBD0009DF88E30DB2B08D19DF8963003F00203B0
:10EBE000002B02D100238DF895309DF89530002B35
:10EBF00029D0049B03F109001BAA06AB009313461E
:10EC00001422059901F0F4FE9DF86C308DF88E30D9
:10EC10009DF86D308DF897309DF8973003F00F0315
:10EC20008DF896309DF897301B098DF897309DF838
:10EC30008E30DB2B05D19DF8963003F00203002BBC
:10EC400007D101237EE01BAB1422059918460BF077
:10EC500004FF9DF897300A2B01D9012372E09DF83B
:10EC60006F30ADF88230BDF882301B021AB29DF8C9
:10EC700070301BB213431BB2ADF88230BDF8823046
:10EC8000EF2B01D901235DE09DF86E302193BDF893
:10EC900082302E4AD35C2293049B5B8ABDF882208B
:10ECA0009A4201D102234DE0229BFF2B0BD0229BE5
:10ECB000EF2B02DD219B0F2B05DD229A219B9A422F
:10ECC00001DB02233EE09DF8963023F002038DF82D
:10ECD00096309DF897301B018DF897309DF897205E
:10ECE0009DF8963013438DF897309DF897308DF846
:10ECF0006D301BAB1422194603980BF0AEFE07AB28
:10ED0000134918460BF083FE0023249312E007AB4F
:10ED100018460BF020FF03461A4607AB9818249BB1
:10ED2000039A13441B781A460A490BF070FE249B81
:10ED300001332493249B132BE9DD07AB1846FEF720
:10ED400071FB0023184627B05DF804FB1C2B002044
:10ED5000FCC8030004C9030000B585B0019000237E
:10ED60008DF80F3000238DF80F3022E09DF80F2032
:10ED7000019913465B019B1A5B000B4414331B88FB
:10ED800045F65A2293420FD19DF80F2013465B019E
:10ED90009B1A5B001033019A13441A1D9DF80F3023
:10EDA00011461846FFF783FA9DF80F3001338DF8AE
:10EDB0000F309DF80F30032BD8D900BF05B05DF898
:10EDC00004FB000000B587B0019000230593019B70
:10EDD000002283F81021019B00221A72019BFF225E
:10EDE0005A82019B09330822444918460BF035FE2C
:10EDF0000023059377E00199059A13465B019B1A5E
:10EE00005B000B44143345F65A221A800199059A87
:10EE100013465B019B1A5B000B4416334FF6FF72DF
:10EE20001A80059A13465B019B1A5B001833019AFE
:10EE3000134406330822324918460BF00EFE002315
:10EE400004930FE00199059A13465B019B1A049AFB
:10EE5000134408335B000B444FF6FF721A81049B86
:10EE600001330493049B022BECDD0023039334E075
:10EE70000199039B059A2C2000FB03F013465B01CC
:10EE80009B1A5B0003440B44263345F65A221A8032
:10EE90000199039B059A2C2000FB03F013465B01AC
:10EEA0009B1A5B0003440B44283300221A80039B07
:10EEB0002C2202FB03F1059A13465B019B1A5B00AF
:10EEC0000B442033019A13440A332822FF211846A9
:10EED0000BF0ECFD039B01330393039B002BC7DD79
:10EEE000059B01330593059B032B84DD019B0022C9
:10EEF0001A850023184607B05DF804FB0CC903000F
:10EF000014C9030000B585B0009303468DF807309F
:10EF10000B468DF806301346ADF8043000230393FA
:10EF2000184A039B1B0113441B88022B21D0154A4E
:10EF3000039B1B0113441B88BDF804209A4214D183
:10EF4000104A039B1B01134404331B68002B12D08F
:10EF50000C4A039B1B01134404331B689DF80610E5
:10EF60009DF80700009A984705E0039B013303933F
:10EF7000D6E700BF00E000BF0023184605B05DF8EB
:10EF800004FB00BF1CC9030010B586B00193034603
:10EF9000ADF80E300B468DF80D301346ADF80A3043
:10EFA00000230593184A059B1B0113441B88022B61
:10EFB00022D0154A059B1B0113441B88BDF80A206B
:10EFC0009A4215D1104A059B1B01134408331B6854
:10EFD000002B13D00C4A059B1B01134408331C68FB
:10EFE0009DF80D10BDF80E00089B019AA04705E0A2
:10EFF000059B01330593D5E700BF00E000BF002368
:10F00000184606B010BD00BF1CC9030000B585B08E
:10F01000034600928DF807300B46ADF8043000230C
:10F020000393174A039B1B0113441B88022B20D018
:10F03000134A039B1B0113441B88BDF804209A420A
:10F0400013D10F4A039B1B0113440C331B68002B85
:10F0500011D00B4A039B1B0113440C331B689DF812
:10F06000072000991046984705E0039B013303935E
:10F07000D7E700BF00E000BF00BF05B05DF804FBAC
:10F080001CC9030000B585B00346029101928DF8BA
:10F090000F300A4A029B1360094A019B13609DF8D6
:10F0A0000F30012B02D1FEF7B1F901E0FEF79AF91A
:10F0B0000023184605B05DF804FB00BFC8400020DF
:10F0C000CC40002010B5A4B00446084611461A46AC
:10F0D0002346ADF8063003468DF805300B468DF813
:10F0E000043013468DF8033000231B931CAB002221
:10F0F0001A605A609A60DA600023169317AB0022F8
:10F100001A605A609A60DA600023029303AB4C22C3
:10F11000002118460BF0CAFC00238DF88730BDF89B
:10F120000630ADF88E30002320939DF89C300C2BD8
:10F1300003D89DF803300A2B01D90123ACE0BDF8B8
:10F1400006304FF6FF7293420CD1554B19689DF86B
:10F15000052013465B019B1A5B000B4416331B888A
:10F16000ADF88E301BAB08339DF89C2026991846CD
:10F170000BF073FC9DF80530FF2B0DD09DF805308A
:10F18000FE2B09D09DF80530032B05D89DF80520EE
:10F1900013465B019B1A5B00DB238DF86C309DF8F6
:10F1A00003301B015AB29DF9873013435BB2DBB2C7
:10F1B0008DF86D303A4B1B6893F810315A1C394B5F
:10F1C00083FB02131344D911D317C91A0B461B0230
:10F1D0005B1AD11A324B1B68CAB283F81021304B2C
:10F1E0001B6893F810311846FEF7CEF82C4B1B68BD
:10F1F00093F810318DF86E30294B1B685B8A1B0A1F
:10F200009BB2DBB28DF86F30254B1B685B8ADBB29B
:10F210008DF87030BDF88E301B0A9BB2DBB28DF8D2
:10F220007130BDF88E30DBB28DF872309DF804304D
:10F230008DF87330142320931BA916AB209A18461F
:10F240000BF00BFC02AB184918460BF0E0FB002357
:10F25000229312E002AB18460BF07DFC03461A46DF
:10F2600002AB981816AA229B13441B781A460F4922
:10F270000BF0CDFB229B01332293229B132BE9DD64
:10F2800002AB1846FEF7CEF8209BD9B216AB00228F
:10F290001846FEF7EBF80023184624B010BD00BF57
:10F2A000C8400020818080803CC9030044C903001D
:10F2B00000B591B0039000230A930BAB00221A60B3
:10F2C0005A609A60DA600023059306AB00221A6048
:10F2D0005A609A60DA6000238DF83F3000238DF881
:10F2E0003E30002304930AAB1422039918460BF016
:10F2F000B4FB9DF829308DF83F309DF83F301B0955
:10F300008DF83E309DF83E30002B01D1012339E0CD
:10F310009DF83E30013B8DF83E309DF83F3003F0C4
:10F320000F038DF83F309DF83E301B015AB29DF916
:10F330003F3013435BB28DF83F309DF83F3043F0D0
:10F3400002038DF83F309DF83F308DF829301423AB
:10F3500004930E4B1B6803F1090005AA0AA904AB2C
:10F3600000931346142201F0BFFA05A90AAB142238
:10F3700018460BF072FB0AAB012214211846FEF767
:10F3800075F80023184611B05DF804FBC840002052
:10F3900000B587B00390029113468DF80730154BE6
:10F3A0001B680593134B1B68002B02D0039B002B9B
:10F3B00001D101231AE00F4B1B68039A9A4208D32C
:10F3C000029B039A1A440B4B1B6803F589739A42FC
:10F3D00001D901230AE0074B1868039A059BD11A4B
:10F3E0009DF80730029AFDF767FE0346184607B0FE
:10F3F0005DF804FBC840002008B5FEF731F800BFF7
:10F4000008BD82B001900091019B01331B7823F06D
:10F410007F03DAB2009B1A70009B1B785AB2019BE3
:10F4200002331B785B08DBB25BB203F040035BB2D4
:10F4300013435BB2DAB2009B1A70009B1B785AB27E
:10F44000019B03331B789B08DBB25BB203F0200304
:10F450005BB213435BB2DAB2009B1A70009B1B785D
:10F460005AB2019B04331B78DB08DBB25BB203F0BA
:10F4700010035BB213435BB2DAB2009B1A70009BBD
:10F480001B785AB2019B05331B781B09DBB25BB2B8
:10F4900003F008035BB213435BB2DAB2009B1A704D
:10F4A000009B1B785AB2019B06331B785B09DBB2C9
:10F4B0005BB203F004035BB213435BB2DAB2009BAE
:10F4C0001A70009B1B785AB2019B07331B789B096B
:10F4D000DBB25BB203F002035BB213435BB2DAB29E
:10F4E000009B1A70009B1B785AB2019B1B78DB09AA
:10F4F000DBB25BB213435BB2DAB2009B1A70019BC2
:10F5000001331B785B00DAB2009B013322F07F02EB
:10F51000D2B21A70009B01331B785AB2019B02339E
:10F520001B785BB203F040035BB213435AB2009BFB
:10F530000133D2B21A70009B01331B785AB2019B7F
:10F5400003331B785B08DBB25BB203F020035BB2D2
:10F5500013435AB2009B0133D2B21A70009B01339D
:10F560001B785AB2019B04331B789B08DBB25BB259
:10F5700003F010035BB213435AB2009B0133D2B2C3
:10F580001A70009B01331B785AB2019B05331B781C
:10F59000DB08DBB25BB203F008035BB213435AB281
:10F5A000009B0133D2B21A70009B01331B785AB210
:10F5B000019B06331B781B09DBB25BB203F004032B
:10F5C0005BB213435AB2009B0133D2B21A70009B54
:10F5D00001331B785AB2019B07331B785B09DBB2FE
:10F5E0005BB203F002035BB213435AB2009B0133D8
:10F5F000D2B21A70009B01331B785AB2019B1B7860
:10F600009B09DBB25BB203F001035BB213435AB256
:10F61000009B0133D2B21A70019B01331B789B000F
:10F62000DAB2009B023322F07F02D2B21A70009B42
:10F6300002331B785AB2019B02331B785B005BB22A
:10F6400003F040035BB213435AB2009B0233D2B2C1
:10F650001A70009B02331B785AB2019B03331B784C
:10F660005BB203F020035BB213435AB2009B023338
:10F67000D2B21A70009B02331B785AB2019B04333A
:10F680001B785B08DBB25BB203F010035BB2134381
:10F690005AB2009B0233D2B21A70009B02331B781D
:10F6A0005AB2019B05331B789B08DBB25BB203F0B7
:10F6B00008035BB213435AB2009B0233D2B21A70F2
:10F6C000009B02331B785AB2019B06331B78DB0880
:10F6D000DBB25BB203F004035BB213435AB2009B8C
:10F6E0000233D2B21A70009B02331B785AB2019BCC
:10F6F00007331B781B09DBB25BB203F002035BB27A
:10F7000013435AB2009B0233D2B21A70009B0233E9
:10F710001B785AB2019B1B785B09DBB25BB203F02A
:10F7200001035BB213435AB2009B0233D2B21A7088
:10F73000019B01331B78DB00DAB2009B033322F01C
:10F740007F02D2B21A70009B03331B785AB2019B1E
:10F7500002331B789B005BB203F040035BB21343A0
:10F760005AB2009B0333D2B21A70009B03331B784A
:10F770005AB2019B03331B785B005BB203F020039A
:10F780005BB213435AB2009B0333D2B21A70009B90
:10F7900003331B785AB2019B04331B785BB203F02E
:10F7A00010035BB213435AB2009B0333D2B21A70F8
:10F7B000009B03331B785AB2019B05331B785B080F
:10F7C000DBB25BB203F008035BB213435AB2009B97
:10F7D0000333D2B21A70009B03331B785AB2019BD9
:10F7E00006331B789B08DBB25BB203F004035BB209
:10F7F00013435AB2009B0333D2B21A70009B0333F7
:10F800001B785AB2019B07331B78DB08DBB25BB273
:10F8100003F002035BB213435AB2009B0333D2B22C
:10F820001A70009B03331B785AB2019B1B781B098B
:10F83000DBB25BB203F001035BB213435AB2009B2D
:10F840000333D2B21A70019B01331B781B01DAB269
:10F85000009B043322F07F02D2B21A70009B043363
:10F860001B785AB2019B02331B78DB005BB203F0BA
:10F8700040035BB213435AB2009B0433D2B21A70F6
:10F88000009B04331B785AB2019B03331B789B0007
:10F890005BB203F020035BB213435AB2009B043304
:10F8A000D2B21A70009B04331B785AB2019B043306
:10F8B0001B785B005BB203F010035BB213435AB2D8
:10F8C000009B0433D2B21A70009B04331B785AB2E7
:10F8D000019B05331B785BB203F008035BB2134353
:10F8E0005AB2009B0433D2B21A70009B04331B78C7
:10F8F0005AB2019B06331B785B08DBB25BB203F0A4
:10F9000004035BB213435AB2009B0433D2B21A70A1
:10F91000009B04331B785AB2019B07331B789B086A
:10F92000DBB25BB203F002035BB213435AB2009B3B
:10F930000433D2B21A70009B04331B785AB2019B75
:10F940001B78DB08DBB25BB203F001035BB213434D
:10F950005AB2009B0433D2B21A70019B01331B7858
:10F960005B01DAB2009B053322F07F02D2B21A703B
:10F97000009B05331B785AB2019B02331B781B0195
:10F980005BB203F040035BB213435AB2009B0533F2
:10F99000D2B21A70009B05331B785AB2019B033315
:10F9A0001B78DB005BB203F020035BB213435AB257
:10F9B000009B0533D2B21A70009B05331B785AB2F4
:10F9C000019B04331B789B005BB203F010035BB216
:10F9D00013435AB2009B0533D2B21A70009B053311
:10F9E0001B785AB2019B05331B785B005BB203F0B6
:10F9F00008035BB213435AB2009B0533D2B21A70AC
:10FA0000009B05331B785AB2019B06331B785BB20F
:10FA100003F004035BB213435AB2009B0533D2B226
:10FA20001A70009B05331B785AB2019B07331B7871
:10FA30005B08DBB25BB203F002035BB213435AB262
:10FA4000009B0533D2B21A70009B05331B785AB263
:10FA5000019B1B789B08DBB25BB203F001035BB236
:10FA600013435AB2009B0533D2B21A70019B013383
:10FA70001B789B01DAB2009B063322F07F02D2B2E0
:10FA80001A70009B06331B785AB2019B02331B7815
:10FA90005B015BB203F040035BB213435AB2009BBD
:10FAA0000633D2B21A70009B06331B785AB2019B00
:10FAB00003331B781B015BB203F020035BB21343DB
:10FAC0005AB2009B0633D2B21A70009B06331B78E1
:10FAD0005AB2019B04331B78DB005BB203F01003C6
:10FAE0005BB213435AB2009B0633D2B21A70009B2A
:10FAF00006331B785AB2019B05331B789B005BB21F
:10FB000003F008035BB213435AB2009B0633D2B230
:10FB10001A70009B06331B785AB2019B06331B7880
:10FB20005B005BB203F004035BB213435AB2009B69
:10FB30000633D2B21A70009B06331B785AB2019B6F
:10FB400007331B785BB203F002035BB213435AB274
:10FB5000009B0633D2B21A70009B06331B785AB250
:10FB6000019B1B785B08DBB25BB203F001035BB265
:10FB700013435AB2009B0633D2B21A70019B013371
:10FB80001B78DA01009B0733D2B21A70009B07334F
:10FB90001B785AB2019B02331B789B015BB203F0C6
:10FBA00040035BB213435AB2009B0733D2B21A70C0
:10FBB000009B07331B785AB2019B03331B785B0110
:10FBC0005BB203F020035BB213435AB2009B0733CE
:10FBD000D2B21A70009B07331B785AB2019B0433D0
:10FBE0001B781B015BB203F010035BB213435AB2E4
:10FBF000009B0733D2B21A70009B07331B785AB2AE
:10FC0000019B05331B78DB005BB203F008035BB29A
:10FC100013435AB2009B0733D2B21A70009B0733CA
:10FC20001B785AB2019B06331B789B005BB203F032
:10FC300004035BB213435AB2009B0733D2B21A706B
:10FC4000009B07331B785AB2019B07331B785B007C
:10FC50005BB203F002035BB213435AB2009B07335B
:10FC6000D2B21A70009B07331B785AB2019B1B78E3
:10FC70005BB203F001035BB213435AB2009B07333C
:10FC8000D2B21A700023184602B0704700B585B092
:10FC90000190009100990198FFF7B3FB00230393B3
:10FCA00011E0039BDB001A46009B1A44039B0133BF
:10FCB000DB001946009B0B4419461046FFF7A1FBD9
:10FCC000039B01330393039B062BEADD00231846B5
:10FCD00005B05DF804FB000000B589B00390029107
:10FCE00001920023059300230693039B1A78029B3D
:10FCF0001B785340DAB2019B1A70039B01331978C9
:10FD0000029B01331A78019B01334A40D2B21A7028
:10FD1000039B02331978029B02331A78019B02334A
:10FD20004A40D2B21A70039B03331978029B033303
:10FD30001A78019B03334A40D2B21A70019B1B7898
:10FD40009B015AB2019B01331B789B08DBB25BB26B
:10FD500013435BB2DBB28DF81430019B01331B7887
:10FD60009B015AB2019B02331B789B08DBB25BB24A
:10FD700013435BB2DBB28DF81530019B02331B7865
:10FD80009B015AB2019B03331B789B08DBB25BB229
:10FD900013435BB2DBB28DF81630019B03331B7843
:10FDA0009B015AB2019B1B789B08DBB25BB21343E9
:10FDB0005BB2DBB28DF817309DF814301B09DBB253
:10FDC00003F00F029DF8143003F00F037B4912017A
:10FDD0000A4413441A78019B1A709DF815301B09C8
:10FDE000DBB203F00F019DF8153003F00F02019B09
:10FDF00001337248090101440A4412781A709DF8CF
:10FE000016301B09DBB203F00F019DF8163003F02A
:10FE10000F02019B02336948090101440A44127828
:10FE20001A709DF817301B09DBB203F00F019DF823
:10FE3000173003F00F02019B0333604809010144AE
:10FE40000A4412781A7005AB0422019918460AF088
:10FE500004FE9DF81420029B04331B785340DAB251
:10FE6000019B1A709DF81510029B05331A78019BAF
:10FE700001334A40D2B21A709DF81610029B063325
:10FE80001A78019B02334A40D2B21A709DF81710BB
:10FE9000029B07331A78019B03334A40D2B21A708F
:10FEA000019B1B789B015AB2019B01331B789B0875
:10FEB000DBB25BB213435BB2DBB28DF81430019B53
:10FEC00001331B789B015AB2019B02331B789B08BC
:10FED000DBB25BB213435BB2DBB28DF81530019B32
:10FEE00002331B789B015AB2019B03331B789B089A
:10FEF000DBB25BB213435BB2DBB28DF81630019B11
:10FF000003331B789B015AB2019B1B789B08DBB221
:10FF10005BB213435BB2DBB28DF817309DF814303F
:10FF20001B09DBB203F00F029DF8143003F00F033E
:10FF3000224912010A4413441A78019B1A709DF851
:10FF400015301B09DBB203F00F019DF8153003F0EB
:10FF50000F02019B01331948090101440A44127838
:10FF60001A709DF816301B09DBB203F00F019DF8E3
:10FF7000163003F00F02019B0233104809010144BF
:10FF80000A4412781A709DF817301B09DBB203F08F
:10FF90000F019DF8173003F00F02019B0333074850
:10FFA000090101440A4412781A7005AB0422019930
:10FFB00018460AF052FD0123079380E14CC9030063
:10FFC0009DF81420079BDB001946029B0B441B780D
:10FFD0005340DAB2019B1A709DF81510079BDB00A5
:10FFE0000133029A13441A78019B01334A40D2B27A
:10FFF0001A709DF81610079BDB000233029A134417
:020000023000CC
:100000001A78019B02334A40D2B21A709DF8171039
:10001000079BDB000333029A13441A78019B0333D6
:100020004A40D2B21A70019B1B789B015AB2019BC5
:1000300001331B789B08DBB25BB213435BB2DBB2CC
:100040008DF81430019B01331B789B015AB2019B40
:1000500002331B789B08DBB25BB213435BB2DBB2AB
:100060008DF81530019B02331B789B015AB2019B1E
:1000700003331B789B08DBB25BB213435BB2DBB28A
:100080008DF81630019B03331B789B015AB2019BFC
:100090001B789B08DBB25BB213435BB2DBB28DF81B
:1000A00017309DF814301B09DBB203F00F029DF8E6
:1000B000143003F00F03894912010A4413441A78DB
:1000C000019B1A709DF815301B09DBB203F00F017C
:1000D0009DF8153003F00F02019B01337F480901A1
:1000E00001440A4412781A709DF816301B09DBB2DD
:1000F00003F00F019DF8163003F00F02019B02334D
:100100007648090101440A4412781A709DF81730A4
:100110001B09DBB203F00F019DF8173003F00F024B
:10012000019B03336D48090101440A4412781A7097
:1001300005AB0422019918460AF08FFC9DF81420A3
:10014000079BDB00043302990B441B785340DAB25F
:10015000019B1A709DF81510079BDB000533029A6E
:1001600013441A78019B01334A40D2B21A709DF8A9
:100170001610079BDB000633029A13441A78019B82
:1001800002334A40D2B21A709DF81710079BDB0069
:100190000733029A13441A78019B03334A40D2B2C0
:1001A0001A70019B1B789B015AB2019B01331B788B
:1001B0009B08DBB25BB213435BB2DBB28DF8143049
:1001C000019B01331B789B015AB2019B02331B78C0
:1001D0009B08DBB25BB213435BB2DBB28DF8153028
:1001E000019B02331B789B015AB2019B03331B789E
:1001F0009B08DBB25BB213435BB2DBB28DF8163007
:10020000019B03331B789B015AB2019B1B789B080F
:10021000DBB25BB213435BB2DBB28DF817309DF8F3
:1002200014301B09DBB203F00F029DF8143003F009
:100230000F032A4912010A4413441A78019B1A70C9
:100240009DF815301B09DBB203F00F019DF8153046
:1002500003F00F02019B01332048090101440A44C5
:1002600012781A709DF816301B09DBB203F00F01EB
:100270009DF8163003F00F02019B02331748090165
:1002800001440A4412781A709DF817301B09DBB23A
:1002900003F00F019DF8173003F00F02019B0333A9
:1002A0000E48090101440A4412781A7005AB042271
:1002B000019918460AF0D1FB079B01330793079B6E
:1002C000072B7FF77DAE05AB0422194601980AF093
:1002D000C4FB0023184609B05DF804FB4CC90300B9
:1002E00000B589B003900291019200230593002389
:1002F0000693039B1B781B09DBB203F00F02039BE1
:100300001B7803F00F03B14912010A4413441A7811
:10031000019B1A70039B01331B781B09DBB203F0AE
:100320000F01039B01331B7803F00F02019B013384
:10033000A648090101440A4412781A70039B02334B
:100340001B781B09DBB203F00F01039B02331B7800
:1003500003F00F02019B02339C48090101440A4447
:1003600012781A70039B03331B781B09DBB203F06E
:100370000F01039B03331B7803F00F02019B033330
:100380009248090101440A4412781A70019B033310
:100390001B789B005AB2019B1B789B09DBB25BB2B6
:1003A00013435BB2DBB28DF81430019B1B789B00CA
:1003B0005AB2019B01331B789B09DBB25BB213433A
:1003C0005BB2DBB28DF81530019B01331B789B00CB
:1003D0005AB2019B02331B789B09DBB25BB2134319
:1003E0005BB2DBB28DF81630019B02331B789B00A9
:1003F0005AB2019B03331B789B09DBB25BB21343F8
:100400005BB2DBB28DF817309DF81420029B3C33B1
:100410001B785340DAB2019B1A709DF81510029BAD
:100420003D331A78019B01334A40D2B21A709DF8CD
:100430001610029B3E331A78019B02334A40D2B217
:100440001A709DF81710029B3F331A78019B0333F3
:100450004A40D2B21A7005AB0422019918460AF03C
:10046000FCFA9DF814301B09DBB203F00F029DF873
:10047000143003F00F03554912010A4413441A784B
:10048000019B1A709DF815301B09DBB203F00F01B8
:100490009DF8153003F00F02019B01334B48090111
:1004A00001440A4412781A709DF816301B09DBB219
:1004B00003F00F019DF8163003F00F02019B023389
:1004C0004248090101440A4412781A709DF8173015
:1004D0001B09DBB203F00F019DF8173003F00F0288
:1004E000019B03333948090101440A4412781A7008
:1004F000019B03331B789B005AB2019B1B789B091D
:10050000DBB25BB213435BB2DBB28DF81430019BFC
:100510001B789B005AB2019B01331B789B09DBB20D
:100520005BB213435BB2DBB28DF81530019B013334
:100530001B789B005AB2019B02331B789B09DBB2EC
:100540005BB213435BB2DBB28DF81630019B023312
:100550001B789B005AB2019B03331B789B09DBB2CB
:100560005BB213435BB2DBB28DF817309DF81420F9
:10057000029B38331B785340DAB2019B1A709DF806
:100580001510029B39331A78019B01334A40D2B2CD
:100590001A709DF81610029B3A331A78019B0233A9
:1005A0004A40D2B21A709DF81710029B3B331A785A
:1005B000019B03334A40D2B21A7005AB0422019961
:1005C00018460AF04AFA0623079383E14CCA03004F
:1005D0009DF814301B09DBB203F00F029DF81430B4
:1005E00003F00F03B54912010A4413441A78019B22
:1005F0001A709DF815301B09DBB203F00F019DF84E
:10060000153003F00F02019B0133AC48090101448E
:100610000A4412781A709DF816301B09DBB203F0F9
:100620000F019DF8163003F00F02019B0233A3481F
:10063000090101440A4412781A709DF817301B0909
:10064000DBB203F00F019DF8173003F00F02019B9E
:1006500003339A48090101440A4412781A70019B35
:1006600003331B789B005AB2019B1B789B09DBB2BA
:100670005BB213435BB2DBB28DF81430019B1B7885
:100680009B005AB2019B01331B789B09DBB25BB222
:1006900013435BB2DBB28DF81530019B01331B783D
:1006A0009B005AB2019B02331B789B09DBB25BB201
:1006B00013435BB2DBB28DF81630019B02331B781B
:1006C0009B005AB2019B03331B789B09DBB25BB2E0
:1006D00013435BB2DBB28DF817309DF81420079BF3
:1006E000DB00043302990B441B785340DAB2019BC0
:1006F0001A709DF81510079BDB000533029A13440E
:100700001A78019B01334A40D2B21A709DF8161034
:10071000079BDB000633029A13441A78019B0233CD
:100720004A40D2B21A709DF81710079BDB000733BE
:10073000029A13441A78019B03334A40D2B21A70CA
:1007400005AB0422019918460AF087F99DF8143088
:100750001B09DBB203F00F029DF8143003F00F0306
:10076000564912010A4413441A78019B1A709DF8E5
:1007700015301B09DBB203F00F019DF8153003F0B3
:100780000F02019B01334D48090101440A441278CC
:100790001A709DF816301B09DBB203F00F019DF8AB
:1007A000163003F00F02019B023344480901014453
:1007B0000A4412781A709DF817301B09DBB203F057
:1007C0000F019DF8173003F00F02019B03333B48E4
:1007D000090101440A4412781A70019B03331B7803
:1007E0009B005AB2019B1B789B09DBB25BB213439F
:1007F0005BB2DBB28DF81430019B1B789B005AB2C0
:10080000019B01331B789B09DBB25BB213435BB2E4
:10081000DBB28DF81530019B01331B789B005AB277
:10082000019B02331B789B09DBB25BB213435BB2C3
:10083000DBB28DF81630019B02331B789B005AB255
:10084000019B03331B789B09DBB25BB213435BB2A2
:10085000DBB28DF817309DF81420079BDB0019469A
:10086000029B0B441B785340DAB2019B1A709DF82F
:100870001510079BDB000133029A13441A78019B81
:1008800001334A40D2B21A709DF81610079BDB0064
:100890000233029A13441A78019B02334A40D2B2BF
:1008A0001A709DF81710079BDB000333029A13445C
:1008B0001A78019B03334A40D2B201E04CCA0300CC
:1008C0001A7005AB0422019918460AF0C6F8079B76
:1008D000013B0793079B002BBFF67AAE0023184617
:1008E00009B05DF804FB00BF00B599B00390029118
:1008F0000192009306AB4022002118460AF0D6F878
:10090000002305930023049300231693019B03F017
:100910000303002B04D11A9B1B68019A9A4202DD43
:100920004FF0FF3360E006AB19460398FFF7AEF9CE
:100930000023179350E0179B029A13441A789DF8EE
:1009400014305340DBB28DF81030179B0133029AFC
:1009500013441A789DF815305340DBB28DF81130EE
:10096000179B0233029A13441A789DF816305340AD
:10097000DBB28DF81230179B0333029A13441A78B6
:100980009DF817305340DBB28DF81330179B009A57
:100990001A4406A904AB1846FFF79EF9179B009A64
:1009A00013441B788DF81430179B0133009A1344BD
:1009B0001B788DF81530179B0233009A13441B786F
:1009C0008DF81630179B0333009A13441B788DF86B
:1009D0001730179B04331793179A019B9A42AADB8F
:1009E0001A9B019A1A600023184619B05DF804FB9F
:1009F00000B599B0039002910192009306AB40229A
:100A0000002118460AF052F80023059300230493AE
:100A1000029B1693019B03F00303002B04D11A9B46
:100A20001B68019A9A4202DD4FF0FF3366E006AB85
:100A300019460398FFF72AF90023179350E0179BF4
:100A4000169A134404AA06A91846FFF749FC9DF814
:100A500010109DF81420179B009803444A40D2B20E
:100A60001A709DF811109DF81520179B01330098FE
:100A700003444A40D2B21A709DF812109DF8162015
:100A8000179B0233009803444A40D2B21A709DF873
:100A900013109DF81720179B0333009803444A4016
:100AA000D2B21A70179B169A13441B788DF8143023
:100AB000179B0133169A13441B788DF81530179B3A
:100AC0000233169A13441B788DF81630179B0333A4
:100AD000169A13441B788DF81730179B043317931D
:100AE000179A019B9A42AADB06AB009A1946169800
:100AF000FFF7F6FB1A9B019A1A600023184619B0FB
:100B00005DF804FB00B585B00190019B8DF80F30B6
:100B1000084B1B889BB201339AB2064B1A80064BD6
:100B200000224FF4A471184609F0D0FD00BF05B0B3
:100B30005DF804FBD0400020E840002000B583B001
:100B4000034600928DF807300B468DF80630084AB0
:100B50000021084809F08AFD074B00224FF4A471D8
:100B6000184609F0B3FD0023184603B05DF804FBF6
:100B7000050B03004CCB0300E840002000B58DB00E
:100B8000049203930346ADF816300B468DF81530EA
:100B900001230A930023069307AB00221A605A60D0
:100BA0000C230B93049B1B78ADF82630BDF8263040
:100BB0001B021AB2049B01331B781BB213431BB2F6
:100BC000ADF82630049B9B788DF82530BDF8263093
:100BD000B3F5827F00F09780B3F5827F00F3DD806C
:100BE000B3F5807F03D0B3F5817F39D0D5E09DF890
:100BF0002530012B31D100230B930B9B5A1C0B92F8
:100C00000CAA1344012203F8182C0B9B5A1C0B92BC
:100C10000CAA1344012203F8182C0B9B5A1C0B92AC
:100C20000CAA1344012203F8182C0B9B5A1C0B929C
:100C30000CAA1344002203F8182C0B9BDBB29DF87E
:100C40001510BDF81600019306AB00930023002297
:100C5000FEF738FA00230A93A0E002230A939DE0EE
:100C60009DF82530002B4BD09DF82530262B47D8FA
:100C7000039B9DF825201A71039B0433581C049B89
:100C800003339DF82520194609F0E7FE00230B9356
:100C90000B9B5A1C0B920CAA1344012203F8182C2C
:100CA0000B9B5A1C0B920CAA1344032203F8182C1A
:100CB0000B9B5A1C0B920CAA1344012203F8182C0C
:100CC0000B9B5A1C0B920CAA1344002203F8182CFD
:100CD000039B0433012228211846FEF759FB0B9B86
:100CE000DBB29DF81510BDF81600019306AB00931A
:100CF00000230022FEF7E6F900230A9300BF4DE02F
:100D000002230A934AE09DF82530002B42D10023AC
:100D10000B930B9B5A1C0B920CAA1344012203F851
:100D2000182C0B9B5A1C0B920CAA1344052203F897
:100D3000182C0B9B5A1C0B92039A12790CA90B448A
:100D400003F8182C039B1B79092B02D902230A9361
:100D500010E00B9B06AAD018039B0433591C039B7D
:100D60001B791A4609F079FE039B1B791A460B9BE7
:100D700013440B930B9BDBB29DF81510BDF81600C6
:100D8000019306AB009300230022FEF79BF900239A
:100D90000A9303E002230A9300E000BF00231846F1
:100DA0000DB05DF804FB000000B58DB00346029164
:100DB0008DF80F300023059306AB00221A605A60AD
:100DC0000C230B9300230A9300230993FF23ADF810
:100DD0002230029B1B79002B00F02281029B1B79A1
:100DE0000D2B00F21D81924B1B889BB2002B2BD147
:100DF000904B1B889AB2904B1B889BB29A4211D39E
:100E00008C4B1B889BB21A468B4B1B889BB2D31A08
:100E10008A4A128892B29342C0F20481844B012222
:100E20001A8011E0834B1B889BB203F58033824A02
:100E3000128892B29B1A814A128892B29342C0F2EF
:100E4000F3807B4B01221A809DF80F300133DBB217
:100E50001846FBF755FE0346012B40F0D3809DF862
:100E60000F309BB20133ADF822309DF80F30744A39
:100E700032F823309BB2002B3BD19DF80F30704AE3
:100E8000012122F823109DF80F306A4A128891B28E
:100E90006B4A9B0013440A465A8000230B93029B23
:100EA0000433991C029B1B795A1E05AB184609F0A6
:100EB000D4FD029B1B79013B0B9A13440B935C4BB3
:100EC00000221A805B4B1B889AB25B4B1A805B4BEB
:100ED00000221A80029B5A790B9BDBB29DF80F10FF
:100EE000019305AB009300234FF6FF70FEF7EAF87D
:100EF0009BE09DF80F30524A9B0013445B889BB2E5
:100F00000A934C4B1B889BB20993099A0A9B9A42FD
:100F10003BDB099A0A9BD31A312B40F386809DF85C
:100F20000F30444A128891B2454A9B0013440A4646
:100F30005A8000230B93029B0433991C029B1B795C
:100F40005A1E05AB184609F088FD029B1B79013B30
:100F50000B9A13440B93364B00221A80354B1B8897
:100F60009AB2354B1A80354B00221A80029B5A796F
:100F70000B9BDBB29DF80F10019305AB0093002390
:100F80004FF6FF70FEF79EF84FE0099B03F58032A5
:100F90000A9BD31A312B48DD9DF80F30254A128861
:100FA00091B2274A9B0013440A465A8000230B93B0
:100FB000029B0433991C029B1B795A1E05AB1846F1
:100FC00009F04BFD029B1B79013B0B9A13440B93D9
:100FD000174B00221A80174B1B889AB2164B1A80A7
:100FE000164B00221A80029B5A790B9BDBB29DF8AC
:100FF0000F10019305AB009300234FF6FF70FEF72F
:1010000061F812E09DF80F300D4A002122F82310FC
:101010009DF80F300A4A9B00134400225A8004E0D6
:1010200000BF02E000BF00E000BF0DB05DF804FBB0
:101030000C2C0020D0400020D2400020D4400020C2
:10104000D840002000B583B01F4B0193019B0222C2
:101050001A61019B02225A61019B1C4A9A61019B01
:101060001B4ADA61019B4FF400721A62019B002255
:101070009A62019B00225A62019B0022DA62019B64
:10108000124A9A64019B134ADA64019B10221A6582
:10109000019B00229A65019B00225A65019B002258
:1010A000DA65019B07330C49184609F032FD019BB4
:1010B0000A49184609F02DFD019B20229A7100BFB4
:1010C00003B05DF804FB00BF0841002050CB0300D3
:1010D00080410020804300205CCB030060CB0300F4
:1010E00000B589B003900291019200230693039BFF
:1010F000DB680593039B1B690493049A059B9A4242
:1011000005D9049A059BD31A013B079307E0039B7B
:101110009A680499059BCB1A1344013B0793039BE0
:101120009A68059BD31A079A934228BF13460793E0
:10113000079A019B934228BF13460793039B5A6863
:10114000059B1344079A0299184609F086FC069AF3
:10115000079B13440693029A079B13440293019A38
:10116000079BD31A0193059A079B13440593039B8E
:101170009B68059A9A4201D100230593039B059A27
:10118000DA60019B002BB5D1069B184609B05DF8CB
:1011900004FB00B589B0039002910192039BDB68C8
:1011A0000793039B9A68079BD31A0693069A019BA1
:1011B0009A420ED9039B5A68079B1344019A0299DD
:1011C000184609F04AFC079A019B1A44039BDA600F
:1011D0001AE0069B0593039B5A68079B1344059AE4
:1011E0000299184609F039FC019A069BD31A059317
:1011F000039B5868029A069B1344059A194609F006
:101200002CFC039B059ADA6000BF09B05DF804FB73
:1012100086B00190019B1B690493019BDB680393DB
:10122000049A039B9A4208D8019B9A68039BD21A9E
:10123000049B1344013B059304E0049A039BD31AD7
:10124000013B0593059B184606B0704700B589B071
:10125000039002910192029B0693039B5A1C134632
:101260005B001344DB00204A13440593059B5B6934
:10127000022B29D0022B2ED8002B02D0012B13D009
:1012800029E00598FFF7C4FF0490049A019B9A4255
:1012900002D20023079321E0019B0793019A06994C
:1012A0000598FFF776FF19E00598FFF7B1FF049066
:1012B000019A049B934228BF13460793079A069905
:1012C0000598FFF766FF09E0019A06990598FFF770
:1012D00007FF079002E00023079300BF079B184613
:1012E00009B05DF804FB00BF0841002000B587B0DD
:1012F0000390029101920F4B1B78002B01D1FFF755
:10130000A1FE00238DF813300DF113031846F6F7F4
:1013100025FB019A02990398FFF798FF05909DF825
:1013200013301846F6F730FB059B184607B05DF8FA
:1013300004FB00BF0841002008B5FFF783FE00BF93
:1013400008BD00B585B001900B468DF80330019BB8
:101350009B680393039B5A1C019B5B689A420FD8BE
:10136000019B1A68039B13449DF803201A70039B8A
:101370005A1C019B9A60019BDB685A1C019BDA6036
:10138000019B9A68019B5B689A4215D1019B186981
:10139000019B1968019B9B681A46FFF7A7FF02464D
:1013A000019B9B689A4204D0019B4FF0FF32DA60A8
:1013B00002E0019B00229A6000BF05B05DF804FBCB
:1013C00000B58BB00390029101920093029B0893A9
:1013D000012309930123079307E0089A019BB2FBBD
:1013E000F3F30893079B01330793089A019B9A42F2
:1013F000F3D2009A079B9A4201D9009B07930D9B59
:1014000003F00103002B28D10C9B002B25D00D9B52
:1014100003F00203002B06D0009B002B03D13023E6
:101420008DF81B3002E020238DF81B300CE00C9B64
:10143000013B0C939DF81B3019460398FFF781FF81
:10144000039BDB68002B07DB0C9B002B05D0079A66
:101450000C9B9A42EBD300E000BF039BDB68002BA0
:1014600055DB009B012B03D9009B013B009309E056
:10147000029A099BB2FBF3F30593059A019B9A42EA
:1014800000D205E0099B019A02FB03F30993E8E708
:10149000029A099BB2FBF3F30593059B099A02FBA1
:1014A00003F3029AD31A02931B4A059B13441B7839
:1014B00019460398FFF745FF039BDB68002B08DB09
:1014C000099A019BB2FBF3F30993099B002BDFD12F
:1014D00000E000BF0D9B03F00103002B17D00C9B15
:1014E000002B14D00AE00C9B013B0C9320210398A5
:1014F000FFF727FF039BDB68002B07DB0C9B002B10
:1015000005D0079A0C9B9A42EDD300E000BF00BFC4
:101510000BB05DF804FB00BF68CB030000B589B0D9
:101520000590049103920293049B002BB8BF5B4289
:1015300006930123079307E0039B069A92FBF3F3BC
:101540000693079B01330793039B069A9A42F3DAAB
:10155000029A079B9A4201D9029B07930A9B002B90
:101560000AD0049B002B04DB0B9B03F00403002B2D
:1015700002D00A9B013B0A930B9B03F00203002B52
:1015800002D0029B002B1CD00B9B03F00103002B0D
:1015900017D10A9B002B14D00AE00A9B013B0A9347
:1015A00020210598FFF7CDFE059BDB68002B07DBAC
:1015B0000A9B002B05D0079A0A9B9A42EDD300E0C4
:1015C00000BF059BDB68002B4ADB049B002B07DA7E
:1015D000049B5B4204932D210598FFF7B2FE08E0BF
:1015E0000B9B03F00403002B03D02B210598FFF77E
:1015F000A8FE059BDB68002B32DB0B9B03F002038C
:10160000002B1FD00B9B03F00103002B1AD1029B70
:10161000002B17D10A9B002B14D00AE00A9B013B38
:101620000A9330210598FFF78CFE059BDB68002BA1
:1016300007DB0A9B002B05D0079A0A9B9A42EDD341
:1016400000E000BF059BDB68002B09DB04990B9BC6
:1016500001930A9B0093029B039A0598FFF7B0FE43
:1016600000BF09B05DF804FB00B5A3B0059004917C
:10167000039206AB16934023179300231893059B00
:101680001A9300231993049B1B788DF88730049BD1
:10169000013304939DF88730002B00F097819DF86B
:1016A0008730252B40F0868100231E930123209351
:1016B000049B1B788DF887309DF88730233B0D2BDA
:1016C0003ED801A252F823F031170300411703005E
:1016D000411703004117030041170300411703009E
:1016E00041170300411703002117030041170300AE
:1016F00001170300411703004117030011170300EE
:101700001E9B43F001031E93049B013304931AE0D4
:101710001E9B43F002031E93049B0133049312E0CB
:101720001E9B43F004031E93049B013304930AE0C1
:101730001E9B43F008031E93049B0133049302E0B5
:101740000023209300BF209B002BB1D100231D93C9
:10175000049B1B788DF887309DF887302F2B12D98A
:101760009DF88730392B0ED8049B013304931D9AC2
:1017700013469B0013445B001A469DF887301344C0
:10178000303B1D93E4E700231F93049B1B788DF8E7
:1017900087309DF887302E2B1DD1049B0133049395
:1017A000049B1B788DF887309DF887302F2B12D93A
:1017B0009DF88730392B0ED8049B013304931F9A70
:1017C00013469B0013445B001A469DF88730134470
:1017D000303B1F93E4E7049B1B788DF887309DF81E
:1017E00087306C2B03D09DF88730682B07D1049B82
:1017F00001330493049B1B788DF88730EFE79DF845
:101800008730252B00F0CB80252BC0F2CE80782BA3
:1018100000F3CB80582BC0F2C880583B202B00F23D
:10182000C48001A252F823F019190300AB19030078
:10183000AB190300AB190300AB190300AB1903008C
:10184000AB190300AB190300AB190300AB1903007C
:10185000AB190300AD180300D1180300AB19030046
:10186000AB190300AB190300AB190300AB1903005C
:10187000AB190300AB190300AB190300AB1903004C
:10188000AB190300AB1903007B190300AB1903006C
:10189000AB1903003D190300AB190300F518030051
:1018A000AB190300AB19030019190300039B1B6854
:1018B000191D039A11601B682093209B8DF86F30CF
:1018C0009DF86F2016AB11461846FFF73AFD6DE004
:1018D000039B1B68191D039A11601B68209316A8AF
:1018E0001E9B01931D9B00931F9B0A222099FFF7CB
:1018F00015FE5BE0039B1B68191D039A11601B68B2
:101900002093209916A81E9B01931D9B00931F9B5B
:101910000A22FFF755FD49E0039B1B68191D039A36
:1019200011601B682093209916A81E9B01931D9B94
:1019300000931F9B1022FFF743FD37E0039B1B68BA
:10194000191D039A11601B681C931C9B1B788DF852
:1019500087301C9B01331C939DF88730002B0AD0E5
:101960009DF8872016AB11461846FFF7EAFC199B35
:10197000002BEADA1AE000BF18E0039B1B68191D70
:10198000039A11601B682093209916A800230193E5
:101990000823009308231022FFF712FD06E016AB80
:1019A00025211846FFF7CDFC00E000BF049B013362
:1019B000049306E09DF8872016AB11461846FFF702
:1019C000C0FC199B002BBFF65EAE00E000BF199B68
:1019D000002B0CDD189B002B05D0189A06AB19467E
:1019E0000598FFF783FC199B189A13441993199BC8
:1019F000184623B05DF804FB0EB400B584B0019026
:101A000006AB029302AB1A4605990198FFF72CFE2C
:101A10000390039B184604B05DF804EB03B07047D5
:101A20006DDF704700BF184679DF704700BF18466A
:101A30007DDF704700BF184664DF704700BF18465F
:101A400082B003460091ADF80630BDF80630DAB238
:101A5000009B1A70BDF806301B0A9AB2009B013336
:101A6000D2B21A700223184602B0704700B589B08E
:101A7000039002911346ADF80630029B1B8803F1D8
:101A80000902BDF806309A4201D90C2353E004AB99
:101A90001846FFF7C5FF0790079B0693069B002B90
:101AA00001D0069B47E0029B1B881A46039B134408
:101AB00008221A70029B1B8801339AB2029B1A807B
:101AC000029B1B881A46039B13441B221A70029B1D
:101AD0001B8801339AB2029B1A80029B1B881A460C
:101AE000039B981804AB01330622194608F0B5FF92
:101AF000029B1B8806339AB2029B1A809DF8103015
:101B000023F00103DBB2002B07D1029B1B881A468E
:101B1000039B134400221A7006E0029B1B881A469E
:101B2000039B134401221A70029B1B8801339AB253
:101B3000029B1A800023184609B05DF804FB00B52B
:101B400089B0039002910192ADF80230039B1B789B
:101B5000012B05D1039B5B78002B01D1072392E079
:101B6000019B1B889A1CBDF802309A420ED8039B39
:101B70001B78012B0CD1019B1B881A46039B5B78B9
:101B800013449A1CBDF802309A4201D90C237AE022
:101B9000019B1B88BDF80220D31A9BB2023BADF813
:101BA0001C30BDF81C30ADF81230019B1B8802338D
:101BB000029A13440DF1120211461846FFF738FF3E
:101BC0000690069B0593059B002B01D0059B5AE0D0
:101BD000039B1B78022B06D0039B5B789AB2BDF85F
:101BE00012309A4209D3BDF81230BDF81C209A4237
:101BF00003D309238DF81F3017E008238DF81F3019
:101C0000039B1B78012B0CD1039B5B789BB2BDF827
:101C10001C209A4205D3039B5B789BB2ADF812302F
:101C200003E0BDF81C30ADF81230BDF81230FE2BC9
:101C300001D90C2327E0BDF81230DAB2019B1B88D2
:101C40001946029B0B440132D2B21A70019B1B88C9
:101C500001339AB2019B1A80019B1B881A46029B92
:101C600013449DF81F201A70019B1B8801339AB200
:101C7000019B1A80019B1A88BDF8123013449AB256
:101C8000019B1A800023184609B05DF804FB00B5DB
:101C900089B0039002911346ADF80630029B1B8871
:101CA0001A1DBDF806309A4201D90C233BE00DF114
:101CB00016031846FFF7B8FE0790079B0693069B8E
:101CC000002B01D0069B2EE0029B1B881A46039B2B
:101CD000134403221A70029B1B8801339AB2029BA1
:101CE0001A80029B1B881A46039B134419221A7000
:101CF000029B1B8801339AB2029B1A80BDF8162002
:101D0000029B1B881946039B0B4419461046FFF79C
:101D100097FE03461946029B1A888BB213449AB267
:101D2000029B1A800023184609B05DF804FB84B0BA
:101D3000029101921A4603468DF80F301346ADF812
:101D40000C30019B1B88DA1CBDF80C309A4201D97B
:101D50000C2328E0019B1B881A46029B1344022295
:101D60001A70019B1B8801339AB2019B1A80019B58
:101D70001B881A46029B134401221A70019B1B8880
:101D800001339AB2019B1A80019B1B881A46029B61
:101D900013449DF80F201A70019B1B8801339AB2DF
:101DA000019B1A800023184604B0704784B002914A
:101DB00001921A4603468DF80F301346ADF80C30E9
:101DC000019B1B88DA1CBDF80C309A4201D90C2308
:101DD00028E0019B1B881A46029B134402221A70BA
:101DE000019B1B8801339AB2019B1A80019B1B88BF
:101DF0001A46029B13440A221A70019B1B88013366
:101E00009AB2019B1A80019B1B881A46029B1344BD
:101E10009DF80F201A70019B1B8801339AB2019B19
:101E20001A800023184604B0704700B58FB00390A5
:101E300001930B468DF80B3013468DF80A300023C2
:101E40008DF83330109B1B88ADF8303000230D9394
:101E500071E0039B5A680D9B9B001A4405AB106808
:101E600018600DF11B0105AB00221846FFF7E4FDD9
:101E70000A900A9B0993099B002B01D0099B7CE0E7
:101E80009DF81B309DF80A209A4251D19DF83330BD
:101E9000002B01D0002300E002238DF82330109B9B
:101EA0001B881A469DF81B301A449DF823301A44AB
:101EB000BDF844309A4201DD0C235EE09DF83330DA
:101EC00083F00103DBB2002B16D0109B1B8801337B
:101ED0009AB2109B1A80109B1B881A46019B1344D0
:101EE0009DF80B201A70109B1B8801339AB2109B2F
:101EF0001A8001238DF83330109B1B881A46019BF2
:101F00001A440DF11B0105AB1846FFF795FD0A9029
:101F10000A9B0793079B002B01D0079B2DE0109B8A
:101F20001A889DF81B309BB213449AB2109B1A80FA
:101F30000D9B01330D93039B1B881A460D9B934207
:101F400087DB9DF83330002B16D0109B1A88BDF824
:101F50003030D31A9BB2013BADF82E30BDF82E3095
:101F6000FF2B01D90C2308E0BDF83030019A13444F
:101F7000BDF82E20D2B21A70002318460FB05DF8BB
:101F800004FB00B58BB0059003930B468DF813301E
:101F900013468DF812309DF81310BDF834300193BC
:101FA0000C9B0093039B02220598FFF73EFF0990CC
:101FB000099B0893089B002B01D0089B14E09DF817
:101FC0001210BDF8343001930C9B0093039B102238
:101FD0000598FFF72AFF0990099B0793079B002BA1
:101FE00001D0079B00E0002318460BB05DF804FB0E
:101FF00082B00190019B1B88052B0AD9019B1B888D
:10200000B3F5486F07D9019B1B884FF6FF729342C7
:1020100001D0072325E0019B5B88052B0AD9019B92
:102020005B88B3F5486F07D9019B5B884FF6FF7259
:10203000934201D0072314E0019B1B884FF6FF72E7
:1020400093420DD0019B5B884FF6FF72934207D0FD
:10205000019B1A88019B5B889A4201D9072300E003
:102060000023184602B0704700B587B00390029174
:102070000192ADF80230019B1B889A1DBDF8023019
:102080009A4201D90C234DE00398FFF7B1FF059068
:10209000059B0493049B002B01D0049B42E0019B11
:1020A0001B881A46029B134405221A70019B1B8849
:1020B00001339AB2019B1A80019B1B881A46029B2E
:1020C000134412221A70019B1B8801339AB2019BA0
:1020D0001A80039B1A88019B1B881946029B0B449C
:1020E00019461046FFF7ACFC03461946019B1A88B7
:1020F0008BB213449AB2019B1A80039B5A88019BAE
:102100001B881946029B0B4419461046FFF798FCA2
:1021100003461946019B1A888BB213449AB2019B5D
:102120001A800023184607B05DF804FB00B587B09D
:10213000039002910192ADF80230039B9B88023319
:102140000593019B1B881A46059B13449A1CBDF8F6
:1021500002309A4201D90C2354E0059BFE2B01D991
:102160000C234FE0059BDAB2019B1B881946029BAA
:102170000B440132D2B21A70019B1B8801339AB210
:10218000019B1A80019B1B881A46029B1344FF2265
:102190001A70019B1B8801339AB2019B1A80039B22
:1021A0001A88019B1B881946029B0B44194610464E
:1021B000FFF746FC03461946019B1A888BB213446D
:1021C0009AB2019B1A80039B9B88002B19D0039B1A
:1021D0009B68002B01D1072314E0019B1B881A4642
:1021E000029B9818039B9968039B9B881A4608F0EA
:1021F00034FC019B1A88039B9B8813449AB2019B71
:102200001A800023184607B05DF804FB00B589B0BA
:10221000039002910192ADF80230039B9B6A002B60
:1022200001D1072372E000238DF81F3066E0039B85
:10223000996A9DF81F2013465B0013449B000B44D2
:102240000693069B9B8802330593059BFE2B01D9C1
:102250000C235BE0059BDAB2019B1B881946029BAD
:102260000B440132D2B21A70019B1B8801339AB21F
:10227000019B1A80019B1B881A46029B134416225D
:102280001A70019B1B8801339AB2019B1A80069B2E
:102290001A88019B1B881946029B0B44194610465D
:1022A000FFF7CEFB03461946019B1A888BB21344F5
:1022B0009AB2019B1A80069B9B88002B19D0069B23
:1022C0009B68002B01D1072320E0019B1B881A4645
:1022D000029B9818069B9968069B9B881A4608F0F3
:1022E000BCFB019B1A88069B9B8813449AB2019BF6
:1022F0001A809DF81F3001338DF81F30039B93F82F
:102300002C309DF81F209A4291D30023184609B023
:102310005DF804FB00B595B005900491039200238D
:102320001393039B1B88ADF84A30039B00221A804D
:10233000059B93F82D30002B0ED0BDF84A301A467D
:1023400003990498FFF792FB1390139B1193119B31
:10235000002B01D0119BD8E0059B9B78002B0ED061
:10236000BDF84A301A4603990498FFF790FC139081
:10237000139B1093109B002B01D0109BC5E0059B75
:10238000DB78002B10D0059BDB7858B2BDF84A30C3
:10239000039A0499FFF7CBFC1390139B0F930F9BA9
:1023A000002B01D00F9BB0E0059B5B68002B11D088
:1023B000059B5B6893F90000BDF84A30039A0499C5
:1023C000FFF7F4FC1390139B0E930E9B002B01D090
:1023D0000E9B9AE0059B1B89002B14D0059B03F1F3
:1023E0000800BDF84A300193039B0093049B06222A
:1023F0000221FFF7C6FD1390139B0D930D9B002B3D
:1024000001D00D9B81E0059B1B8A002B14D0059BFE
:1024100003F11000BDF84A300193039B0093049B25
:1024200007220321FFF7ADFD1390139B0C930C9B28
:10243000002B01D00C9B68E0059B1B8B002B14D05C
:10244000059B03F11800BDF84A300193039B0093EC
:10245000049B15221421FFF794FD1390139B0B93FB
:102460000B9B002B01D00B9B4FE0059B1B6A002BA5
:102470000FD0059B186ABDF84A30039A0499FFF7FC
:10248000F3FD1390139B0A930A9B002B01D00A9B28
:102490003BE0059B5B6A002B0FD0059B586ABDF89B
:1024A0004A30039A0499FFF741FE1390139B099356
:1024B000099B002B01D0099B27E0059B93F82C304A
:1024C000002B0ED0BDF84A30039A04990598FFF707
:1024D0009DFE1390139B0893089B002B01D0089B33
:1024E00013E0059B1B78002B0ED0BDF84A30039AF1
:1024F00004990598FFF723FB1390139B0793079B01
:10250000002B01D0079B00E0139B184615B05DF827
:1025100004FB86B0039001921A460B46ADF80A30D0
:1025200013468DF80930039B002B02D0019B002B32
:1025300001D100234DE00023ADF816300CE0BDF8CA
:102540001630039A13441B789AB2BDF81630134420
:102550009BB20133ADF81630019B1B88BDF81620E5
:102560009A4209D3BDF816300133039A13441B78FD
:102570009DF809209A4205D0BDF81620BDF80A3012
:102580009A42DCD3BDF81620BDF80A309A4201D336
:1025900000231EE0BDF816300233ADF81430BDF84C
:1025A0001630039A13441B789BB2013BADF81230EE
:1025B000BDF81420BDF812301A44BDF80A309A4212
:1025C00001DD002305E0019BBDF814201A80BDF851
:1025D0001230184606B0704700B585B001900B4622
:1025E000ADF8023013468DF801300023ADF80C3001
:1025F0009DF8013003AABDF802100198FFF789FF8A
:102600000346ADF80E30BDF80E30002B01D100238B
:1026100004E0BDF80C301A46019B1344184605B07F
:102620005DF804FB72DF704700BF184673DF704728
:1026300000BF184682B00190019B93F830341846D1
:1026400002B0704784B00190002303930AE0019A1E
:10265000039B13441B78002B01D0012306E0039B4E
:1026600001330393039B052BF1D90023184604B0D3
:102670007047000082B003468DF807309DF80730A0
:102680005A1C074B83FB02135910D317C91A0B4668
:102690009B000B44D11ACBB2184602B0704700BF62
:1026A0006766666682B001900091009BDB7B012B20
:1026B00004D1009B9A88019BA3F8242400BF02B098
:1026C000704700B585B001900091019B002283F80E
:1026D0002E24009B9A88019BB3F824349A4216D189
:1026E000019B1B7983F00103DBB2002B0FD001218A
:1026F000019800F0B1FA0390039B002B07D0019BD7
:102700009B6B002B03D0019B9B6B0398984700BFEA
:1027100005B05DF804FB00B585B001900091009B09
:102720001B88262B1ED1009B1B7A012B03D0009BFC
:102730001B7A022B17D1019B9B781846FFF79AFF53
:1027400003461946019800F087FA0390039B002B7B
:1027500009D0019B9B6B002B05D0019B9B6B0398C1
:10276000984700E000BF05B05DF804FB00B585B0F8
:1027700001900B468DF80330019B03F22743184666
:10278000FFF760FF03468DF80F309DF80330013BE3
:10279000032B33D801A252F823F000BFAD2703006A
:1027A000D1270300E5270300F1270300019B9B7954
:1027B000002B0DD0019B93F8243083F00103DBB292
:1027C000002B05D09DF80F30002B01D0012316E01F
:1027D000019BDB79002B05D09DF80F30002B01D039
:1027E00002230CE0019B1B7A002B01D0032306E09F
:1027F000019B5B7A002B01D0042300E000231846E4
:1028000005B05DF804FB00BF82B001900091019B10
:10281000012283F83120019B0022C3F82024019B70
:1028200003F22642009B5A60009B00229A60009BA4
:1028300002221A70009B80229A810023184602B05F
:10284000704782B001900091019B022283F83120F1
:10285000019B93F82430002B03D0009B07221A70B1
:1028600002E0009B03221A70019B1B699AB2009B35
:102870009A81019B0022C3F82024019B03F2264287
:10288000009B5A60019BDA68009B9A6000231846FF
:1028900002B0704700B583B00190019B5B79002BBB
:1028A0000FD0019B93F82E3483F00103DBB2002B91
:1028B00007D00198FFF7BEFE0346002B01D001238D
:1028C00000E0002303F00103DBB2184603B05DF81B
:1028D00004FB00B585B001900B468DF80330019BD9
:1028E000D3F81004019BB3F8143401221946FFF702
:1028F00073FE0390039B002B03D0039B9DF80320E2
:102900001A70019B03F15400019B03F58261019B46
:102910003C331A46FFF786FE0346184605B05DF8BD
:1029200004FB00B585B001900091019B5A69009BA2
:102930009A60019B9B699AB2009B9A81019B93F8D4
:102940002430002B04D0019B062283F83C2003E0B6
:10295000019B012283F83C200198FFF79BFF03466F
:10296000002B13D0009B02221A7504210198FFF757
:10297000B0FF0390039B0293029B002B01D0029BAC
:102980000FE0019B052283F8312003E0019B032225
:1029900083F83120019B03F58262019BC3F8202458
:1029A0000023184605B05DF804FB00B585B0019022
:1029B0000091019BDA69009B9A60019B1B6A9AB2A5
:1029C000009B9A81019B93F82430002B04D0019B3B
:1029D000062283F83C2003E0019B012283F83C207F
:1029E0000198FFF757FF0346002B13D0009B0222EC
:1029F0001A7504210198FFF76CFF0390039B029363
:102A0000029B002B01D0029B0FE0019B062283F862
:102A1000312003E0019B042283F83120019B03F560
:102A20008262019BC3F820240023184605B05DF89C
:102A300004FB82B00190019B9B78002B06D0019B88
:102A400093F82030002B01D000230AE0019B9B6A01
:102A5000042B03D0019B5B6A042B01D1002300E00F
:102A60000123184602B0704784B00190019B93F88F
:102A70002430002B03D0EE23ADF80E3002E01F23EC
:102A8000ADF80E30BDF80E30184604B0704782B075
:102A900001900B468DF80330019B9DF8032083F8CD
:102AA000302000BF02B0704730B587B00190009170
:102AB000009B002B02D0019B002B01D10E23B8E01C
:102AC000009B78331846FFF7B4FF034683F00103F9
:102AD000DBB2002B01D00723ABE0019B00229A70F0
:102AE000019A009B141D03F178050FCD0FC40FCD83
:102AF0000FC495E8070084E80700019B002283F8D3
:102B00003020009BD3F8A420019B5A63009BD3F88C
:102B1000A820019B9A63019B4FF6FF72A3F824241F
:102B2000019B03F58262019BC3F82024019B03F201
:102B3000264307220021184607F0B8FF019B1B78A7
:102B400083F00103DBB2002B03D0019BFF2283F84B
:102B50005420019B03F15502019BC3F810240198F6
:102B6000FFF782FF03461A46019BA3F8142400983E
:102B7000019B03F15501019B03F214431A46FFF731
:102B8000C9FB0590059B0493049B002B01D0049B7B
:102B90004FE0019B03F23122019BC3F818240198F6
:102BA000FFF762FF03461A46019BA3F81C24009B13
:102BB00003F13C00019BD3F81814019B03F21C4362
:102BC0001A46FFF7A7FB0590059B0393039B002B79
:102BD00001D0039B2DE0019B012283F85120019B32
:102BE0009B699AB2019BA3F84820019B012283F8BC
:102BF0003C20019B00221A64019B002283F8502094
:102C0000019B5A69019B5A64019B03F15400019B8B
:102C10003C331A460021FFF705FD0590059B029302
:102C2000029B002B01D0029B03E0019B01221A7042
:102C3000059B184607B030BD82B00190019B1B6810
:102C4000012B03D0019B1B68022B01D1012300E063
:102C50000023184602B0704700B585B001900B46BE
:102C60008DF80330019B1B7883F00103DBB2002B4E
:102C700001D0082309E1019B9DF803209A70019B74
:102C800003F2264307220021184607F00FFF019B9D
:102C90009B79002B03D0019B9B78012B0FD0019BCC
:102CA000DB79002B03D0019B9B78012B07D0019B84
:102CB000DB79002B14D0019B9B78022B10D1019B58
:102CC0005B6B002B08D0019B012283F82D24019B14
:102CD0005B6B0820984703E0019B002283F82D24BA
:102CE0009DF8033019460198FFF740FD03461A4648
:102CF000019B9A70019B5B6B002B20D0019B9B7802
:102D0000032B03D0019B9B78042B18D1019B5B798B
:102D1000002B14D0019B93F82E3483F00103DBB217
:102D2000002B0CD0019B002283F83024019B012250
:102D300083F82F24019B5B6B0720984703E0019BDE
:102D4000002283F82F24019B3C33182200211846CF
:102D500007F0ACFE019B012283F83C20019B2C3341
:102D60001846FFF769FF0346002B06D0019BDB6A7C
:102D7000DAB2019B83F8512003E0019B012283F822
:102D80005120019B93F82430002B12D0019B283353
:102D90001846FFF751FF0346002B06D0019B9B6AA4
:102DA000DAB2019B83F8522003E0019B012283F8F1
:102DB0005220019B002283F85020019B9B78042B1A
:102DC00031D801A252F823F01D2E0300DD2D03009F
:102DD000ED2D0300FD2D03000D2E0300019B3C3360
:102DE00019460198FFF710FD03901DE0019B3C334D
:102DF00019460198FFF725FD039015E0019B3C3330
:102E000019460198FFF78DFD03900DE0019B3C33BF
:102E100019460198FFF7C9FD039005E0019B0022C8
:102E200083F8312000E000BF019B9B78002B20D06D
:102E3000019B03F15400019BD3F82014019B3C3308
:102E40001A46FFF7EFFB0390039B002B01D0039B77
:102E50001BE0019B93F85420019B93F830301946F6
:102E60001046FFF7E3FB0390039B002B01D0039B6D
:102E70000BE0019B5B6B002B06D0019B5B6B019A07
:102E800092F83120104698470023184605B05DF8A7
:102E900004FB00BF00B585B001900091009B039337
:102EA000019B1B88262B10D0262B13DC102B02D065
:102EB000112B05D00EE001990398FFF7F3FB0AE010
:102EC00001990398FFF7FDFB05E001990398FFF7CF
:102ED00022FC00E000BF00BF05B05DF804FB75DF19
:102EE000704700BF184676DF704700BF18467ADF8C
:102EF000704700BF18467BDF704700BF18460000D0
:102F000084B00346ADF806300023039316E00F4962
:102F1000039A13469B0013449B000B441B88BDF887
:102F200006209A4207D1039A13469B0013449B0044
:102F3000064A134406E0039B01330393039B002BD3
:102F4000E5D00023184604B0704700BFB04300200E
:102F500082B001900B46ADF80230019BBDF8022013
:102F60001A80019B00221A72019B054903F10A0293
:102F70000B4603CB1060516000BF02B0704700BF2A
:102F8000E043002082B00190019B4FF6FF721A804F
:102F900000BF02B0704788B00390029111461A46F4
:102FA0000B46ADF806301346ADF80430039B9B8802
:102FB0001A46BDF8063013440793039B9B881946B5
:102FC000039B9B88BDF80620934228BF13469BB203
:102FD000CB1A0693039BDB881A46BDF804301344D2
:102FE0000593039BDB881946039BDB88BDF804200F
:102FF000934228BF13469BB2CB1A0493029B5A8874
:10300000039B1B889A4205D3029B5A88039B5B88CB
:103010009A4201D900231CE0029B9B881A46069B1A
:10302000934205D8029B9B881A46079B934201D284
:1030300000230EE0029BDB881A46049B934205D8CE
:10304000029BDB881A46059B934201D2002300E0D5
:103050000123184608B0704700B583B00190064BB5
:103060009B69002B03D0044B9B690198984700BFD4
:1030700003B05DF804FB00BFC443002000B585B079
:1030800003460091ADF80630BDF8063000991846A9
:10309000FFF725FF0390039B002B05D0039B112B0B
:1030A00002D00398FFF7D8FF039B002B0CBF01232E
:1030B0000023DBB2184605B05DF804FB00B589B00B
:1030C0000190019B0793079B9BB21846FFF718FFDF
:1030D0000690069B002B42D0069B1A7A224B1B7B44
:1030E0009A4215D2079B9AB2069B0A33194610469C
:1030F000FFF7C4FF03468DF813309DF81330002B03
:103100002DD0069B1B7A0133DAB2069B1A7226E099
:10311000069B00221A72144B1B7C002B0FD0079BBE
:103120009BB23B211846FFF7DEFE0590059B002B66
:1031300005D0059B082B02D00598FFF78DFF0A4BA1
:103140005B69002B0BD000238DF80C30079B9BB2E2
:10315000ADF80E30044B5B6903AA1046984700BFD8
:1031600009B05DF804FB00BFC443002030B587B050
:103170000190019B002B01D10E2353E02B4A019BB0
:1031800014461D460FCD0FC495E8070084E80700DC
:10319000264B274A1A60019B1B68002B11D0019B0C
:1031A0001B681846FFF7A3FE0490049B002B01D078
:1031B000049B37E0019B1A681D4B1068516803C3DC
:1031C00008E01B48FFF797FE0490049B002B01D0FA
:1031D000049B27E00023059320E0059A13469B00FB
:1031E00013449B00134A134403930398FFF7CAFE4A
:1031F000059B5B01104A1A44039B5A60039B0433EE
:103200000E4A0021184607F031FA0490049B002B67
:1032100001D0032306E0059B01330593059B002B9A
:10322000DBD00023184607B030BD00BFC4430020E8
:10323000E0430020B043002090430020BD30030055
:1032400000B587B003460091ADF80630009B5B7A6D
:10325000002B1AD1009B1B7A002B03D1164B5B6805
:10326000059302E0144B9B680593009B5B68BDF8D7
:1032700006200599184607F029FA0490049B002BB4
:1032800016D00498FFF7E8FE12E0009B00221A72A5
:10329000094B5B69002B0BD001238DF80C30BDF876
:1032A0000630ADF80E30044B5B6903AA1046984710
:1032B00000BF07B05DF804FBC443002000B585B033
:1032C0000190019BDB7B8DF80F30019B9B88ADF853
:1032D0000C309DF80F30012B2CD14FF6FF70FFF70B
:1032E0000FFE0290029B002B03D10420FFF7B4FED7
:1032F00021E0BDF80C3019460298FFF729FE029B29
:1033000003F10A00019B03F110014FF6FF7340F235
:10331000F312FFF740FE03461A46029B5A72074B10
:10332000DB89002B07D1BDF80C3002991846FFF756
:1033300087FF00E000BF05B05DF804FBC443002038
:1033400000B587B00190019B9B88ADF81630BDF8A1
:1033500016301846FFF7D4FD0490049B002B0ED0C6
:10336000049B5B68184607F0E7F90390039B002B6A
:1033700002D00398FFF770FE0498FFF703FE00BF2A
:1033800007B05DF804FB000000B587B00190019B19
:1033900006330593059B1A88194BDB899A422BD17A
:1033A000059B5B89022B27D1019B9B88ADF81230CE
:1033B000BDF812301846FFF7A3FD0390039B002BC6
:1033C0001AD0059B0C33184600F074FA0346002B04
:1033D00006D0BDF8123003991846FFF731FF0BE015
:1033E000039B5B68184607F0A7F90290029B002B2D
:1033F00002D00298FFF730FE00BF07B05DF804FB73
:10340000C443002000B585B00190019B9B88ADF8B6
:103410000E30BDF80E301846FFF772FD0290029B89
:10342000002B15D0029B03F10A00019B03F1080158
:103430004FF6FF7340F2F312FFF7ADFD03461A4655
:10344000029B5A72BDF80E3002991846FFF7F8FE3B
:1034500000BF05B05DF804FB00B583B0019000919A
:10346000019B1B88502B12D0502B18DC122B12D032
:10347000122B14DC102B02D0112B04D00FE001987A
:10348000FFF71CFF0CE00198FFF75AFF08E00198D6
:10349000FFF77AFF04E00198FFF7B4FF00E000BFF8
:1034A00000BF03B05DF804FB30B58FB00190009110
:1034B00000230293009B002B1AD000230D9314E0ED
:1034C0006B460D991846F4F701FC0346002B09D012
:1034D000029B5A1C02920D9A92B25B000EA90B44F9
:1034E00023F82C2C0D9B01330D930D9B132BE7D947
:1034F000019B1D4602AC0FCC0FC50FCC0FC594E845
:10350000070085E8070001980FB030BD00B583B013
:103510000346ADF80630BDF80630132B01D9002361
:103520000CE0BDF8063019460648F4F79EFBBDF8DE
:10353000063019460448F4F798FB0123184603B0F7
:103540005DF804FBF0430020EC43002000B585B09B
:103550000346ADF80630002303930DE0039B9B0068
:10356000094A13440433BDF8062011461846F4F7FF
:1035700094FB039B01330393039B1D2BEED900BFE8
:1035800000BF05B05DF804FBE843002000B583B040
:103590000346ADF80630BDF8063019460348F4F787
:1035A0007CFB00BF03B05DF804FB00BFF0430020CC
:1035B00030B59BB0184B9B68DB431893164B5A6889
:1035C00018AB11461846F4F7F8FB189A6B461146EB
:1035D0001846FFF769FF0DAC6D460FCD0FC40FCD38
:1035E0000FC495E8070084E80700002319930BE057
:1035F000199B5B001AAA134433F8303C1846FFF7B6
:10360000A5FF199B013319930D9B199A9A42EFD389
:1036100000BF00BF1BB030BDE843002000B583B041
:1036200001900B46ADF8023013468DF801309DF83D
:103630000130002B06D0BDF8023019460198F4F78E
:1036400014FB05E0BDF8023019460198F4F725FB9C
:1036500000BF03B05DF804FB00B585B00190009198
:10366000019B9B88ADF80E30019B1B88103B0A2BF9
:1036700000F2888001A252F823F000BFA9360300AF
:10368000E5360300853703008537030085370300DF
:10369000853703008537030085370300853703002E
:1036A0004F370300F1360300FFF782FFBDF80E30FD
:1036B0001846FFF72BFF034683F00103DBB2002B14
:1036C00005D0324AF0210420F4F714F857E0019BAA
:1036D000DB7B012B53D0BDF80E3019462C48F4F794
:1036E000C4FA4CE0BDF80E301846FFF74FFF49E032
:1036F000019B1B7AC3F30313DBB28DF80D309DF8E9
:103700000D30032B8CBF01230023DAB2BDF80E303D
:1037100019462048FFF782FF9DF80D30022B8CBF21
:1037200001230023DAB2BDF80E3019461A48FFF71C
:1037300075FF9DF80D30012B8CBF01230023DAB2F9
:10374000BDF80E3019461548FFF768FF1AE0019BD7
:103750001B7A002B15D1019B5B7AC3F3C003DBB24C
:10376000002B14BF012300238DF80C309DF80C2092
:10377000BDF80E3019460748FFF750FF01E000BFC3
:1037800000E000BF00BF05B05DF804FB78CB03008C
:10379000F443002000440020FC430020F8430020B4
:1037A00000B583B00346ADF80630BDF80630132BE4
:1037B00001D9002306E0BDF8063019460348F4F7A6
:1037C00085FA0346184603B05DF804FBEC4300207D
:1037D00000B583B00346ADF80630BDF80630184694
:1037E000FFF7DEFF0346002B02D0BDF8063000E0F5
:1037F0001423184603B05DF804FB00B587B00390AE
:103800000B460192ADF80A30019B002B01D10E232B
:1038100038E0019B00221A60039B002B01D10E238C
:1038200030E0039B1B68002B01D10E232AE0039B91
:10383000DB8803F003039BB2002B01D0072321E0B8
:10384000BDF80A301846FFF7C3FF03468DF817305E
:103850009DF81730142B01D1052313E0039B1B792E
:103860009DF817209A4201D304230BE0039B1B68A9
:103870009DF817200399C98801FB02F21A44019BA5
:103880001A600023184607B05DF804FB82B001906F
:10389000019B1B781AB2019B01331B781B021BB2E0
:1038A00013431BB29BB2184602B07047AADF7047A1
:1038B00000BF184600B585B001900198FFF7E6FFFC
:1038C0000346ADF80E30BDF80E3003F00103002BB7
:1038D00014BF01230023DBB2184605B05DF804FBDA
:1038E00082B0034600918DF80730009A13786FF389
:1038F00003031370009A13786FF3071313709DF886
:103900000730052B5BD801A252F823F025390300BC
:103910003B390300553903006F390300893903002F
:10392000A3390300009A13786FF303031370009A0E
:1039300013786FF30713137040E0009A1378012196
:1039400061F303031370009A1378012161F30713E5
:10395000137033E0009A1378012161F303031370AD
:10396000009A1378022161F30713137026E0009A7E
:103970001378012161F303031370009A1378032174
:1039800061F30713137019E0009A1378022161F3B1
:1039900003031370009A1378012161F30713137066
:1039A0000CE0009A1378022161F303031370009A6C
:1039B0001378022161F30713137000BF00BF00BF2B
:1039C00002B0704700B595B0034602910192ADF880
:1039D0000E30029B9B78002B03D101238DF81E3003
:1039E00003E0029B9B788DF81E30029B1B88ADF88C
:1039F0001C3006AB03220021184607F057F8029B43
:103A00005B7C06AA11461846FFF76AFF029B9A7C68
:103A100006AB013319461046FFF762FF029BDA7BC3
:103A20009DF81A3062F3C3038DF81A30029B1A7C9A
:103A30009DF81A3062F304138DF81A30029B1A7B3A
:103A40009DF81A3062F300038DF81A30029B1B7D3B
:103A5000002B01D0022200E001229DF81A3062F30F
:103A600042038DF81A300DAB1C220021184607F0D6
:103A70001DF8029B5B7B03F01003DBB2002B06D129
:103A8000029B5B7B03F02003DBB2002B24D004AB52
:103A900003220021184607F009F8029BDA7C04ABE8
:103AA000013319461046FFF71BFF9DF81030012225
:103AB00062F303038DF810309DF81030012262F399
:103AC00007138DF810309DF81230012262F3420383
:103AD0008DF8123004AB1293029B5B7B8DF834306F
:103AE000029B9B7B8DF8353008AB142200211846D1
:103AF00006F0DCFF07AB089306AB0993029B9B889B
:103B0000ADF82C30029B9B68002B06D0029BDB8813
:103B1000ADF82830029B9B680C93029B9B69002B9D
:103B20004FD005AB03220021184606F0BFFF029BD1
:103B30009B691B88ADF83C30029B9B695B88ADF8A4
:103B40003E30029B9B695B680E9305AB1193029B11
:103B50009B691B7B05AA11461846FFF7C1FE029B15
:103B60009B695A7B05AB013319461046FFF7B8FE37
:103B7000029B9B699A7A9DF8163062F3C3038DF815
:103B80001630029B9B69DA7A9DF8163062F30413B3
:103B90008DF81630029B9B691A7A9DF8163062F3F5
:103BA00000038DF81630029B9B699B7B002B01D094
:103BB000022200E001229DF8163062F342038DF8E4
:103BC0001630029BDB69002B02D0029BDB6910934D
:103BD00008AA0DA9BDF80E00019BFFF767FE03467A
:103BE000184615B05DF804FB90DF704700BF18461B
:103BF000A5DF704700BF1846B5DF704700BF184605
:103C000082B00190019B45221A80019B17225A80A5
:103C1000019B00221A71019B00225A71019BFB2219
:103C20009A71019B1B22DA7100BF02B0704700003D
:103C300030B589B003460A46ADF806301346ADF8F4
:103C40000430BDF80430ADF81430BDF80430ADF8E0
:103C500016300023ADF818300023ADF81A3003AB4E
:103C600000221A609A8003AA05A9BDF806301846FA
:103C7000FFF7BAFF0790079B002B39D01E4A1F4B56
:103C8000D31ADB081B0443F00104BDF80650079863
:103C9000F5F774F903462A4619492046F3F781F8E7
:103CA000BDF80C30002B03D1BDF80E30002B0ED028
:103CB000114A124BD31ADB081B0443F00100BDF874
:103CC0000C301A46BDF80E300E49F3F76AF8BDF80D
:103CD0001030002B0CD0084A084BD31ADB081B0409
:103CE00043F00103BDF8102007491846F3F748F8E0
:103CF000079B184609B030BDE0B2030088B203004C
:103D0000ECCB030038CC030078CC030010B586B0B0
:103D100001900091009B9B88ADF80E30BDF80E30ED
:103D2000DB00019A134406330593019B1A79059B26
:103D30009A71009BDB7B012B02D0022B05D009E09E
:103D4000019B1A88059B1A8004E0019B5A88059BF9
:103D50001A8000BF059B1A88059B5B889A4226D96A
:103D6000059B1A88BDF80E3011461846FFF740FF34
:103D70000490049B002B03D1059B01225A7116E08D
:103D8000049B112B03D1059B01221A710FE0114AEC
:103D9000114BD31ADB081B0443F001040498F5F718
:103DA000EDF803461A460D492046F2F7E9FF059B58
:103DB0009A79059BDB799A4208D9059B9B799AB23F
:103DC000BDF80E3011461846FFF732FF00BF06B0AF
:103DD00010BD00BFE0B2030088B20300D0CC0300E6
:103DE00000B583B001900091009B9B88DB00019A95
:103DF000134406331846FFF703FF00BF03B05DF816
:103E000004FB00B587B001900091009B9B88ADF842
:103E10001630009B5B89ADF81430BDF81630DB001E
:103E2000019A134406330493049B1B88BDF81420A5
:103E3000934228BF13469AB2049B5A80049B5B8826
:103E4000172B38BF17239AB2049B5A80019B1B691A
:103E5000002B15D0049B5B79002B11D040F6772303
:103E6000ADF80830BDF81630ADF80A30049B5B8819
:103E7000ADF80C30019B1B6902AA114601989847C6
:103E8000049B00225A71049B00221A7100BF07B0E4
:103E90005DF804FB10B588B001900091009B9B88F1
:103EA000ADF81A30009BDB88ADF81830BDF81A3039
:103EB000DB00019A134406330593BDF81830172B25
:103EC00038BF1723ADF81830059B1B88BDF81820A4
:103ED000934228BF13469AB2059B5A80059B002245
:103EE0001A71059B1A88BDF81A3011461846FFF75B
:103EF00083FE0790079B002B0FD0174A174BD31A4E
:103F0000DB081B0443F001040798F5F737F8034674
:103F10001A4613492046F2F733FF059B5B79002BC5
:103F200016D1019B1B69002B13D040F67723ADF807
:103F30000C30BDF81A30ADF80E30059B5B88ADF83B
:103F40001030019B1B6903AA11460198984700E0B5
:103F500000BF08B010BD00BFE0B2030088B203008C
:103F600004CD030030B591B001900091009B04ACEA
:103F70001D1D0FCD0FC40FCD0FC495E8070084E8B9
:103F80000700BDF81030ADF83E30BDF81420BDF884
:103F90003E30D1B2019ADB0013440A465A73019BAA
:103FA0001B69002B19D002AB00221A609A804DF6D3
:103FB0007A23ADF80830BDF83E30ADF80A30BDF8D0
:103FC0003E30019ADB0013445B7B8DF80C30019B83
:103FD0001B6902AA11460198984700BF11B030BD75
:103FE00000B587B001900091009B04330593059BB9
:103FF0001B88DB00019A134406330493059B9B88BE
:104000008DF80F30049B9B799DF80F20934228BFB9
:1040100013468DF80E30059B1B889DF80E2092B23A
:1040200011461846FFF704FE00BF07B05DF804FB19
:1040300000B585B001900091019B002B01D10E23AA
:104040001DE0019B009A1A61019B45221A80019B89
:1040500045225A80019BFB221A71002303930AE038
:10406000039BDB00019A134406331846FFF7C8FD93
:10407000039B01330393039B002BF1D000231846CD
:1040800005B05DF804FB82B001900B46ADF802303C
:10409000019B002B01D10E230EE0BDF80230162B40
:1040A00003D9BDF80230452B01D9072304E0019B59
:1040B000BDF802201A800023184602B070470000A5
:1040C00010B586B001900091009B0593019B9B88E1
:1040D000ADF81230BDF81230002B40F09880019BF3
:1040E0001B88552B48D0552B55DC242B32DC102B4C
:1040F00051DB103B142B4ED801A252F823F000BF25
:104100005B410300654103009741030097410300B1
:104110009741030097410300974103009741030033
:104120009741030097410300974103009741030023
:104130009741030097410300974103009741030013
:104140009741030097410300974103008D4103000D
:10415000834103003A2B0AD01DE001990598FFF72F
:10416000D5FD19E001990598FFF73AFE14E0019991
:104170000598FFF746FE0FE001990598FFF78AFEC4
:104180000AE001990598FFF7EDFE05E00199059811
:10419000FFF726FF00E000BFBDF81230059ADB00F4
:1041A00013449B7A002B33D0BDF81230059ADB0004
:1041B0001344DA88BDF8123011461846FFF718FD8F
:1041C0000390039B002B0ED1BDF81230059ADB0043
:1041D000134400229A72BDF81230059ADB00134492
:1041E0000122DA7214E0039B112B11D0094A0A4B09
:1041F000D31ADB081B0443F001040398F4F7BEFE56
:1042000003461A4605492046F2F7BAFD00E000BF12
:1042100006B010BDE0B2030088B20300D0CC0300AA
:10422000B0DF704700BF184666DF704700BF184612
:1042300082B001900091019B002B01D10E2316E06A
:10424000009B002B01D10E2311E0019B1B78DE2B7C
:1042500001D108230BE0009B1A68019B5A60019B67
:10426000DE221A70019B4FF6FF725A800023184617
:1042700002B0704782B001900B46ADF80230019B4E
:10428000002B01D10E230AE0019B1B78DE2B01D00D
:10429000082304E0019BBDF802205A800023184641
:1042A00002B0704700B585B00190019B1B7A002BCE
:1042B00018D0019B5B8800211846FFF7B5FF0390DB
:1042C000039B002B03D1019B00221A720AE0039B7F
:1042D000112B03D1019B01221A7203E0019B5B6841
:1042E0000398984700BF05B05DF804FB00B583B0A4
:1042F00001900091009B1B79012B0BD1009B1A8828
:10430000019B5B889A4205D1019B01221A72019898
:10431000FFF7C8FF00BF03B05DF804FB82B0019057
:10432000009100BF02B0704700B589B001900091C4
:10433000009B1A88019B5B889A4236D1009B02330E
:104340000793079B1B78022B31D1079B1B7A042B09
:1043500007D0079B1B7A062B03D0079B1B7A052BE4
:1043600027D102AB00221A605A609A60DA600223F9
:104370008DF808304FF4C073ADF80C30079B1B7AF2
:10438000052B02D10023ADF80C30009B1B8802AA3C
:1043900011461846FFF744FF0690069B002B09D0F4
:1043A000019B5B680698984704E000BF02E000BFED
:1043B00000E000BF09B05DF804FB00B585B00190D6
:1043C0000091009B002B40D0019B002B3FD0009B15
:1043D0000393039B1B78DE2B3BD1019B9A88039BA5
:1043E0005B889A4202D10398FFF75CFF019B1B8810
:1043F000512B18D0512B2EDC112B1BD0112B2ADC6A
:10440000012B02D0022B07D025E0019B0433194673
:104410000398FFF76BFF21E0019B043319460398D3
:10442000FFF77CFF1AE0019B043319460398FFF75E
:104430007BFF13E0019B9A88039B5B889A420CD117
:10444000039B4FF6FF725A8007E000BF06E000BFF3
:1044500004E000BF02E000BF00E000BF05B05DF86F
:1044600004FBA8DF704700BF1846ADDF704700BFF0
:104470001846AEDF704700BF184662DF704700BFC6
:10448000184600B58FB00190009100230393019B63
:104490005869009B9B8803AA1946FFF7AEF90D9057
:1044A00005AB08220021184606F000FB04AB06937A
:1044B0000223ADF814300023ADF81630009B988825
:1044C000019B1B8905AA1946FFF7CFFF0D900D9B95
:1044D000002B26D1019B9B69002B22D0069B1846FE
:1044E000FFF7E8F90346002B1BD0039B002B02D0FB
:1044F000039B01221A7007AB18220021184606F010
:10450000D5FA02238DF81C30019B0893009B9B88F1
:10451000ADF82430039B0A93019B9B6907AA1046C0
:10452000984700BF0FB05DF804FB00B58DB0019057
:104530000091009B06330B93019B5869009B9B885D
:1045400003AA1946FFF759F90A9004AB1822002173
:10455000184606F0ABFA019B0593009B9B88ADF8CB
:104560001830039B07930B9B1A88019B1B899A4267
:1045700025D10B9B5B89022B21D1039B002B38D0CB
:104580000B9B0C331846FFF795F90346002B06D01A
:10459000039B01221A7002238DF8103005E0039B63
:1045A00000221A7003238DF81030019B9B69002BA9
:1045B0001FD0019B9B6904AA1046984719E00B9BEA
:1045C0001A88019B9B899A4214D1019B9B69002BFD
:1045D00010D000238DF810300B9B0C3308930B9BED
:1045E0005B89ADF82430019B9B6904AA104698476B
:1045F00000E000BF00BF0DB05DF804FB00B58BB05C
:1046000001900091019B5869009B9B8802AA194662
:10461000FFF7F3F80990099B002B1AD1029B1B7836
:10462000002B17D003AB18220021184606F03EFAE3
:1046300001238DF80C30019B0493009B9B88ADF8FF
:104640001430029B0693019B9B6903AA104698476E
:1046500000E000BF0BB05DF804FB00B585B0019031
:104660000091009B002B1ED0019B002B1BD0009BB8
:104670000393019B1B88572B10D0572B15DC102B55
:1046800002D0502B05D010E001990398FFF7F9FEF6
:104690000CE001990398FFF748FF07E001990398A0
:1046A000FFF7ACFF02E000BF00E000BF05B05DF81F
:1046B00004FB000010B592B0019000914F4B0AAC82
:1046C0000FCB84E80F00019B002B01D10E2391E05A
:1046D000009B002B01D10E238CE0009B1A68019BEC
:1046E0009A61019A0AAB11461846FFF7C6FE11906F
:1046F000119B1093109B002B01D0109B7AE0019B23
:104700001B788DF83A300123ADF83830019B9A1CA4
:104710000EAB19460120FFF7A4FE1190119B0F93D9
:104720000F9B002B01D00F9B64E002AB20220021E5
:10473000184606F0BBF90223ADF80830019B1B7840
:104740008DF80A304223ADF80C300123ADF80E305D
:1047500001238DF814309DF8153043F008038DF8CF
:1047600015309DF8153043F004038DF81530012302
:104770008DF8193001238DF81A30019B5888019B60
:1047800003F10C0202AB1946FFF71CF91190119BC3
:10479000002B01D0119B2DE002AB202200211846F6
:1047A00006F084F90323ADF80830019B1B788DF8DF
:1047B0000A304223ADF80C300123ADF80E3001234E
:1047C0008DF814309DF8153043F010038DF8153036
:1047D00001238DF8193001238DF81A3001238DF84B
:1047E0001B30019B5888019B1A1D02AB1946FFF72D
:1047F000E9F80346184612B010BD00BF3CCD0300D7
:1048000000B58DB0039002910192ADF80230039B88
:10481000002B01D10E2342E0039B5B6905AABDF882
:1048200002101846FEF7E9FF0B900B9B0A930A9BB8
:10483000002B01D00A9B32E0BDF802304FF6FF7228
:10484000934202D0059B002B01D1052327E0059B55
:104850001B7883F00103DBB2002B01D008231EE09C
:10486000019B1B88422B01D9072318E006AB1022BD
:104870000021184606F01AF9039B9B88ADF8183002
:10488000029B0993019B089301238DF81A3006AA15
:10489000BDF8023011461846FFF7EBFD03461846F7
:1048A0000DB05DF804FB000082B003468DF80730C0
:1048B0009DF8073003F01F0205499DF907305B0999
:1048C000012000FA02F241F8232000BF02B0704735
:1048D00000E100E082B003468DF807309DF8073014
:1048E00003F01F0206499DF907305B09012000FA19
:1048F00002F2203341F8232000BF02B0704700BF0E
:1049000000E100E082B003468DF807309DF90730E2
:10491000002B0BDA0B4A9DF8073003F00F03043B22
:1049200013441B7EDBB25B09DBB208E0064A9DF94B
:104930000730134493F80033DBB25B09DBB218464F
:1049400002B0704700ED00E000E100E000B583B088
:104950000190019B002B03D10449C420F7F7BCFB55
:10496000019B5B68184603B05DF804FB4CCD030067
:1049700010DF704700BF184611DF704700BF1846B0
:1049800082B003468DF807309DF907301F2B0CDCF1
:104990009DF907300F4A22FA03F303F00103002BBD
:1049A00014BF01230023DBB210E09DF907303F2B39
:1049B0000BDC9DF90730203B012202FA03F3002BA8
:1049C00014BF01230023DBB200E00123184602B02C
:1049D000704700BFFC06FFBD82B00190019B072B12
:1049E00007D8EC22019B42FA03F303F00103002BEA
:1049F00001D1002300E00123184602B070470000F7
:104A000000B583B003468DF807309DF9073018468E
:104A1000FFF7B6FF0346002B02D142F201032EE05E
:104A20009DF907301846FFF76DFF03461846FFF75C
:104A3000D3FF0346002B02D142F202031FE0124BC8
:104A40009B68002B15D09DF907305B090E4A52F880
:104A500023209DF8073003F01F03012101FA03F31F
:104A600019469DF907305B090A43074941F823209D
:104A700004E09DF907301846FFF716FF002318469B
:104A800003B05DF804FB00BF2032002000B583B006
:104A900003468DF807309DF907301846FFF770FF81
:104AA0000346002B02D142F201031FE0114B9B6829
:104AB000002B15D09DF907305B090E4A52F82310E0
:104AC0009DF8073003F01F03012202FA03F3DA43D3
:104AD0009DF907305B090A40064941F8232004E0AC
:104AE0009DF907301846FFF7F5FE0023184603B07E
:104AF0005DF804FB2032002000B587B003468DF836
:104B0000073002AB14491846F4F7DCF917E002ABA2
:104B10001846FFF71BFF0590059B1B680493059B38
:104B200059689DF80720049B104698470346002BC0
:104B300001D111230BE002AB1846F4F7EDF902ABFB
:104B40001846FFF703FF0346002BE0D10023184669
:104B500007B05DF804FB00BF10CE030000B587B0BE
:104B600003468DF8073002AB11491846F4F7AAF94D
:104B700012E002AB1846FFF7E9FE0590059B1B68A3
:104B80000493059B59689DF80720049B104698479D
:104B900002AB1846F4F7C0F902AB1846FFF7D6FE91
:104BA0000346002BE5D100BF00BF07B05DF804FB52
:104BB0001CCE030000B583B01620FFF721FF019043
:104BC000019B0093009B002B04D0044AA121009874
:104BD000F2F790FD00BF03B05DF804FBA8CD030021
:104BE00000B583B01620FFF751FF0190019B0093A1
:104BF000009B002B04D0044AAD210098F2F77AFD07
:104C000000BF03B05DF804FBA8CD030000B585B07C
:104C1000234B1B78002B01D008233CE0214B0122C1
:104C20001A700020FFF768FF0346112B01D1002303
:104C300031E00020FFF792FF1B4B1B68029300231B
:104C40008DF807300DF107031846F2F787FE02AB27
:104C500016491846FFF78CFE0390039B002B0CBFF0
:104C600001230023DAB20E4B1A709DF80730184664
:104C7000F2F78AFE039B002B01D0039B0BE0094B4C
:104C800000221A700A4B00221A70FFF793FF0120CE
:104C9000FFF764FF0023184605B05DF804FB00BF72
:104CA00064440020664400200CCE0300117702000B
:104CB0006544002000B583B01D4B1B7883F00103D1
:104CC000DBB2002B01D008232EE01A4B01221A7010
:104CD0000120FFF711FF0346112B01D1002323E030
:104CE0000220FFF73BFF00238DF803300DF1030393
:104CF0001846F2F733FEFFF73FFE01900C4B0022FF
:104D00001A709DF803301846F2F73EFE019B002B07
:104D100001D0019B08E0074B00221A70FFF760FFEB
:104D20000320FFF71BFF0023184603B05DF804FBC8
:104D3000644400206644002008B50B4B1B7883F0C8
:104D40000103DBB2002B01D008230AE0074B1B78DC
:104D5000002B03D0FFF7AEFF034602E0FFF756FF3C
:104D60000346184608BD00BF664400206444002086
:104D7000014B1B78184670476444002000B585B08D
:104D80006B4611491846F4F79DF810E06B4618463B
:104D9000FFF7DCFD0390039B1B680293039B5A689B
:104DA000029B104698476B461846F4F7B5F86B46D9
:104DB0001846FFF7CBFD0346002BE7D100BF00BF2D
:104DC00005B05DF804FB00BF28CE030008B5FFF76F
:104DD000D5FF00BF08BD60DF704700BF184669DF20
:104DE000704700BF184661DF704700BF18460000DB
:104DF00000B583B00190019B002B03D10449C4206E
:104E0000F7F76AF9019B5B68184603B05DF804FB8D
:104E100034CE030082B00190019B002B01D10E2300
:104E200004E0044B1A46019B1A600023184602B0A6
:104E3000704700BF982A002010B586B00346009145
:104E40008DF807300098FFF7E5FF0590059B002BD4
:104E500001D0059BECE002AB0C220021184605F0C6
:104E600025FE9DF807308DF8083001238DF80A30B3
:104E70000623ADF80C30009B1A6802AB19462020BF
:104E8000FFF7ADFF0590059B002B0FD06A4A6B4BD7
:104E9000D31ADB081B0443F001040598F4F76EF8FD
:104EA00003461A4666492046F1F76AFF02AB0C2218
:104EB0000021184605F0FAFD01238DF80930002382
:104EC0008DF80A3000238DF80B30009B1A6802AB76
:104ED00019464020FFF783FF0590059B002B0FD05C
:104EE000554A564BD31ADB081B0443F001040598BE
:104EF000F4F744F803461A4652492046F1F740FFBA
:104F000002AB0C220021184605F0D0FD9DF80730B9
:104F10008DF808304523ADF80A30009B1A6802ABC3
:104F200019462320FFF75BFF0590059B002B0FD050
:104F3000414A424BD31ADB081B0443F00104059895
:104F4000F4F71CF803461A463F492046F1F718FFCC
:104F500002AB0C220021184605F0A8FD01238DF8B4
:104F60000830009B1A6802AB19460120FFF737FF93
:104F70000590059B002B0FD02F4A304BD31ADB082E
:104F80001B0443F001040598F3F7F8FF03461A46A3
:104F90002E492046F1F7F4FE02AB0C220021184600
:104FA00005F084FD4FF4B0630293009B1A6802ABD6
:104FB0001946A120FFF713FF0590059B002B0FD08A
:104FC0001D4A1E4BD31ADB081B0443F0010405984D
:104FD000F3F7D4FF03461A461D492046F1F7D0FEE9
:104FE00002AB0C220021184605F060FD9DF8083048
:104FF00043F001038DF80830009B1A6802AB194694
:10500000A020FFF7ECFE0590059B002B0FD00A4A6D
:105010000A4BD31ADB081B0443F001040598F3F78D
:10502000ADFF03461A460B492046F1F7A9FE0023BF
:10503000184606B010BD00BFF8B2030088B20300E6
:1050400094CE0300DCCE030028CF030070CF030012
:10505000BCCF030010D0030082B04FF08053D3F8D0
:105060000C319B020193019B03F10053184602B0DF
:105070007047000010B584B00190019B1B6803933A
:105080000198FFF7A8FE0290019B1B68039A9A42C1
:1050900029D2224A224BD31ADB081B0443F0020315
:1050A00020491846F1F75EFE1C4A1D4BD31ADB0857
:1050B0001B0443F00200019B1B68039A1A49F1F795
:1050C00070FE164A164BD31ADB081B0443F0020489
:1050D000FFF7C2FF0246019B1B68D31A1A46134909
:1050E0002046F1F74DFE029B002B03D1104B01220D
:1050F0001A700FE0094A0A4BD31ADB081B0443F06D
:1051000001040298F3F73AFF03461A46094920467C
:10511000F1F736FE029B184604B010BDF8B203004A
:1051200088B2030064D0030094D00300C8D0030009
:1051300067440020F4D0030000B5AFB00190234BCA
:105140001B7883F00103DBB2002B3AD19423ADF836
:10515000A6300DF1A60202AB11461846FFF743FE3A
:105160002D902D9B002B03D02D9B052B22D129E0C8
:1051700002AB2C9327AB16491846F3F7A3FE11E0B8
:1051800027AB1846FFF734FE2B902B9B1B682A9306
:105190002B9B5A682A9B11462C98984727AB184698
:1051A000F3F7BAFE27AB1846FFF722FE0346002BA3
:1051B000E6D1CBE7074A40F239112D98F2F79AFA77
:1051C00000E000BF2FB05DF804FB00BF6744002083
:1051D0007CD1030014D1030000B583B00190019B82
:1051E000002B03D10449C420F6F776FF019B5B68CE
:1051F000184603B05DF804FB88D103004BDF70470D
:1052000000BF184600B589B0019004AB1846FFF7FF
:10521000F5FF0790079B002B03D0079B052B20D1A0
:1052200024E002AB13491846F3F74CFE11E002AB41
:105230001846FFF7D1FF0690069B1B680593049A5A
:10524000069B5968059B1046984702AB1846F3F732
:1052500063FE02AB1846FFF7BFFF0346002BE6D103
:10526000D3E7054A6B210798F2F744FA00BF09B06B
:105270005DF804FB50D20300E8D1030082B0019036
:105280000B468DF803309DF803300633DAB2019BEC
:105290005A7000BF02B0704782B00190019B93F832
:1052A0004430DBB2002B14BF01230023DBB21846CD
:1052B00002B0704782B00190019B043B184602B0D7
:1052C000704700B583B00190019BDB6F002B09D0C4
:1052D000019B8033184602F0A7FC0346002B01D047
:1052E000012300E0002303F00103DBB2184603B002
:1052F0005DF804FB00B587B001900091019B243B51
:105300000593059B5B681B79002B04D0059B5B68AC
:105310001B79FF2B1AD1059BDB6F002B16D0059B49
:105320005B681A68059BC3F89420059B009AC3F834
:105330009820059B8033184602F03EFC0346002B64
:1053400004D07B460493049805F052FA059B5B68F1
:105350001B79002B0ED1059B5B681846FFF7AAFF4F
:105360000390059B00225A60059B5C330399184605
:1053700003F096F900BF07B05DF804FB00B585B0F7
:105380000190019B1B79002B35D000238DF80F3045
:105390002BE01B4803F070FA0346019AD278B3FB66
:1053A000F2F102FB01F29B1A8DF80E309DF80E20EF
:1053B0009DF80F309A4213D09DF80F30019AD35CBC
:1053C0008DF80D309DF80E209DF80F300199895C05
:1053D000019AD1549DF80E30019A9DF80D10D154C8
:1053E0009DF80F3001338DF80F30019BDB789DF86D
:1053F0000F209A42CDD300BF05B05DF804FB00BF7B
:105400006844002000B585B001900091009B47F2F0
:105410002F52934204D87B460393039805F0E8F992
:105420000E4803F029FA0246009BA3F59C43203B5B
:10543000B2FBF3F103FB01F3D31A029303F034FB45
:105440000246029B134403F59C43203319460198FE
:1054500003F0B4FD00BF05B05DF804FB6844002014
:1054600000B585B001900091019B1B78DBB2022B47
:1054700004D07B460393039805F0BAF90B4803F078
:10548000FBF903460A4AA2FB0312520B42F21071C7
:1054900001FB02F29B1A0293009A029B1A44019BA1
:1054A000DA6000BF05B05DF804FB00BF684400206F
:1054B0005917B7D100B585B001900091009B1B79B9
:1054C000002B04D17B460393039805F091F9009BD0
:1054D0001B79FF2B05D0009B1B79013BDAB2009BA7
:1054E0001A7100BF05B05DF804FB00B585B00190EE
:1054F000019B5B68002B04D17B460393039805F066
:1055000077F9019B5B681B79FF2B09D1019B5C3309
:10551000184603F08EF80346002B01D0012300E06B
:1055200000238DF80B309DF80B3003F001038DF84C
:105530000B30019B5B681B79002B0CBF0123002300
:105540008DF80A309DF80B30002B03D19DF80A30FE
:10555000002B01D0012300E0002303F00103DBB2A4
:10556000184605B05DF804FB10B584B001902AE040
:10557000019B5B68002B0FD0019B03F15C04019B36
:105580005B681846FFF796FE03461946204603F06F
:1055900087F8019B00225A60019B5C3303AA1146E5
:1055A000184602F0C1FF0346002B0AD1039B1A1DC7
:1055B000019B5A60019B5B6803F10802019B5A62E0
:1055C00001E000230AE0019B5B68002BD0D001982A
:1055D000FFF78BFF0346002BCAD10123184604B006
:1055E00010BD00B585B00190019B5B68002B04D114
:1055F0007B460393039805F0FBF8019B7433184630
:10560000FFF7BCFE019B5B6819460198FFF752FF4C
:10561000019B0833184600F0E3FF0346002B04D03B
:105620007B460293029805F0E3F800BF05B05DF8F1
:1056300004FB00B585B001900091009B0293029B92
:1056400000221A65029B1B78002B28D0029B93F83E
:105650004030002B05D10298FFF733FE0346002BA4
:1056600003D001238DF80F300CE00298FFF77CFF88
:1056700003468DF80F309DF80F30002B02D00298B2
:10568000FFF7AFFF9DF80F30002B08D0029B03F10E
:105690004402029B1B6F19461046FFF7E1FE00BF54
:1056A00005B05DF804FB00B585B00190019B1B7847
:1056B00023F00103DBB2002B0BD0019B1B7823F0FE
:1056C0000103DBB2022B04D07B460393039805F061
:1056D0008FF8019B1B7823F00103DBB2022B06D16C
:1056E000019B9B7963F03F03DAB2019B9A7100BF83
:1056F00005B05DF804FB000000B585B00190019B8A
:10570000184600F0C5F9019B44F620629A60002318
:105710008DF80F300EE09DF80F209DF80F300F49E7
:10572000895C019A13440A461A739DF80F300133BD
:105730008DF80F309DF80F30022B03D89DF80F30F5
:10574000022BE8D9019B9DF80F20DA73019B002200
:105750001A7400BF05B05DF804FB00BF5CD2030003
:1057600082B00190019B084A9A62019B25225A84CB
:10577000019B032283F82420019B002283F8202030
:1057800000BF02B0704700BFD6BE898E00B583B09F
:1057900001900091019B93F86830C3F34603DBB29C
:1057A00003F00103D9B2009A137861F386131370E2
:1057B000009BD81C019B69330622194605F04DF960
:1057C00000BF03B05DF804FB00B587B00190019BFA
:1057D0000593059B002B04D17B460493049805F0A8
:1057E00007F8059BDB6F002B04D17B4603930398DE
:1057F00004F0FEFF059BDB6F059AD2F89410059A22
:10580000D2F898200598984700BF07B05DF804FBD0
:1058100008B5024803F006F800BF08BD6844002040
:1058200000B587B00390029101920093039B002B77
:1058300002D0019B002B04D17B460593059804F010
:10584000D7FF009B0A2B04D87B460493049804F0EE
:10585000CFFF039B5C33009A92B20199184602F085
:105860001CFD039B68331846FFF746FF039B083374
:105870001846FFF775FF039B03F17402039B9A63BD
:10588000039B93F87720039B83F83C20039B0F4AEC
:105890005A63039B00225A62039B029ADA67039BB6
:1058A0000B4ADA64039B039A5A65039B00221A7021
:1058B000029B002B06D0039B8033039A05491846B0
:1058C00002F04CF900BF07B05DF804FBF55203008D
:1058D00033560300C957030000B583B00190019B04
:1058E0001B7883F00103DBB2002B1AD0019B01224D
:1058F0001A70019B5B68002B07D1019B5C33184633
:1059000002F065FE0346002B0BD0019B03F144021D
:10591000019B1B6F03F51C53103319461046FFF70C
:1059200071FD00BF03B05DF804FB00B589B00190C4
:105930000091019B002B04D17B460793079804F04C
:1059400057FF009B1F2B04D97B460693069804F053
:105950004FFF019B03F15C00009B9BB211339AB295
:1059600002AB194602F02CFD0590059B002B1BD1C4
:10597000029B04330393039B0833009AD2B211466F
:105980001846FFF77BFC039A137A022161F30303A5
:105990001372039B083319460198FFF7F7FE039B28
:1059A00000221A60039B08E0059B042B04D07B4671
:1059B0000493049804F01CFF0023184609B05DF816
:1059C00004FB00B587B001900091009B002B02D032
:1059D000019B002B04D17B460593059804F008FF3A
:1059E000009B1B79002B04D17B460493049804F0A0
:1059F000FFFE0098FFF75EFC0390009A137A6FF3A6
:105A000005131372009A137A6FF3C7131372009B76
:105A100000229A72019B03F15C00039B1B881A46CB
:105A2000039902F023FD019B1B78002B14D00198F1
:105A3000FFF732FC034683F00103DBB2002B0BD0EF
:105A4000019B03F14402019B1B6F03F51C531033B0
:105A500019461046FFF7D6FC00BF07B05DF804FBFF
:105A600000B585B001900B468DF80330019B002BEB
:105A700004D17B460393039804F0BAFE019B9DF882
:105A8000032083F8282000BF05B05DF804FB000068
:105A900000B585B001904FF08053D3F8A03003F0EB
:105AA00001030393039B002B03D0039B012B06D020
:105AB0000CE0019A13786FF3470313700BE0019A1F
:105AC0001378012161F34703137004E07B460293CE
:105AD000029804F08DFE019B013306220549184609
:105AE00004F0BBFF0198FFF7DEFD00BF05B05DF8D5
:105AF00004FB00BFA400001082B003468DF80730FD
:105B00009DF8073003F01F0205499DF907305B0936
:105B1000012000FA02F241F8232000BF02B07047D2
:105B200000E100E082B003468DF807309DF80730B1
:105B300003F01F0206499DF907305B09012000FAB6
:105B400002F2203341F8232000BF02B0704700BFAB
:105B500000E100E082B003468DF807309DF8073081
:105B600003F01F0206499DF907305B09012000FA86
:105B700002F2603341F8232000BF02B0704700BF3B
:105B800000E100E082B0034600918DF807309DF9F6
:105B90000730002B0CDA009BDAB20C499DF8073075
:105BA00003F00F03043B5201D2B20B441A7609E012
:105BB000009BDAB206499DF907305201D2B20B447C
:105BC00083F8002300BF02B0704700BF00ED00E083
:105BD00000E100E082B0019000BF02B0704782B0E7
:105BE000019000BF02B0704708B50C4802F000FEFB
:105BF0000346002B0AD10A4B1B68002B08D0094B27
:105C00001B7883F00103DBB2002B01D0012300E0FD
:105C1000002303F00103DBB2184608BD78440020DE
:105C2000844400208D44002008B50A4B01225A60AC
:105C3000084B0122DA60074B4FF0FF32C3F808230C
:105C4000044B0022C3F800220A20FFF783FF00BFA5
:105C500008BD00BF00A0004008B51920FFF7BAFF3B
:105C6000FFF7E2FF1F4B0022C3F840211D4B01222A
:105C7000C3F840251B4B0422C3F81025194B002202
:105C8000C3F80425174B0022C3F80825164B174A02
:105C9000C3F86025144B164AC3F86425124B4FF421
:105CA0008062C3F804250F4B01221A6000BF0D4B20
:105CB000D3F84031002BFAD00A4B0022C3F8402120
:105CC000094B4FF48062C3F808251920FFF787FFBE
:105CD000084BD3F84825034BD3F84035D31A184660
:105CE00008BD00BF00A0004000F0014040A10040FE
:105CF000488000400080004008B5054B4FF0FF325F
:105D0000C3F808230120FFF725FF00BF08BD00BF2F
:105D10000010004008B50B4B1B7883F00103DBB289
:105D2000002B0DD0FFF7E8FF1720FFF753FF054BBF
:105D300001221A70FFF790FF0346184601F01CFA83
:105D400000BF08BD8C44002008B50A4B1B78002B0F
:105D50000DD01720FFF743FF1820FFF73BFF01F09E
:105D60002FFA044B00221A701820FFF738FF00BFEB
:105D700008BD00BF8C44002000B583B003F072FE64
:105D80000190114B1B68019AD31A002B04DB7B4650
:105D90000093009804F02CFD002003F0F1FC162085
:105DA000FFF71DFF094B00221A60094B1B78DBB27D
:105DB000002B02D003F0B8FC01E000F047F800BF70
:105DC00003B05DF804FB00BF884400208444002039
:105DD0008044002000B585B00190012003F0D0FC84
:105DE000164A019B1360FFF787FFFFF735FF03900B
:105DF000124B1B68DA68039B1344114A1360114B62
:105E000000221A701620FFF7E5FE0F4B01221A70D0
:105E10000A4B1B681B68094A1268126911460398ED
:105E20009847094B00221A70064B1B78002B01D0B3
:105E3000FFF7A2FF00BF05B05DF804FB844400201B
:105E4000884400208D4400208E44002000B587B097
:105E500003F0C8FC034683F00103DBB2002B4BD0F8
:105E6000274802F0C5FC049000230593049B002BF7
:105E700002D0049B1B68059303F0DAFC039003F047
:105E8000D1FC0290059B002B09D0059BDB68643395
:105E9000029A9A4203D2012003F056FC2CE0059BA3
:105EA000002B1AD0059BDB686433039A9A4214D9FD
:105EB000FFF74AFF124802F071FC0246049B93422E
:105EC00004D07B460193019804F092FC059B0022CC
:105ED0005A610598FFF77EFF0EE0039BB3F5FA7F4A
:105EE0000AD901F06DFA0346002B02D0FFF712FF2A
:105EF00002E003F019FCFFE700BF07B05DF804FB08
:105F00007844002000B583B0074B1B68002B07D0F6
:105F1000054B1B680193044B00221A60019B9847B4
:105F200000BF03B05DF804FB9044002000B583B0CF
:105F30001A4B1B68002B1ED0184B1B689B68002B4C
:105F400004D17B460093009804F052FC144B0122CC
:105F50001A70124B1B689B68104A1268126910462F
:105F600098470F4B00221A700E4B1B78002B10D055
:105F7000FFF702FF0DE00C4B1B7883F00103DBB24F
:105F8000002B04D07B460193019804F031FC01F012
:105F900049F900BF03B05DF804FB00BF8444002052
:105FA0008E4400208D4400208C44002008B50C480D
:105FB00002F0ACFB0B4B00221A600B4B00221A7054
:105FC0000A4B01221A700A4B00221A70094B002258
:105FD0001A7000210A20FFF7D5FD00BF08BD00BFE1
:105FE00078440020844400208C4400208044002019
:105FF0008E4400208D44002000B583B0002301931F
:10600000084B1B78DBB2002B05D0064B00221A7020
:1060100000F060F801E008230193019B184603B0EB
:106020005DF804FB8044002000B589B00190019B1D
:10603000002B04D17B460693069804F0D9FB019B04
:106040001B68002B04D17B460593059804F0D0FB18
:10605000019BDB68002B04D17B460493049804F079
:10606000C7FB019BDB68174A934204D97B46039325
:10607000039804F0BDFB019B5B69019A9A4202D12F
:106080000823079318E0019B019A5A61019B14337E
:1060900019460D4802F04FFB0C4B1B78DBB283F026
:1060A0000103DBB2002B05D0094B1B68002B01D18B
:1060B00000F010F800230793079B184609B05DF81D
:1060C00004FB00BF6085010078440020804400206C
:1060D0008444002008B50D4B1B78DBB283F001032C
:1060E000DBB2002B10D001F06BF90346002B04D17A
:1060F000FFF77AFD0346002B06D003F0E1FA0346D2
:10610000002B01D003F0B4FB00BF08BD8044002089
:1061100000B585B0164B1B68002B04D17B4603935A
:10612000039804F065FB03F09DFB034683F0010335
:10613000DBB2002B04D07B460293029804F058FB9C
:106140000C4B1B78002B04D07B460193019804F084
:106150004FFB094B1B78002B03D0064B01221A7012
:1061600001E0FFF709FE00BF05B05DF804FB00BFCA
:10617000844400208D4400208E44002000B585B06A
:1061800003F070FB034683F00103DBB2002B04D065
:106190007B460393039804F02BFB1F4B1B68002BDB
:1061A0001ED01D4B1B685B68002B04D17B460193FE
:1061B000019804F01DFB194B01221A70164B1B6845
:1061C0005B68154A1268126910469847134B002203
:1061D0001A70134B1B78002B1AD0FFF7CDFD17E078
:1061E000104B1B7883F00103DBB2002B04D07B46FD
:1061F0000293029804F0FCFA00F0F6FF01F0E0F8D8
:10620000034683F00103DBB2002B01D003F08CFACC
:1062100000BF05B05DF804FB844400208E440020DC
:106220008D4400208C44002000B583B003F01AFB9D
:10623000034683F00103DBB2002B04D07B460193BD
:10624000019804F0D5FA094B1B68002B09D1084BC3
:106250001B78DBB2002B02D003F066FA01E0FFF7F7
:10626000F5FD00BF03B05DF804FB00BF84440020CF
:106270008044002000B583B003F0F4FA034683F0B5
:106280000103DBB2002B04D07B460193019804F09C
:10629000AFFA0A4B1B68002B04D07B460093009892
:1062A00004F0A6FA0A20FFF727FC0120FFF724FCE0
:1062B000FFF7CCFD00BF03B05DF804FB8444002071
:1062C00000B583B003F0CEFA034683F00103DBB2DE
:1062D000002B04D07B460193019804F089FA0C4B03
:1062E0001B68002B04D07B460093009804F080FAD2
:1062F000FFF72AFDFFF798FCFFF7FEFC054B012294
:106300001A610A20FFF70EFC00BF03B05DF804FB22
:106310008444002000A0004008B5044B1B78DBB289
:10632000002B01D0FFF7EEFD00BF08BD8044002028
:1063300082B0019000BF02B0704782B0019000BFF0
:1063400002B07047074B084AC3F86025054B074A5F
:10635000C3F86425034B4FF48062C3F8042500BFE3
:10636000704700BF00F001400411004040A0004011
:1063700000B583B00190019B5B69054A1278134414
:106380001B78184600F03AFB00BF03B05DF804FB31
:106390009444002008B5044B0322C3F8002200F007
:1063A000A3FA00BF08BD00BF0010004000B585B0D3
:1063B000019000911620FFF7BBFF1B20FFF7B8FFED
:1063C000009B0393FFF7BEFF00F0F0FA039B20331E
:1063D000184600F031FB039B9B6A0021184600F031
:1063E0009BFB039B1B6B1B78184600F007FB1E4BA7
:1063F00001221A70019803F05BFB03461B4A1360ED
:10640000039BDA691A4BC3F80425194B0022C3F821
:106410001021174B1022C3F80423164B01225A6493
:10642000134B01221A60134BD3F844350133012179
:10643000184600F0DFF9039B93F83430012B09D99B
:106440000B4B0722C3F80022039B1C331846FFF7AF
:106450008FFF01E0FFF79EFF1620FFF76EFF00BFE2
:1064600005B05DF804FB00BF944400209844002070
:106470000010004000A0004000B587B00190114B13
:10648000D3F84025104B1B681344059303F0EAFA38
:106490000490019BDB6A019A1C32059910469847CB
:1064A00003F0E0FA0390039A049BD31A503B002BAD
:1064B00004DB7B460293029804F09AF900BF07B010
:1064C0005DF804FB00A000409844002000B583B0B4
:1064D00001901B20FFF731FF00F03AFAFFF718FE9A
:1064E000019B002283F8382000BF03B05DF804FB55
:1064F00000B587B001901720FFF71AFF019B0593A5
:10650000214BD3F81031002B04D17B46049304981F
:1065100004F06EF91C4B0022C3F810211B4B1B78B2
:106520000133DAB2194B1A7000F0CAF9059B93F8DF
:106530003420164B1B789A4206D20598FFF79CFF31
:106540000598FFF7C3FF18E0059B93F834200F4B25
:106550001B789A4205D9059B1C331846FFF708FFA4
:1065600001E0FFF717FF084BD3F81031002B04D0E0
:106570007B460393039804F03BF91720FFF7DDFEF9
:1065800000BF07B05DF804FB0010004094440020F9
:1065900084B001900B468DF8033013468DF802301D
:1065A000019B5B780A3303939DF80230042B02D1E0
:1065B000039B013303939DF80230084AD35C1A46CB
:1065C000039B03FB02F32E3302939DF80330029AE0
:1065D00002FB03F39833184604B0704760D20300FF
:1065E00000B585B00190019BDB6A002B04D17B468E
:1065F0000393039804F0FCF8019B93F83830002BC8
:1066000001D0112327E0019B154A1A60019B154A0E
:106610005A60019BD869019B93F83410019B93F851
:1066200024301A46FFF7B4FF0246019BDA60019B53
:10663000019A1A61019B012283F83820019B1846B8
:10664000FFF7F2FC0346002B04D07B46029302982E
:1066500004F0CEF80023184605B05DF804FB00BF37
:10666000AD630300F164030000B587B003460091F9
:106670008DF80730009B002B04D17B4604930498CF
:1066800004F0B6F89DF80730002B08D09DF80730CD
:10669000012B04D07B460393039804F0A9F89DF8DE
:1066A0000730154A52F83330059311E0059B0C3B37
:1066B0000293029B5B68029A926811460098984781
:1066C0000346002B01D0012311E0059B1B680593B5
:1066D000059B002BEAD19DF807200749D3000B4406
:1066E0005B68591C0448D3000344596000231846D2
:1066F00007B05DF804FB00BF9C44002082B001900D
:106700000091019B1B7803F00203DBB2002B01D147
:10671000094B01E04FF00313019A1278C2F385028E
:10672000D2B2120205491A43009B03F5A27341F845
:10673000232000BF02B07047030013000060004038
:1067400082B001900091009B00221A601149124B07
:106750009B78009AA23341F833200F4B1B799B00A2
:1067600003F1804303F5C0430A4A0B498978084680
:10677000194600F1A203DB0013445960064B9B78D5
:106780001946044A01238B40C2F8043500BF02B009
:10679000704700BF00F00140AC44002082B001907F
:1067A000019B1B7803F00103DBB2002B1FD0019B80
:1067B0001B7803F00203DBB2002B0CD0019B1B788B
:1067C000C3F38503DBB219464FF0A04201238B408F
:1067D000C2F80C350BE0019B1B78C3F38503DBB2D9
:1067E00019464FF0A04201238B40C2F8083500BF84
:1067F00002B0704700B583B001900091134B5B79F4
:10680000DBB2002B1DD0114B1B7803F00103DBB270
:10681000002B16D00D4B9B7819460C48FFF76EFFE6
:10682000009B9A000A4B134419460848FFF788FF5B
:106830000849019B03F11602009B03F5A87341F878
:10684000232000BF03B05DF804FB00BFAC44002070
:1068500040A1004000A0004000B583B0019000912D
:10686000134B5B79DBB2002B1DD0114B5B7803F02F
:106870000103DBB2002B16D00D4B9B7819460D4857
:10688000FFF73CFF009B9A000B4B13441946094845
:10689000FFF756FF0949019B03F11602009B03F520
:1068A000A87341F8232000BF03B05DF804FB00BFCC
:1068B000AC440020AD44002040A1004000A00040B6
:1068C000074B5B79DBB2002B07D0054B9B78194651
:1068D000044A01238B40C2F8083500BF704700BF4F
:1068E000AC44002000F00140154B5B79DBB2002B7B
:1068F00023D0144B0022C3F81021134A104BDB782D
:10690000A233124942F833100D4B1B799B0003F15F
:10691000804303F5C0430C4A0949C9780846194623
:1069200000F1A203DB0013445960054BDB781946E4
:10693000054A01238B40C2F8043500BF704700BFF1
:10694000AC4400200010004000F001401011004055
:1069500008B5124B5B79DBB2002B1CD00F4B9B7838
:106960001A46012303FA02F20C4BDB781946012385
:106970008B400B491343C1F808350A4A074B1B7972
:1069800003F5A273002142F823100448FFF706FF25
:106990000548FFF703FF00BF08BD00BFAC4400205F
:1069A00000F0014000600040AD440020114B002287
:1069B000C3F8FC2F0F4B0122C3F8FC2F0D4B40F204
:1069C0005B62C3F838250B4B40F20312C3F8342541
:1069D000084B094AC3F83C25064B9622C3F84425C8
:1069E000044BD3F85036034A43F00103C2F8503643
:1069F00000BF7047001000405555550000B585B0E8
:106A00000190019B272B04D97B460393039803F045
:106A1000EFFE074A019B13441A78064BC3F808257A
:106A2000044A019BC2F8543500BF05B05DF804FB71
:106A300068D203000010004000B589B00190019BAE
:106A4000002B04D17B460793079803F0D1FE019BEE
:106A50001B79052B04D97B460693069803F0C8FEE4
:106A6000019B5B88002B04D17B460593059803F0BE
:106A7000BFFE019B5B880233B3F5817F04D97B465F
:106A80000493049803F0B4FE019B1A78214BC3F8D9
:106A90000C25019B1A791F4BC3F81025019B5B88BD
:106AA000DBB21C4A43F0007343F44033C2F818359C
:106AB000019B5B88252B01D9082300E00623039363
:106AC000039BC3F108030293029B1B0403F470228F
:106AD000039B03F00F0313430E4A43F48073C2F881
:106AE00014350C4BD3F814350A4A43F48013C2F81A
:106AF0001435019B1B79042B07D1064BD3F81435B1
:106B0000044A43F08073C2F8143500BF09B05DF841
:106B100004FB00BF0010004000B585B0019000915B
:106B20001A4BD3F818351B0C03F00703032B04D0C2
:106B30007B460393039803F05BFE009B002B03D07E
:106B4000009B012B0BD017E0104A019B1B0EC2F8D3
:106B500024350E4A019B1B02C2F81C3512E0019B32
:106B60001B0C0A4A03F47F43C2F82435074A019BF1
:106B70001B02C2F8203505E07B460293029803F021
:106B800037FE00BF00BF05B05DF804FB00100040F9
:106B900082B003468DF807309DF8073003F01F02DE
:106BA00006499DF907305B09012000FA02F24033E3
:106BB00041F8232000BF02B0704700BF00E100E0B1
:106BC00082B003468DF807309DF8073003F01F02AE
:106BD00006499DF907305B09012000FA02F2603393
:106BE00041F8232000BF02B0704700BF00E100E081
:106BF00082B0019000BF02B0704782B0019000BF28
:106C000002B070470A4B5B790133DAB2084B5A7114
:106C1000074B5A79064B93F82F309A4202D3044B14
:106C200000225A71024B02221A7100BF704700BF46
:106C3000B4440020054B9A6A044B5B6A9A420CBF2D
:106C400001230023DBB21846704700BFB444002084
:106C500000B585B01E4B9B68002B04D07B46039388
:106C6000039803F0C5FD3C221A491B4801F0A8FB1C
:106C70000346002B0CBF012300238DF80B309DF839
:106C80000B30002B0AD0124B9B6804330193019BFD
:106C900003F11402114BC3F8042504E00C4B9B696B
:106CA00001330B4A93619DF80B30002B14BF012375
:106CB0000023DBB283F00103DBB203F00103DAB29D
:106CC000034B9A709DF80B30184605B05DF804FB35
:106CD000B4440020BC44002038450020001000408F
:106CE00000B583B0FFF762FE2448FFF7A5FE244BF2
:106CF0000022C3F83025002301931FE0214A019BA5
:106D00000A339B0013449B68002B14D01D4A019B3F
:106D10000A339B0013449B6801991846FFF7FCFE59
:106D2000174BD3F830250121019B01FA03F31449D5
:106D30001343C1F83035019B01330193019B072BAD
:106D4000DCD90F4B0822C3F804230D4B1122C3F8E2
:106D500000220B4B0022C3F804210B4B0B4AC3F853
:106D60006025094B0A4AC3F86425074B4FF480623B
:106D7000C3F8042500BF03B05DF804FBD044002035
:106D800000100040B444002000F001400411004015
:106D90004880004000B583B0EFF31083019372B6D2
:106DA000074B5B78002B02D00120FFF7F1FE019B1F
:106DB000002B01D162B600BF00BF03B05DF804FB39
:106DC000B444002008B51620FFF717FF0E4B012230
:106DD0001A610D4B0022C3F80C210C4B9B68002B51
:106DE00008D00A4B9B681946094801F059FC074B2B
:106DF00000229A6000BF044BD3F85035002BFAD123
:106E0000FFF7A6FD00BF08BD00100040B4440020FD
:106E10003845002000B583B0234BD3F85035002B04
:106E200004D07B460193019803F0E2FC1F4B5B7991
:106E30001A461E4B134493F82C301846FFF7DEFD1C
:106E40001A4BDB78002B04D0FFF74AFF174B0022C8
:106E5000DA70FFF7FDFE0346002B1ED0144B012213
:106E60005A64114B01225A60114BD3F84435013357
:106E700001211846FFF7F0FCFFF736FD0C4B00220E
:106E8000C3F844210A20FFF79BFE094B4FF4003260
:106E9000C3F804231620FFF7ABFE044B01221A713E
:106EA00000BF03B05DF804FB00100040B4440020B4
:106EB00000A0004000B585B01920FFF799FE00231F
:106EC0008DF80F30544B9B6804330293534BD3F827
:106ED0000034002B05D1504B1B6901334E4A13611E
:106EE0000FE0029B5B7D9AB24B4BDB8B9A4205D93C
:106EF000494B5B690133484A536102E001238DF835
:106F00000F309DF80F30002B76D0444BD3F8483526
:106F1000DBB25B42DBB25AB2029B5A723F4BD3F8F0
:106F200008343D4A0A339B0013449A68029B5A6016
:106F30003A4BD3F85435DBB203F03F03DAB2029B8D
:106F40001A72374BD3F848350193019802F0B0FD1F
:106F50000246029B1A60029B03F10B00029B17334F
:106F60000622194603F079FD029B1B7DC3F38013B3
:106F7000DBB203F07F03D9B2029A937A61F347033D
:106F80009372029B1B7DC3F30303DBB21A46029B81
:106F90005A74214BDB6801331F4AD3601E4BD3F870
:106FA0009032002B05D01C4BD3F8903201990298F7
:106FB000984702990020FFF757FB034683F001032F
:106FC000DBB2002B11D0144B9968029B5B7D9BB206
:106FD00017339BB21A46134801F048FA0E4BD3F808
:106FE0008030184600F096FD0CE00B4B9B6819466C
:106FF0000C4801F055FB05E0074B9B681946094812
:1070000001F04EFB044B00229A601920FFF7F5FDBA
:1070100000BF05B05DF804FBB44400200010004040
:10702000008000403845002000B583B00B4B1B7931
:10703000002B0DD0002B05DB013B012B02D8FFF705
:10704000E9FE06E07B460193019803F0D1FB00E0E6
:1070500000BF00BF03B05DF804FB00BFB4440020D4
:1070600000B583B0144B1B79022B06D0022B18DC21
:10707000002B13D0012B05D013E0FFF7A3FEFFF781
:10708000C9FE15E0FFF7E4FD0346002B0FD00B4BC4
:1070900001229A601620FFF7ABFD08E0FFF792FE91
:1070A00006E07B460193019803F0A2FB00E000BFDD
:1070B00000BF03B05DF804FBB444002000100040A2
:1070C00000B583B00E4B1B79022B06D0022B0CDCD3
:1070D000002B07D0012B0ED007E0FFF773FEFFF760
:1070E00099FE09E0FFF76EFE06E07B4601930198EA
:1070F00003F07EFB00E000BF00BF03B05DF804FBBF
:10710000B444002000B583B0194B1B78012B02D08A
:10711000022B03D022E0FFF755FE25E0154BD3F8F4
:107120005035032B13D801A252F823F03D71030010
:10713000497103004371030049710300FFF774FFB5
:107140000BE0FFF78DFF08E0FFF7BAFF05E07B4695
:107150000193019803F04CFB06E005E07B460093A9
:10716000009803F045FB00BF00BF03B05DF804FBCF
:10717000B44400200010004000B583B001901B20F3
:10718000FFF736FD1A20FFF733FD0C4B01225A7032
:107190000A4B0022DA70FFF7A3FD084B1B78022B85
:1071A00005D1064B1B79002B01D0FFF733FE1B20C6
:1071B000FFF723FD00BF03B05DF804FBB4440020DB
:1071C00008B51C20FFF714FD064B00225A70FFF78C
:1071D000F9FD1A20FFF711FD1C20FFF70EFD00BF7F
:1071E00008BD00BFB444002008B51D20FFF700FD16
:1071F0000B4BD3F80C31002B0BD01620FFF7FDFC06
:10720000074B0022C3F80C21054BD3F80C31FFF7D4
:1072100051FEFFF777FF1D20FFF7EFFC00BF08BD11
:107220000010004000B583B00D4BD3F84431002B63
:1072300004D17B460193019803F0DAFA084B4FF42E
:107240000032C3F80823064B0022C3F84421044B44
:10725000D3F84431FFF734FB00BF03B05DF804FB03
:1072600000A0004000B583B001900091044B0022C3
:107270001A71FFF78FFD00BF03B05DF804FB00BF7C
:10728000B444002000B583B001900091FFF7BAFC30
:10729000FFF780FD00BF03B05DF804FB00B583B0CD
:1072A00001F002FC0190FFF7C5FC0346002B03D060
:1072B000094801F05BFE07E0084B5A6A019B134442
:1072C0001946054801F07AFE0199054801F076FE5D
:1072D00000BF03B05DF804FB1C450020B44400204F
:1072E0000445002000B583B001904FF425720021C1
:1072F000134803F0DBFB4FF400721249124800F010
:10730000CCFF00F0B9F90E4B00221A770C4B252266
:10731000DA830B4B0D4A1A67094B0D4A9A65084BE5
:1073200001221A70064B01221A71019800F0C0FB6D
:107330000346034AC2F8803000BF03B05DF804FB87
:10734000B444002044450020384500206572030005
:107350008572030000B585B001900A4BD3F89032D6
:10736000002B07D0019B002B04D07B46039303988E
:1073700003F03EFA034A019BC2F8903200BF05B009
:107380005DF804FBB444002000B583B00B4B1B78C0
:10739000002B04D17B460193019803F029FA074B97
:1073A0001B78012B06D1FFF779FF044B02221A70DC
:1073B000FEF790FE00BF03B05DF804FBB44400206C
:1073C000044B1B78022B0CBF01230023DBB21846B1
:1073D000704700BFB444002000B583B011E0019BAA
:1073E000043319460120FFF73FF90346002B05D06F
:1073F000019B0433184600F013F802E0019B0433AC
:1074000008E001AB1946054801F08EF80346002B51
:10741000E5D00023184603B05DF804FB3845002092
:1074200000B585B00190019B002B04D17B460393EE
:10743000039803F0DDF9019B043B1946064801F06F
:107440002FF9064B9B78002B01D0FFF7A3FC00BF60
:1074500005B05DF804FB00BF38450020B4440020AF
:1074600008B5034801F0B3F80346184608BD00BF4D
:107470003845002082B003468DF80730054A9DF854
:10748000073082F82030034B0122DA7000BF02B0CF
:10749000704700BFB444002000B587B00190009150
:1074A000019A009B9A4204D27B460593059803F00B
:1074B0009FF9019B144A934204D97B460493049894
:1074C00003F096F9009B40F6B732934204D87B460E
:1074D0000393039803F08CF90C4A019B93620B4AC7
:1074E000009B5362094B9B6A084A5367074B9B6A90
:1074F000064AD365054B1B78022B01D1FFF7CEFE60
:1075000000BF07B05DF804FB00007102B444002026
:1075100084B001900B468DF80330224A02AB12680A
:10752000114619800233120C1A7000238DF80F30A7
:107530002EE000238DF80E3000238DF80D3015E07D
:107540009DF80F30019A13441A789DF80D3004A964
:107550000B4413F8083C9A4203D101238DF80E30F6
:1075600008E09DF80D3001338DF80D309DF80D3099
:10757000022BE5D99DF80E3083F00103DBB2002B1E
:1075800001D000230BE09DF80F3001338DF80F3050
:107590009DF80F209DF803309A42CAD30123184664
:1075A00004B0704790D2030000B585B001900B463F
:1075B0008DF803309DF80330002B03D09DF8033085
:1075C000032B04D97B460393039803F011F99DF82C
:1075D000033019460198FFF79BFF034683F0010330
:1075E000DBB2002B04D07B460293029803F000F933
:1075F0009DF803301A460199074803F02EFA074B0D
:1076000000225A71054A9DF8033082F82F3000BFDE
:1076100005B05DF804FB00BFE0440020B444002046
:1076200000B585B001900B468DF803309DF803300E
:10763000002B03D09DF80330082B04D97B4603931D
:10764000039803F0D5F820220021094803F02EFA10
:107650009DF803309B001A460199054803F0FDF997
:10766000044B0122DA7000BF05B05DF804FB00BFD7
:10767000E4440020B444002000B583B00F4A01ABBD
:107680001268114619800233120C1A7001AB0321E3
:107690001846FFF789FF0A4B00936B4601211846F5
:1076A000FFF7BEFF0320FFF7E5FE06490548FFF799
:1076B000F3FE00BF03B05DF804FB00BF90D20300EF
:1076C000D6BE898E80841E0082B003468DF80730B6
:1076D0009DF8073003F01F0205499DF907305B094B
:1076E000012000FA02F241F8232000BF02B07047E7
:1076F00000E100E082B003468DF807309DF80730C6
:1077000003F01F0206499DF907305B09012000FACA
:1077100002F2403341F8232000BF02B0704700BF9F
:1077200000E100E082B0034600918DF807309DF93A
:107730000730002B0CDA009BDAB20C499DF80730B9
:1077400003F00F03043B5201D2B20B441A7609E056
:10775000009BDAB206499DF907305201D2B20B44C0
:1077600083F8002300BF02B0704700BF00ED00E0C7
:1077700000E100E082B003468DF807309DF9073044
:10778000002B0BDA0B4A9DF8073003F00F03043B84
:1077900013441B7EDBB25B09DBB208E0064A9DF9AD
:1077A0000730134493F80033DBB25B09DBB21846B1
:1077B00002B0704700ED00E000E100E082B0034657
:1077C0008DF807309DF907301F2B0CDC9DF9073031
:1077D0000F4A22FA03F303F00103002B14BF012325
:1077E0000023DBB210E09DF907303F2B0BDC9DF945
:1077F0000730203B012202FA03F3002B14BF0123C0
:107800000023DBB200E00123184602B0704700BF3E
:10781000FC06FFBD82B00190019B072B07D8EC222C
:10782000019B42FA03F303F00103002B01D1002373
:1078300000E00123184602B07047000000B583B095
:1078400003468DF807309DF907301846FFF7B6FF5D
:107850000346002B02D142F201032EE09DF90730CE
:107860001846FFF787FF03461846FFF7D3FF034686
:10787000002B02D142F202031FE0124B9B68002B47
:1078800015D09DF907305B090E4A52F823209DF868
:10789000073003F01F03012101FA03F319469DF994
:1078A00007305B090A43074941F8232004E09DF9AA
:1078B00007301846FFF708FF0023184603B05DF8AD
:1078C00004FB00BF2032002000B583B003460091C6
:1078D0008DF807309DF907301846FFF76FFF034614
:1078E000002B02D142F201030FE00098FFF792FF54
:1078F0000346002B02D142F2020306E09DF9073055
:1079000000991846FFF70EFF0023184603B05DF8F4
:1079100004FB82B001900091009B5B099B00019ADF
:1079200013441A68009B03F01F0322FA03F303F0C9
:107930000103002B14BF01230023DBB2184602B061
:10794000704782B001900091009B5B099A000199F9
:107950000A441168009A02F01F02012000FA02F2A4
:107960009B00019803440A431A6000BF02B07047AD
:1079700082B001900091009B5B099A0001990A4432
:107980001168009A02F01F02012000FA02F2D243AD
:107990009B00019803440A401A6000BF02B0704780
:1079A00000B583B00190019B1B78002B0ED0012BFA
:1079B0001AD1019B5B68002B13D0019B5B68019A75
:1079C0009068019AD268114698470AE0019B5B686B
:1079D000002B08D0019B5B68019A9268104698477B
:1079E00001E000BF00E000BF00BF03B05DF804FB92
:1079F00008B500F02BF900BF08BD000008B5044B26
:107A00001B780F2B02D01220FFF774FE00BF08BDB9
:107A1000A448002000B585B003468DF80730144A0D
:107A20009DF807301370134B134A1A60114B102244
:107A30005A60104B10229A600E4800F0DDF90F4892
:107A400000F064FE0A4B1B780F2B0DD0084B1B78FF
:107A500019461220FFF738FF0346002B04D07B465F
:107A60000393039802F0C4FE00BF05B05DF804FB69
:107A7000A4480020484700205C4700209C48002084
:107A800000B583B0094B1B780F2B0AD01220FFF7EB
:107A9000D5FE0346002B04D07B460193019802F0EB
:107AA000A7FE00BF03B05DF804FB00BFA4480020A0
:107AB00000B587B00190019B002B04D17B46059354
:107AC000059802F095FE114B1B680D2B04D97B46DF
:107AD0000493049802F08CFEEFF31083039372B6C4
:107AE0000A4B1B685A1C09490A6002930849029B09
:107AF000019A41F82320039B002B01D162B600BFFD
:107B0000029B184607B05DF804FB00BF98480020B0
:107B10006048002000B585B001900E4B1B68019AAB
:107B20009A4204D37B460393039802F061FEEFF37D
:107B30001083029372B601990748FFF702FFFFF71F
:107B40005DFF029B002B01D162B600BF00BF05B0F4
:107B50005DF804FB984800205C48002000B589B01F
:107B6000039002910192039B002B04D17B46079363
:107B7000079802F03DFE029B002B04D17B46069342
:107B8000069802F035FEEFF31083059372B6039B5F
:107B9000029A9A60039B019ADA60039B00221A748E
:107BA000039B039A1A60059B002B01D162B600BFAC
:107BB00000BF09B05DF804FB00B587B00190019BE0
:107BC000002B04D17B460493049802F011FE019B24
:107BD0009B68002B04D17B460393039802F008FEB8
:107BE000EFF31083029372B6019B1B7CDBB2002B78
:107BF00002D0112305930BE0019B01221A74019B13
:107C00001946084800F097FDFFF7F8FE002305939A
:107C1000029B002B01D162B600BF059B184607B03E
:107C20005DF804FB9C48002000B585B00190019BE5
:107C3000002B04D17B460393039802F0D9FD019BEE
:107C40001B7CDBB2184605B05DF804FB00B58DB0B7
:107C500001238DF82F303D4B1B78002B04D07B4641
:107C60000893089802F0C4FD384B01221A700023D3
:107C70000A932BE00A993648FFF74BFE0346002B88
:107C800021D0EFF31083059372B60A993048FFF7BD
:107C90006FFE059B002B01D162B600BF2D4A0A9BE7
:107CA00052F82330984703468DF813309DF813306F
:107CB00083F00103DBB2002B05D000238DF82F30B9
:107CC0000A98FFF727FF0A9B01330A93224B1B6890
:107CD0000A9A9A42CED3214800F060FD09901CE038
:107CE000099B1B680793079B1B7CDBB283F0010396
:107CF000DBB2002B04D07B460693069802F078FD99
:107D0000079B9B68079AD26810469847079B0022FA
:107D10001A74124800F042FD0990099B002BDFD134
:107D200003E06B461846FFF73BFE6B4619460C48CE
:107D300000F095F80346002BF3D0044B00221A7094
:107D40009DF82F3018460DB05DF804FBA5480020C3
:107D50005C48002060480020984800209C48002093
:107D60004847002000B583B000F0EEF803468DF8D8
:107D700007309DF807305BB213F1100F13D11D4B84
:107D80001B780F2B08D0122000F0E8F8034683F090
:107D90000103DBB2002B01D0012300E0002303F03C
:107DA0000103DBB222E09DF807305BB21846FFF713
:107DB000E1FC034600930F4B1B781A46009B9A4246
:107DC0000ED00C4B1B781A46009B9A420AD2122006
:107DD00000F0C4F8034683F00103DBB2002B01D0AE
:107DE000012300E0002303F00103DBB2184603B0D7
:107DF0005DF804FBA448002000B587B00190019B0A
:107E0000002B04D17B460593059802F0F1FC019B01
:107E10005B68002B07D0019B1B68002B03D0019BE4
:107E20009B68002B04D17B460493049802F0E0FC8D
:107E3000019B9A68019B9B68013B1340002B04D077
:107E40007B460393039802F0D3FC019B0022DA6087
:107E5000019B00221A6100BF07B05DF804FB00B56A
:107E600085B001900091019B002B01D10E2339E0D8
:107E7000019B9B68002B01D1092333E0EFF31083B2
:107E8000039372B6019B1A69019BDB689A4206D183
:107E9000039B002B01D162B600BF052322E0019BAA
:107EA0001A68019B5B680199086901998968013921
:107EB000014001FB03F313440293009B002B06D007
:107EC000019B5B681A460299009802F0C6FD019B6F
:107ED0001B695A1C019B1A61039B002B01D162B6DE
:107EE00000BF0023184605B05DF804FB82B0019086
:107EF000019B072B23D801A252F823F0297F03000E
:107F0000317F0300217F03001D7F03003B7F0300BF
:107F1000377F03002D7F0300257F030064230FE0DC
:107F200096230DE014230BE0FA2309E01E2307E05B
:107F30004FF4FA7304E0322302E04B2300E0FA230B
:107F4000184602B0704700BF034B5B68DBB2103BC2
:107F5000DBB25BB21846704700ED00E082B003462A
:107F60008DF807300F4A9DF90730002B00DA1F33D8
:107F70005B115BB252F823209DF90730594203F0A0
:107F80001F0301F01F0158BF4B425BB222FA03F3FB
:107F900003F00103002B14BF01230023DBB21846BA
:107FA00002B0704700E100E000B587B00590049191
:107FB00002931346ADF80E30BDF80E300093049BCB
:107FC000029A07490020F9F717FD09AB1A460899EC
:107FD0000020F9F749FB00BF07B05DF804FB00BFC4
:107FE000A8D2030084B0039002910192054A039B3A
:107FF0001360029B044A1360044A019B136000BF94
:1080000004B07047102C0020142C0020182C0020E5
:1080100082B001900091019B9B68009AD31A9BB299
:10802000184602B0704782B001900B46ADF802309E
:10803000019B9A68BDF802301344184602B070479D
:1080400000B585B001900091009B1B8819460198EE
:10805000FFF7E9FF03461B880433ADF80C30009BA3
:108060001A88BDF80C3003339BB223F003039BB294
:108070001344ADF80E30BDF80E20019B1B88043B65
:108080009A4202D90023ADF80E30009BBDF80E20B5
:108090001A8000BF05B05DF804FB00B585B0019003
:1080A000009100990198FFF7B3FF0346ADF80E3039
:1080B0000DF10E0319460198FFF7C2FFBDF80E300F
:1080C00019460198FFF7AFFF0346184605B05DF863
:1080D00004FB00B585B001900091019B9B68019A5B
:1080E00092881344009A9A4204D07B4603930398E3
:1080F00002F07EFB009B00229A70019B043319461C
:108100000198FFF79DFF019B9B8819460198FFF797
:108110008AFF03469B78042B02D1019B00229A80A0
:1081200000BF05B05DF804FB00B585B0019000917B
:10813000019B9B68019A52881344009A9A4204D08A
:108140007B460393039802F053FB009B00229A7036
:1081500000BF05B05DF804FB82B00190019B1B8855
:10816000043B9BB2184602B0704700B585B0019041
:108170000B46ADF80230019B5B8819460198FFF76A
:1081800052FF0390039BBDF802201A80039B01223B
:108190009A70039B184605B05DF804FB00B583B0E8
:1081A000019000210198FFF73EFF034600229A70DC
:1081B000019B00225A80019B00229A8000BF03B0DD
:1081C0005DF804FB00B587B001900B46ADF80230B6
:1081D000BDF8023007339BB223F00303ADF8123031
:1081E000019B5A88019B9B889A420FD2BDF81220AE
:1081F000019B9B881946019B5B88CB1A9A4202DC43
:108200000023059344E00423059341E0019B5A8831
:10821000019B9B889A4229D9019B1B881A46019B86
:108220005B88D31A0393BDF81230039A9A4202D3A3
:10823000002305932CE0019B9B88BDF812209A42F5
:1082400011D8039B032B08D9019B5B881946019821
:10825000FFF7E9FE034604229A70019B00225A8030
:108260000023059314E00423059311E0019B9B88F0
:1082700019460198FFF7D7FE03469B78002B05D1DE
:108280000198FFF78BFF0023059301E0042305937A
:10829000059B184607B05DF804FB00B58BB0039052
:1082A00002911346ADF80630029B002B04D17B46A9
:1082B0000993099802F09CFA039B002B04D17B469A
:1082C0000893089802F094FA029BB3F1005F09D971
:1082D0004FF08053D3F80C3103F500239A02029B30
:1082E0009A4212D8029BB3F5000F09D94FF0805380
:1082F000D3F80C3103F500539A02029B9A4204D83A
:108300007B460793079802F073FABDF80630013BED
:10831000029A1344B3F1005F0ED9BDF80630013B59
:10832000029A13441A464FF08053D3F80C3103F5E8
:1083300000239B029A421BD3BDF80630013B029AF0
:108340001344B3F5000F0ED9BDF80630013B029A75
:1083500013441A464FF08053D3F80C3103F5005301
:108360009B029A4204D37B460693069802F040FA99
:10837000BDF80630042B04D87B460593059802F01F
:1083800037FA039BBDF806201A80039B00225A800F
:10839000039B00229A80039B029A9A600021039813
:1083A000FFF741FE0490039B1B88043B9AB2049B99
:1083B0001A80049B00229A7000BF0BB05DF804FB8A
:1083C00000B58BB0039002911346ADF80630039BC5
:1083D000002B04D17B460993099802F009FA029B0D
:1083E000002B04D17B460893089802F001FA039B06
:1083F0005B8819460398FFF716FE03469B78012B0E
:1084000004D17B460793079802F0F2F9BDF80630D5
:10841000002B08D00398FFF79FFE03461A46BDF8CD
:108420000630934201D909231CE0EFF31083069331
:1084300072B6BDF8063019460398FFF7C3FE0590E3
:10844000059B002B08D1BDF8063019460398FFF7AD
:108450008CFE0246029B1A60069B002B01D162B67D
:1084600000BF059B18460BB05DF804FB00B58DB04E
:10847000039002911346ADF80630039B002B04D104
:108480007B460B930B9802F0B3F9029B002B04D1AF
:108490007B460A930A9802F0ABF9029B9B78012B6A
:1084A00004D07B460993099802F0A2F9029B1B882D
:1084B000BDF806209A4204D97B460893089802F03A
:1084C00097F9BDF80630002B04D17B460793079837
:1084D00002F08EF9EFF31083069372B6029BBDF89B
:1084E00006201A80029B02229A70039B02331946CF
:1084F0000398FFF7A5FD039B5A88039B9B889A422C
:1085000009D0039B5B8819460398FFF78CFD059003
:10851000059B00229A70069B002B01D162B600BF1A
:1085200000BF0DB05DF804FB00B589B0019000916B
:10853000019B002B04D17B460593059802F058F966
:10854000009B002B04D17B460493049802F050F961
:1085500000230793EFF31083039372B6019B9B886C
:1085600019460198FFF75FFD0690069B9B78042B48
:108570000CD1019B043319460198FFF761FD019B63
:108580009B8819460198FFF74EFD0690069B9B7845
:10859000022B02D0032B07D00CE0069B03229A701B
:1085A000009B069A1A6008E07B460293029802F04C
:1085B0001FF902E00523079300BF039B002B01D1A5
:1085C00062B600BF079B184609B05DF804FB00B512
:1085D00087B00190019B002B04D17B460493049843
:1085E00002F006F9EFF31083039372B6019B9B88A8
:1085F00019460198FFF717FD0590059B9B78042B02
:1086000004D105990198FFF748FD0590059B9B78DB
:10861000022B0CBF012300238DF80B30039B002B92
:1086200001D162B600BF9DF80B30184607B05DF867
:1086300004FB00B587B00190019B002B04D17B4661
:108640000493049802F0D4F8EFF31083039372B606
:10865000019B9B8819460198FFF7E5FC059004E013
:1086600005990198FFF719FD0590059B9B78032B51
:10867000F6D0059B9B78042BF2D0059B9B78022BB0
:108680000CBF012300238DF80B30039B002B01D17D
:1086900062B600BF9DF80B30184607B05DF804FBCA
:1086A00000B587B001900091019B002B04D17B465F
:1086B0000593059802F09CF8009B002B04D17B46A3
:1086C0000493049802F094F8EFF31083039372B6C6
:1086D000009B9B78012B06D0032B09D100990198B0
:1086E000FFF7F7FC09E000990198FFF71DFD04E092
:1086F0007B460293029802F07BF8039B002B01D18A
:1087000062B600BF00BF07B05DF804FB00B585B0DE
:108710000190019B002B04D17B460393039802F048
:1087200067F8019B00221A60019B00225A6000BF7B
:1087300005B05DF804FB00B587B001900091019B86
:10874000002B04D17B460593059802F051F8009B5D
:10875000002B04D17B460493049802F049F8009B57
:1087600000225A60EFF31083039372B6019B1B68DB
:10877000002B03D1019B009A1A6003E0019B5B6808
:10878000009A5A60019B009A5A60039B002B01D10A
:1087900062B600BF00BF07B05DF804FB00B587B04C
:1087A0000190019B002B04D17B460593059802F0B4
:1087B0001FF8EFF31083049372B6019B1B680393B9
:1087C000039B002B03D0039B5A68019B1A60019BFB
:1087D0001B68002B02D1019B00225A60049B002BD6
:1087E00001D162B600BF039B184607B05DF804FBD9
:1087F00000B585B00190019B002B04D17B4603930B
:10880000039801F0F5FF019B1B68184605B05DF861
:1088100004FB30DF704700BF184631DF704700BFF0
:108820001846000000B585B001900023029302AB0A
:108830000421184600F04BF8019B0E4A1A60029A78
:10884000019B5A60029A019B9A60029A019BDA602E
:108850000023039305E0019800F00EF8039B013319
:108860000393039B132BF6D900BF00BF05B05DF83F
:1088700004FB00BFED5EEAF184B00190019B1A6831
:10888000019B5B684FEA7313D31A0393019B5A68E9
:10889000019B9B684FEAF3335A40019B1A60019B8E
:1088A0009A68019BDB681A44019B5A60019BDA6855
:1088B000039B1A44019B9A60019B1A68039B1A440C
:1088C000019BDA60019BDB68184604B0704700B575
:1088D00087B001900B46ADF80230019B002B04D10C
:1088E0007B460493049801F083FF0023059329E05D
:1088F0000DF10F031846FFF78CFF9DF80F30002B8A
:10890000F6D09DF80F301946BDF80220059BD31A0A
:10891000994208D9BDF80230DAB2059BDBB2D31A0E
:10892000DBB28DF80F30019A059B13449DF80F20A0
:1089300011461846FFF771FF9DF80F301A46059B48
:1089400013440593BDF80230059A9A42D0D300BF74
:1089500000BF07B05DF804FB10B582B00E4B4FF4BA
:108960000032C3F848230C4B4FF40032C3F80823FD
:108970000A4B1B68002B04D17B460193019801F040
:1089800037FF064B1C6800F08FF803461846A047D7
:1089900000BF02B010BD00BF00100140B44800206D
:1089A00010B582B0EFF31083019372B62D4B002205
:1089B000C3F804212C4B1B6801332B4A1360019B25
:1089C000002B01D162B600BF284B1B68002B45D09D
:1089D000264B1B68013B254A1360244B1B68002B68
:1089E0003CD1204BD3F80425214B1B689A4225D259
:1089F000EFF31083019372B61A4BD3F804355A1C67
:108A00001B4B1B689A4204D3164BD3F8043503332F
:108A100001E0174B1B68134AC2F84435019B002B39
:108A200001D162B600BF0F4B4FF40032C3F84423AC
:108A30000C4B4FF40032C3F804230FE00D4B1B68BE
:108A4000002B04D17B460093009801F0D1FE094B26
:108A50001C6800F029F803461846A04700BF02B082
:108A600010BD00BF00100140A8480020AC48002005
:108A7000B0480020B448002000B583B001F07EFE6D
:108A8000034683F00103DBB2002B09D001F0B0FDF7
:108A90000346002B04D07B460193019801F0A8FE09
:108AA00000BF03B05DF804FB2DE9F00384B0EFF3E1
:108AB0001083019372B62F4B1B6803932E4BD3F890
:108AC000043502932C4BD3F80431012B06D12A4BE9
:108AD000D3F804350293039B01330393019B002BCE
:108AE00001D162B600BF039B1B060393039A029B4E
:108AF00013431C464FF0000522462B464FF0000062
:108B00004FF00001590141EAD261500102460B4683
:108B1000121B63EB05034FF000004FF000015902F8
:108B200041EAD251500202460B46121945EB0303AB
:108B30004FF000004FF00001990141EA926190016D
:108B4000801A61EB030110EB040841EB050918F5ED
:108B5000804649F100074FF000024FF00003F20B8E
:108B600042EA4742FB0B1346184604B0BDE8F00347
:108B7000704700BFA84800200010014030B589B000
:108B80000190009100230293009B002B04D17B46AF
:108B90000693069801F02CFE394A009B1360FFF7FC
:108BA00083FF059000230793059A019BD31A002B9E
:108BB00003DA019A059BD31A0793079B18464FF0D7
:108BC00000014FF000024FF00003CB0343EA504393
:108BD000C2032C484FF00001141843EB01052A4A48
:108BE0004FF000032046294601F018FE02460B46CE
:108BF00013460493EFF31083029372B6234BD3F81A
:108C000004350393049B032B38BF03230493039B76
:108C1000C3F1FF1303F57F43049A9A4216D81B4908
:108C2000039A049B1344C1F84435184B4FF40032A7
:108C3000C3F84423154B4FF40032C3F80423144BFC
:108C400000221A60134B00221A6010E0039A049B62
:108C5000134403F17F4301330493049B1B0E013340
:108C60000B4A1360049B23F07F430A4A1360029B64
:108C7000002B01D162B600BF00BF09B030BD00BFFC
:108C8000B448002020A1070040420F00001001401E
:108C9000AC480020B04800200A4B4FF40032C3F823
:108CA0004823084B4FF40032C3F80823064B002238
:108CB0001A60064B00221A60054B00221A6000BFA2
:108CC000704700BF00100140AC480020B0480020B1
:108CD000B448002000B583B00190044B1B681846CF
:108CE000FEF718FF00BF03B05DF804FBC04800208A
:108CF00000B585B00190224B1B68002B07D0019B6B
:108D00005A681F4B1B685B68D31A002B07DA1C4B91
:108D10001A68019B5A611A4A019B136019E0184BAB
:108D20001B68039302E0039B5B690393039B5B69EE
:108D3000002B07D0039B5B695A68019B5B68D31AC1
:108D4000002BF0DB039B5A69019B5A61039B019A3C
:108D50005A610B4B9B889BB201339BB2084A194660
:108D60009180002B04D17B460293029801F040FDD4
:108D7000019B01221A7000BF05B05DF804FB00BF23
:108D8000B848002000B587B00190214B1B68019ABC
:108D90009A4212D1019B5B691D4A13601C4B9B8850
:108DA0009BB25A1E91B21A4A9180002B29D17B4660
:108DB0000393039801F01CFD23E0154B1B680593FA
:108DC0001AE0059B5B69019A9A4212D1019B5A698C
:108DD000059B5A610E4B9B889BB25A1E91B20C4A5E
:108DE0009180002B0CD17B460493049801F000FD88
:108DF00006E0059B5B690593059B002BE1D100E034
:108E000000BF019B00221A7000BF07B05DF804FB91
:108E1000B848002000B587B0019055E0324B1B6880
:108E20000593059B1B78DBB2012B04D07B46049392
:108E3000049801F0DDFC059B5B692B4A1360059BE0
:108E400000225A61284B9B889BB25A1E91B2264A37
:108E50009180002B04D17B460393039801F0C8FC5A
:108E6000059B9B68002B04D17B460293029801F07E
:108E7000BFFC059B02221A70059B9B68059A12692C
:108E8000114601989847FFF70FFE0190059B1B784C
:108E9000DBB2022B18D1059BDB68002B03D1059BAD
:108EA00000221A7010E0059B5A68059BDB681A4483
:108EB000059B5A60059B5A68019BD31A643B002BA3
:108EC000F1DB0598FFF714FF074B1B68002B07D059
:108ED000054B1B685A68019BD31A643B002B9DDB32
:108EE00000BF07B05DF804FBB848002000B583B0B0
:108EF0000190094B1B68002B07D0074B1B685B6870
:108F000006491846FFF73AFE01E0FFF7C5FE00BF2D
:108F100003B05DF804FB00BFB8480020D58C030007
:108F200008B5FFF7C1FD03461846FFF773FFFFF7CB
:108F3000BBFD03461846FFF7D9FF0123184608BDBD
:108F400008B508220021064801F0B0FD0548FEF7EB
:108F5000AFFD0346044A1360FFF78EFD00BF08BD56
:108F6000B8480020218F0300C048002000B585B01C
:108F70000190FEF7F7FE034683F00103DBB2002BFE
:108F800004D07B460393039801F032FC019B002B35
:108F900004D17B460293029801F02AFC0198FFF766
:108FA000F1FE019B00225A61FFF77EFD0346184641
:108FB000FFF79CFF00BF05B05DF804FB00B585B06E
:108FC00001900091FEF7CEFE034683F00103DBB271
:108FD000002B04D07B460393039801F009FC019B0E
:108FE000002B04D17B460293029801F001FC01980A
:108FF000FFF7C8FE019B00225A61019B009A5A604C
:109000000198FFF775FEFFF74FFD03461846FFF77F
:109010006DFF00BF05B05DF804FB000082B00346A1
:109020008DF807309DF8073003F01F0206499DF9BF
:1090300007305B09012000FA02F2403341F8232097
:1090400000BF02B0704700BF00E100E082B00190B5
:109050000091019A009BD31A002B03DA009A019B1E
:10906000D31A02E0019A009BD31A184602B0704747
:1090700048DF704700BF184649DF704700BF1846F9
:109080004ADF704700BF184682B0019000BF02B0AF
:10909000704782B0019000BF02B0704700B583B046
:1090A000034600918DF807309DF80730012B0ED153
:1090B000094B1B7E002B0AD0074B1B7E022B01D1D4
:1090C00000F032FB054B01221A70002300E001235F
:1090D000184603B05DF804FBD4480020FC4800208B
:1090E00082B00190019B1B68054A1268283202FB7E
:1090F00003F3044AA2FB03239B0C184602B07047FB
:10910000F848002083DE1B4310B582B00190019B1C
:109110001C680198FFF7E4FF0346E31A783B184602
:1091200002B010BD82B00190019B5A69019B1B687F
:109130001344094A934207D8019B5B6940F6D76202
:10914000934201D9012300E0002303F00103DBB2C5
:10915000184602B0704700BF80969800064B012267
:109160005A71054B43F2B0629A60034B43F6982262
:10917000DA6000BF704700BFC448002000B585B06A
:109180000190019B00221A74019B01225A710F4B1E
:109190001B6801330D4A136000F096FCFDF76AF876
:1091A0000198FFF7B1FF0346094A1946002000F075
:1091B00027FC0346002B04D07B460393039801F061
:1091C00017FB00BF05B05DF804FB00BFF4480020AA
:1091D0002194030000B583B00190019B5B79002BC3
:1091E0000BD0FDF76DF80198FFF78EFF0346184688
:1091F00000F0A6FC019B00225A71064B00221A7057
:109200001720FFF746FF1C20FFF743FF00BF03B006
:109210005DF804FBF148002000B585B00190174BC4
:109220001B78032B0AD0032B1BDC012B02D0022B53
:1092300010D016E0019B02221A7417E0104B002296
:109240005A710F4B0F4A9A600D4B0F4ADA60019B1F
:1092500000229A71019B03221A74019B084A5A61E9
:1092600004E07B460393039801F0C2FA034B00220B
:109270001A7000BF05B05DF804FB00BFF048002085
:10928000C4480020A0860100FF1FA10700B585B0DB
:1092900001901720FFF7F8FE019B00229A60019BC6
:1092A0000022DA60019B1B6803931B4B9A68019BA9
:1092B0001A60019B9B79002B1ED0019B01221A741E
:1092C000039B002B01D0039B00E0144B0293019BF6
:1092D0001B68029AD21A019B5A61019B5B69B3F524
:1092E0007A7F04D3019B1B68029A9A420AD2019B9F
:1092F0004FF47A725A6105E01C20FFF7C5FE019811
:10930000FFF73CFFFFF72AFF019B01229A7100BF84
:1093100005B05DF804FB00BFC448002080969800AB
:1093200000B583B001900B468DF803301820FFF78D
:10933000ABFE9DF80330002B11D01D20FFF7A4FEDB
:10934000019BDB685A1C019BDA60019B1A68019B38
:109350005B691A44019B1A601D20FFF79AFE019B6E
:109360009B685A1C019B9A60019B01221A74019B05
:109370005B695A08019B5A61019B9B68012B02D0D3
:10938000022B1BD037E0019B5B69B3F5FA7F0AD152
:109390009DF8033083F00103DBB2002B03D0019B67
:1093A00000225A6124E0019B5B6940F6D862934237
:1093B0001ED8019B40F6D8625A6119E0019BDB6818
:1093C000022B06D1019B1A68144B9B1A019A536118
:1093D00010E0019BDB68012B0CD19DF8033083F07A
:1093E0000103DBB2002B05D0019B00225A6101E092
:1093F00000BF00E000BF0198FFF794FE034683F032
:109400000103DBB2002B02D00198FFF7B7FE182052
:10941000FFF73FFE00BF03B05DF804FB80969800A5
:1094200000B583B001901B20FFF72EFE0D4B0322E9
:109430001A740C4B0C4A5A610A4B1B6840F6D862EE
:10944000934204D9084B43F2B0629A6003E0064BA2
:1094500040F6D8629A601B20FFF71BFE00BF03B0E6
:109460005DF804FBD4480020C448002000B587B054
:1094700001901A20FFF708FE019B043B042B4FD8F4
:1094800001A252F823F000BFE59403000995030000
:10949000D99403009D940300BB940300274B1B7ECB
:1094A000012B3FD1FFF7E8FD0346002B3AD07B4666
:1094B0000593059801F09CF934E0204B00221A76C0
:1094C0001F4B1B78002B04D01D4B00221A70FBF79A
:1094D00033FCFCF721FF2AE07B460493049801F05B
:1094E00087F924E0FFF73AFE164B40F6D8629A60FF
:1094F0001448FFF7C5FD0346002B15D07B460293A9
:10950000029801F075F90FE00E48FFF7B9FD034628
:10951000002B0BD07B460393039801F069F905E01B
:1095200000BF04E000BF02E000BF00E000BF1A205F
:10953000FFF7AFFD00BF07B05DF804FBD448002083
:10954000FC480020C448002000B585B003468DF8D3
:109550000730384B01221A711620FFF795FD364B64
:109560001B78002B03D0354B1B78002B3DD0314BA3
:1095700000221A749DF80730042B2FD801A252F84C
:1095800023F000BF99950300BB950300B595030038
:10959000AB950300A19503002648FFF777FE23E073
:1095A00001212448FFF7BCFE1EE000212148FFF7FF
:1095B000B7FE19E0FCF7E2FD16E01920FFF764FDA5
:1095C00000F0D2F91A20FFF75FFDFCF72DFE1A20FC
:1095D000FFF75FFD1920FFF75CFD05E07B46039375
:1095E000039801F005F908E007E000F03BFA0346B4
:1095F000104A13600F48FFF70FFE0E4B1B7C022B27
:1096000003D00C4B1B7C032B02D10A48FFF7E2FD71
:10961000084B1B7C022B02D1064B01221A76054B0C
:1096200000221A711620FFF734FD054B184605B0CD
:109630005DF804FBD4480020F0480020F1480020E9
:10964000E448002082B00190174B00221A70164B9C
:1096500000221A71144B01225A71134B43F2B0626B
:109660009A60114B43F69822DA60104A019B13600E
:109670000F4B00221A700F4B00221A700E4B002263
:109680001A600E4B00221A710C4B00225A710B4BC0
:1096900000221A60094B00221A76084B01229A71A7
:1096A00000BF02B0704700BFC4480020F848002047
:1096B000F1480020F0480020F4480020D448002061
:1096C00000B583B0154B1B7E022B20D0022B20DC73
:1096D000002B02D0012B0BD01BE01148FFF7C8FC78
:1096E0000346002B04D07B460193019801F080F8DB
:1096F0000C48FFF7C5FC0346002B04D07B460093C3
:10970000009801F075F8054B02221A7601E011234A
:1097100000E00023184603B05DF804FBD4480020A5
:1097200049950300C448002008B5054B1B7E022B59
:1097300004D1044B01221A7000F09AF800BF08BD52
:10974000D4480020F048002000B583B003468DF8CF
:109750000730094B1B7E022B0AD19DF80730012BE5
:1097600001D1032200E00222044B1A7000F080F8BD
:1097700000BF03B05DF804FBD4480020F04800208F
:1097800000B585B003468DF80730144B1B78002BCD
:109790000CD09DF8073083F00103DBB2002B05D01D
:1097A0000F4B1B78002B01D0012300E000238DF824
:1097B0000F309DF80F3003F001038DF80F30074A8A
:1097C0009DF8073013709DF80F30002B01D000F08A
:1097D0004FF800BF05B05DF804FB00BFF148002062
:1097E000F04800200D4B1B7C032B0FD00B4B1B7C38
:1097F000022B0BD00A4B1B78012B07D0084B1B7890
:10980000022B03D0064B1B78032B01D1012300E070
:10981000002303F00103DBB218467047D448002050
:10982000F0480020014B1B6818467047D4480020C0
:1098300010B50B4B5B7983F00103DBB2002B01D039
:1098400000230BE00648FFF75FFC044600F00AF92E
:10985000034619462046FFF7F9FB0346184610BD9C
:10986000D4480020014B1B7918467047D44800208B
:1098700000B583B0EFF31083019372B6074B5B79A9
:10988000002B02D00820FFF7C9FB019B002B01D160
:1098900062B600BF00BF03B05DF804FBD4480020EF
:1098A00082B003468DF807309DF8073003F01F02A1
:1098B00005499DF907305B09012000FA02F241F8E1
:1098C000232000BF02B0704700E100E082B00346F1
:1098D0008DF807309DF8073003F01F0206499DF907
:1098E00007305B09012000FA02F2603341F82320BF
:1098F00000BF02B0704700BF00E100E082B0034645
:1099000000918DF807300D4A9DF807305033002143
:1099100042F823109DF807301033084A012101FA5C
:1099200003F3C2F8043305499DF8073003F5A87323
:10993000009A41F8232000BF02B070470080004029
:10994000EFF31083024A136072B600BF704700BF86
:1099500024490020034B1B68002B01D162B600BFD5
:1099600000BF70472449002000B585B00023039351
:109970003AE0214A039B503352F82330002B30D079
:109980001D4BD3F80423039B103322FA03F303F097
:109990000103002B25D0194A039B52F82330029370
:1099A000029B002B04D17B460193019800F020FF1D
:1099B000124A039B002142F82310039B10330E4AE6
:1099C000012101FA03F3C2F8083300F04BF80090CC
:1099D000029B00989847084A039B5033002142F8A5
:1099E0002310039B01330393039B022BC1D900BFB8
:1099F00000BF05B05DF804FB008000400049002076
:109A000000B585B00346029101928DF80F309DF8A4
:109A10000F30022B01D907231AE0FFF791FF9DF8C1
:109A20000F300D49019A41F823209DF80F300B4A61
:109A3000002142F823100A4B1B78002B05D09DF81B
:109A40000F3002991846FFF759FFFFF783FF0023F5
:109A5000184605B05DF804FB004900200C490020C1
:109A60002049002000B583B0FFF76AFF002301936F
:109A70000C4B1B78002B0BD00B4B0022C3F84C2156
:109A8000094B0122DA64084BD3F84C35019302E00C
:109A9000064B1B680193FFF75DFF019B184603B05F
:109AA0005DF804FB20490020008000401C49002094
:109AB00082B00190034B1A68019B1344184602B010
:109AC000704700BF1849002010B582B000230193F1
:109AD00014E0174A019B03F5A873002142F82310F4
:109AE000134A019B5033002142F82310104A019B76
:109AF000503352F82330019B01330193019B022B19
:109B0000E7D90C4B1B68002B02D10820FFF7C8FED9
:109B1000094B01221A70FEF7C7FF0446FFF7A2FFA8
:109B20000346E31A054A136000BF02B010BD00BF30
:109B300000800040244900202049002018490020CE
:109B400000B585B00190002303930CE0104A039BFD
:109B5000002142F823100F4A039B002142F82310F2
:109B6000039B01330393039B022BEFD90A4A019B0A
:109B700013600A4B00221A70094B4FF0FF32C3F8F2
:109B800008230820FFF7A2FE00BF05B05DF804FB24
:109B9000004900200C4900201C49002020490020D9
:109BA0000080004082B003468DF807309DF80730F2
:109BB00003F01F0205499DF907305B09012000FAF7
:109BC00002F241F8232000BF02B0704700E100E03C
:109BD00082B003468DF807309DF8073003F01F026E
:109BE00006499DF907305B09012000FA02F2203393
:109BF00041F8232000BF02B0704700BF00E100E041
:109C000082B003468DF807309DF8073003F01F023D
:109C100006499DF907305B09012000FA02F2403342
:109C200041F8232000BF02B0704700BF00E100E010
:109C300082B003468DF807309DF8073003F01F020D
:109C400006499DF907305B09012000FA02F26033F2
:109C500041F8232000BF02B0704700BF00E100E0E0
:109C600082B0034600918DF807309DF90730002B34
:109C70000CDA009BDAB20C499DF8073003F00F03B1
:109C8000043B5201D2B20B441A7609E0009BDAB2CF
:109C900006499DF907305201D2B20B4483F80023E4
:109CA00000BF02B0704700BF00ED00E000E100E03F
:109CB00000B585B00190019B002B0AD0074B43F003
:109CC00001030393019B9B010293039B0298984716
:109CD00000E000BF05B05DF804FB00BFE0D2030068
:109CE00000B583B00190064A019BC2F808350621F1
:109CF0001120FFF7B5FF00BF03B05DF804FB00BF04
:109D000000100140074B4FF48032C3F84423054B49
:109D10004FF48032C3F80423034B01221A7000BFB2
:109D2000704700BF00100140464A002008B50B4BA9
:109D30000222C3F84423094B0222C3F80423112052
:109D4000FFF776FF1120FFF72DFF044B01221A6069
:109D50002F20FFF7ADFF00BF08BD00BF001001407E
:109D600008B51120FFF734FF0D4B0E4AC3F8482306
:109D70000B4B0C4AC3F80823094B01225A602F20D1
:109D8000FFF796FF064B01229A60074B00221A60EC
:109D90002F20FFF78DFF054B00221A7000BF08BD72
:109DA0000010014002000300384A0020464A00200B
:109DB000024BD3F804351846704700BF001001402D
:109DC00082B001900091019A009BD31A23F07F4347
:109DD000184602B07047000082B00190034A019B10
:109DE000C2F8403500BF02B0704700BF001001400C
:109DF00086B00190284B1B68002B03D1264A019B9B
:109E0000136045E0019B1A68234B1B681B689A424C
:109E100010D8214B1B681968019B1A681E4B1B68E0
:109E20008A1A1A601C4B1A68019BDA611A4A019B54
:109E300013602DE0019B1B680393174B1B68059370
:109E4000154B1B68049309E0049B1B68039AD31A03
:109E50000393049B0593049BDB690493049B002BF1
:109E600004D0049B1B68039A9A42EDD8049B002BF4
:109E700005D0049B1A68039BD21A049B1A60019BAD
:109E8000039A1A60019B049ADA61059B019ADA61D0
:109E900000BF06B0704700BF344A002086B0019072
:109EA000214B1B680393204B1B680593059B049370
:109EB00008E0049A019B9A4208D0049B0593049BF6
:109EC000DB690493049B002BF3D100E000BF049BEB
:109ED000002B01D1002323E0059A049B9A4204D170
:109EE000114B1B68DB69104A1360049B1B680293CB
:109EF000049BDA69059BDA61059BDB690493049B8B
:109F0000002B05D0049B1A68029B1A44049B1A601C
:109F1000054B1B68039A9A4214BF01230023DBB24E
:109F2000184606B0704700BF344A002008B5044BFD
:109F300001221A701120FFF763FE00BF08BD00BFA9
:109F4000484A002008B51420FFF75AFE00BF08BD9C
:109F500000B583B00190019B5B69019A926910463C
:109F6000984700BF03B05DF804FB000000B585B062
:109F70002B4B1B68002B4ED000230193FFF718FFDB
:109F80000246284B1B6819461046FFF719FF02903E
:109F9000234B1B6803931DE0039B1B68029A9A42A4
:109FA0001CD3039B1B68029AD31A0293039B1B6862
:109FB000019A13440193039B0093039BDB69039372
:109FC000009B1B7C002B05D0009B00221A7400987C
:109FD000FFF7BEFF039B002BDED100E000BF124B5A
:109FE0001A78124B1B789A420CD1104B1B78013314
:109FF000DAB20E4B1A700D4B1B78022B02D10B4BB1
:10A0000000221A70094B1B781946094A019B42F835
:10A010002130FFF797FF00BF05B05DF804FB00BFDC
:10A02000344A0020384A0020444A0020454A002093
:10A030003C4A002082B00190184B1A78184B1B78CC
:10A040009A4223D0154B1B780133DAB2134B1A70A6
:10A05000124B1B78022B02D1104B00221A700F4BAF
:10A060001B781A460F4B53F82220019B1A60019B64
:10A070001A680D4B1B6813440B4A13600A4B1B688C
:10A0800023F07F43084A1360012303E0019B002271
:10A090001A600023184602B0704700BF444A0020EF
:10A0A000454A00203C4A0020384A002088B00390EE
:10A0B000029101920023079338E0204B1B6806931E
:10A0C000069B1B68039A9A4206D2069B1A68039B5A
:10A0D000D21A069B1A602EE0069B1B68039AD31ABD
:10A0E0000393069B1B68079A13440793069B002261
:10A0F0001A60124B1B680593069BDB690F4A1360BD
:10A10000069BDB68002B11D0029A079B134423F0B7
:10A110007F42069B5A60069BDA68069B9A60019B09
:10A120001A68069BDA61019B059A1A60034B1B684B
:10A13000002BC2D100BF00BF08B07047344A0020D6
:10A1400000B589B0019000238DF81F30624B1B6869
:10A150000593A3E0019B002B05D0019B0693069B72
:10A16000DB6901935AE05D4B1B781A4613465B008E
:10A170001344DB00594A134404330493574B1B78B0
:10A180000133DAB2554B1A70544B1A78534B9B7803
:10A190009A4202D1514B00221A70049B5B680693CD
:10A1A000049B1B78032B1ED0032B77DC012B1FD0C5
:10A1B000022B73D1049B5B681846FFF76FFE0346C2
:10A1C000002B02D001238DF81F30069B00221A7449
:10A1D00064E0414B1B680393039B00221A74039BAA
:10A1E000DB693D4A13603C4B1B68002BF1D155E005
:10A1F00000BF069B1B7C002B00D04FE0049B9A689D
:10A20000069B5A60049BDA68069B9A60049B1A6955
:10A21000069BDA60049B5A69069B9A61069B5A6802
:10A220002F4B1B68D31A23F07F432E4A93420ED83C
:10A23000069B5B682A4A126811461846FFF7C0FD64
:10A240000246069B9B681A44069B1A6017E0244B43
:10A250001A68069B5B6819461046FFF7B1FD02902D
:10A26000069B9B68029A9A4206D2069B9A68029BBA
:10A27000D21A069B1A6002E0069B00221A60069B17
:10A2800000225A60069B00229A60069B01221A74E3
:10A29000069B0022DA610698FFF7AAFD019B002BBE
:10A2A0007FF458AF0D4B1A780C4B5B789A427FF4D1
:10A2B00051AF9DF81F30002B04D1074B1B68059A46
:10A2C0009A4201D0012300E0002303F00103DBB236
:10A2D000184609B05DF804FB344A002028490020E4
:10A2E000384A0020FEFF7F0010B588B00190254B52
:10A2F0001B68002B43D0234B1B681B680793FFF799
:10A3000057FD0690204B1B68059305990698FFF7AB
:10A3100057FD0346033304931C4B1B7883F0010362
:10A32000DBB2002B01D0FFF7EDFC049A079B9342B0
:10A3300038BF1346059A13440593059B23F07F43CA
:10A3400005930598FFF748FDFFF732FD0390069946
:10A350000398FFF735FD0346DC1C06990598FFF7C7
:10A360002FFD03469C420AD9FFF722FD03461846FB
:10A37000FFF732FD2F20FFF79BFCFFF7D7FD00BF53
:10A3800008B010BD344A0020384A0020464A002058
:10A3900000B587B00023019300238DF81730174BC9
:10A3A0001B680493164B1B6803936B461846FFF714
:10A3B00041FE03468DF80B309DF80B30002B08D082
:10A3C000009B01AA04991846FFF770FE01238DF83F
:10A3D0001730019B1846FFF7B3FE0346002B02D04F
:10A3E00001238DF817309DF81730002B02D0039809
:10A3F000FFF77AFF00BF07B05DF804FB384A002082
:10A40000344A002082B003468DF80730034A9DF895
:10A410000730537000BF02B0704700BF28490020CA
:10A4200084B00190144B5B7801338DF80F30124BE0
:10A430009B789DF80F209A4202D100238DF80F30AF
:10A440000D4B1B789DF80F209A4201D100230FE09D
:10A45000019B9DF80F201A70074B5B781A46134634
:10A460005B001344DB00044A134404330293029B51
:10A47000184604B0704700BF2849002000B589B0D5
:10A4800003900291019200930023079300238DF81B
:10A4900016300DF116031846EDF760FA0DF11703AB
:10A4A0001846FFF7BDFF0690069B002B02D1042340
:10A4B000079318E0069B01221A70069B039A5A60C4
:10A4C000FFF776FC0246069B9A60069B029ADA60CA
:10A4D000069B019A1A61069B009A5A619DF81730F3
:10A4E0001846FFF78FFF9DF816301846EDF74CFA27
:10A4F000079B002B01D1FFF725FD079B184609B0EC
:10A500005DF804FB00B587B001900B468DF8033071
:10A510000023059300238DF80E300DF10E0318462D
:10A52000EDF71CFA0DF10F031846FFF779FF0490C1
:10A53000049B002B02D1042305930BE0049B9DF8A0
:10A5400003201A70049B019A5A609DF80F30184638
:10A55000FFF758FF9DF80E301846EDF715FA059BEA
:10A56000002B01D1FFF7EEFC059B184607B05DF804
:10A5700004FB000008B5194BD3F84031012B03D080
:10A58000174B1B78002B08D0144B0022C3F8402136
:10A59000134B00221A70FFF7E9FC104BD3F844313B
:10A5A000012B05D10D4B0022C3F84421FEF7D4F94D
:10A5B0000A4BD3F80431012B01D1FEF7F1F9074B17
:10A5C0000022C3F84821054B0022C3F84C21034B5D
:10A5D0000022C3F8002100BF08BD00BF00100140E9
:10A5E000484A002008B5FFF7D3FE00BF08BD0000B1
:10A5F00008B5FFF7B5FB174B00221A70154B002268
:10A600005A70144B0B229A70134B00221A60134B92
:10A6100000221A70124B00221A701420FFF708FB58
:10A6200006211420FFF71CFB1420FFF7BBFA0020C3
:10A63000FFF756FBFFF7BCFB03460A4A1360FFF720
:10A6400075FB094B01221A7000F0A4F8002318468C
:10A6500008BD00BF28490020344A0020444A002099
:10A66000454A0020384A0020474A002086B003901F
:10A670000B4601928DF80B30134B9B78002B01D1C8
:10A6800008231EE0019B002B01D1072319E0039B47
:10A69000002B01D1072314E0039B1B681B7C002BBC
:10A6A00001D008230DE0039B1B680593059B002246
:10A6B0001A74059B9DF80B205A74059B019A5A61E8
:10A6C0000023184606B070472849002000B587B01F
:10A6D000039002910192039B0593164B9B78002BEC
:10A6E00001D1082322E0039B002B01D108231DE0A8
:10A6F000029B042B03D9029BB3F1807F01D3072374
:10A7000014E0059B5B69002B01D108230EE0059B3B
:10A710005B7C012B01D1029B00E000230493019B91
:10A72000049A02990598FFF7A9FE0346184607B058
:10A730005DF804FB2849002000B585B00190019B1D
:10A7400003930D4B9B78002B01D1082310E0019B54
:10A75000002B03D0039B5B69002B01D1082307E08A
:10A76000039B00221A7402210398FFF7CBFE0346D5
:10A77000184605B05DF804FB28490020014B1B7802
:10A7800018467047474A002082B0019000BF02B0CF
:10A790007047000000B583B0104A01211048FFF750
:10A7A00065FF0190019B002B04D00E4A34210198D3
:10A7B000ECF7A0FF0C4B00220C491846FFF786FF70
:10A7C0000090009B002B04D0064A35210098ECF73E
:10A7D00091FF00BF03B05DF804FB00BF89A7030031
:10A7E000E8D20300ECD203004C4A0020FFFF7F00B8
:10A7F00000B585B001900023ADF80830064B0393F7
:10A8000002AB1A46019944F20200ECF781FF00BF47
:10A8100005B05DF804FB00BF70D3030053EA020CDF
:10A8200061D02DE9F04BB3FA83F51E0007BFB2FAF1
:10A8300082F502FA05F403FA05F41646C5F120057F
:10A840001EBF22FA05F73C43203556EA044C4FEA76
:10A85000144418BF0134A3464FF00009C846904283
:10A8600071EB030C39D3094207BFB0FA80F700FA45
:10A8700007F6B1FA81F701FA07F6C7F120071EBF04
:10A8800020FA07FC46EA0C062037B6FBFBFC7F1BD0
:10A89000103F07F01F04C4F120060CFA04F42CFA50
:10A8A00006F644BF34460026202FA4BF26460024C7
:10A8B00054EA060C08BF012418EB040849EB06090A
:10A8C000A4FB027CC01B06FB02CC04FB03CC71EB97
:10A8D0000C01904271EB030CC5D20B46024649466F
:10A8E0004046BDE8F08BB2FBF3F200007F2805D8AC
:10A8F000034B185C034B5B5C1840704700207047AB
:10A9000080D3030000D40300A0F16103192B98BF8A
:10A9100020387047A0F14103192B98BF20307047B1
:10A920007F2805D8034B185C034B5B5C18407047CD
:10A930000020704780D3030000D40300A0F161031E
:10A94000192B98BF20387047A0F14103192B98BFED
:10A95000203070477F299ABF017001206FF02E00D0
:10A9600070475AB10A787F2A0AD800B102600021E4
:10A9700019605960501A18BF0120704700207047B5
:10A980006FF02E00704738B504460846A26842B101
:10A99000236861685D1C8D4208BF00208B4208D28D
:10A9A000D054E3682BB121686268914201D22146FC
:10A9B000984723680133236038BD70B54C1E09D415
:10A9C0001646C5B229463046FFF7DDFF013CB4F11B
:10A9D000FF3FF7D170BD10F0100F08D108B510F48B
:10A9E000007F14BF30202020FFF7E7FF08BD70472D
:10A9F00008B5034B5B689B681B68984708BD00BFA0
:10AA00001C2C002008B50921FFF7F2FF08BD0EB489
:10AA100000B586B007AA52F8041B059203900023E4
:10AA200004936FF00043029301A800F0C5F806B04C
:10AA30005DF804EB03B07047037853B159B101449A
:10AA4000034613F8012F12B18B42FAD10B46181AA4
:10AA500070470346FBE70346F9E7844640EA0103F3
:10AA600013F0030F18D18446202A0BD32DE9F007E9
:10AA7000B1E8F807A0E8F807A2F12002202AF7D2EF
:10AA8000BDE8F007042A07D351F8043B40F8043B23
:10AA9000A2F10402042AF7D2002A05D011F8013BE2
:10AAA00000F8013B013AF9D1604670478446002A1C
:10AAB0002DD010F0030F04D000F8011B013A26D06E
:10AAC000F7E7C9B241EA012141EA0141202A12D344
:10AAD000A2F120022DE9F0030B460C460D460E466E
:10AAE0000F4688468946A0E8FA03203AFBD2BDE823
:10AAF000F00320320BD0042A05D340F8041B043A9B
:10AB000005D0042AF9D200F8011B013AFBD16046B6
:10AB10007047024610F0030F16D111F0030F13D146
:10AB20002DE9F0004FF001374FF0803351F8044B1E
:10AB3000A4EB070525EA04051D4002D142F8044BA9
:10AB4000F4E7A1F10401F0BC11F8013B02F8013B6C
:10AB5000002BF9D1704700F1010110F0030F11D063
:10AB600010F8012B002A23D010F0030F0AD010F8A0
:10AB7000012B002A1CD010F0030F03D010F8012B7A
:10AB8000002A15D02DE970004FF001324FF08033CC
:10AB900050F8044BA4EB020525EA04051D4000D142
:10ABA000F6E7A0F1040070BC10F8012B002AFBD1DD
:10ABB000A0EB0100704700002DE9F04F89B0074677
:10ABC0000392002303600C4614F8011B002900F0D7
:10ABD000FA82DFF814B5E9E2002507E05E2868D1C3
:10ABE00045F4805501E045F040051C46234613F826
:10ABF000010B3028F2D81F2837D9A0F12002102AE3
:10AC000033D801A151F822F0E7AB03006BAC03008D
:10AC10006BAC03004DAC03006BAC03006BAC0300EA
:10AC20006BAC030053AC03006BAC03006BAC0300D4
:10AC30006BAC030059AC03006BAC03005FAC0300CA
:10AC40006BAC03006BAC030065AC030045F0800502
:10AC5000CBE745F40045C8E745F02005C5E745F0DA
:10AC60001005C2E745F40075BFE72A2821D1039AF1
:10AC7000111D0391D2F800A0BAF1000FBCBFCAF1B8
:10AC8000000A45F010051878A31C2AEAEA7A2E2853
:10AC900026D00021742847D07A2845D06C2800F0AF
:10ACA000A8804C2800F0AB80682800F0B8801C46D3
:10ACB0003DE0A0F13002D2B2092A88BF4FF0000A6D
:10ACC000E3D84FF0000A0AEB8A0A303800EB4A0A50
:10ACD00013F8010BA0F13002D2B2092AF3D9D4E75C
:10ACE00018782A280AD1039A111D039111685878FF
:10ACF00002330029CEDB45F48075CBE70133A0F1A8
:10AD00003002D2B2092A88BF0021F4D8002101EB19
:10AD10008101303800EB410113F8010BA0F1300242
:10AD2000D2B2092AF3D9E4E71C4614F8010B002833
:10AD300000F05582A0F12503DBB2532B62D8A0F1BD
:10AD40002503532B5ED8DFE813F076005D005D002D
:10AD50005D005D005D005D005D005D005D005D000B
:10AD60005D005D005D005D005D005D005D005D00FB
:10AD70005D005D005D005D005D005D005D005D00EB
:10AD80005D005D005D005D005D005D005D005D00DB
:10AD90005D005D005D005D005D005D005D005D00CB
:10ADA0005D005D005D005D005D005D005D005D00BB
:10ADB000EB005D005D005D005D005D005D005D001D
:10ADC0005D005D005D007B0020015D005D005D00B9
:10ADD0005D0020015D005D005D005D0095000E01DD
:10ADE000D1005D005D00A6005D0019015D005D0001
:10ADF000ED001C4614F8010B45F0010597E745F0FE
:10AE000001051C46B44B1E68002E00F0CC8103AB3C
:10AE10000193009153462A463946B047C3E118785A
:10AE2000682803D05C1C45F0040580E745F0080560
:10AE30009C1C58787BE725213846FFF7A4FDB2E13A
:10AE4000039B1A1D03921E780AF1FF3A3A465146B7
:10AE50002846FFF7C0FD31463846FFF794FDA94666
:10AE600019F0100F00F09F813A4651462020FFF75D
:10AE7000A4FD98E115F0080F06D03A68039B191D50
:10AE800003911B681A708EE1039B1A1D03921B68C5
:10AE90003A681A6087E1039B1A1D0392D3F8008079
:10AEA0008E4BB8F1000F08BF9846464625F400794E
:10AEB00015F4807F15D04046FFF7BEFD0546AAEB8E
:10AEC000050A3A4651464846FFF785FD002DC7D092
:10AED000454416F8011B3846FFF755FDB542F8D139
:10AEE000BEE74046FFF737FE0546E8E7039B1A1D1D
:10AEF00003921B6815F0800F0CBF0026232645F433
:10AF0000807508211A46002B00F0298105AB4FF00F
:10AF1000000805F4005CA64660468C460146D1E078
:10AF200045F4005515F0800F1BD043F2780643F22C
:10AF30005803782818BF1E4615F4807F01D025F4E9
:10AF4000007515F4804F32D0039B1A1D03921B68C5
:10AF500015F0040F1FD01BB2002B20DA5B422D2608
:10AF60002DE00026E8E715F0800F0CBF0026302604
:10AF700015F4807FE5D025F40075E2E715F4807FB5
:10AF800007D025F400750026DBE745F48045002650
:10AF9000D7E70026D5E715F0080FDDD0DBB215F0B6
:10AFA000200F60D115F0400F18BF202607E0039B4B
:10AFB0001A1D03921B6815F0040F4FD09BB215F4B5
:10AFC000807F14BF25F4007501215838202800F235
:10AFD000AE8001A252F820F005AF03002FB10300AC
:10AFE0002FB103002FB103002FB103002FB10300D5
:10AFF0002FB103002FB103002FB103002FB10300C5
:10B000002FB103002FB1030093B003002FB1030051
:10B010002FB103002FB103002FB1030093B0030041
:10B020002FB103002FB103002FB103002FB1030094
:10B030002FB103006BB0030005AF03002FB1030075
:10B040002FB103002FB103002FB1030093B0030011
:10B050002FB103002FB1030005AF030015F0080F57
:10B06000ADD0DBB2ABE72B26A9E71A464FF00008BC
:10B07000002B5ED005A84FF0000803F00703303323
:10B0800000F8013B08F10108D2081346002AF4D168
:10B090004FE018464FF00008002B4AD04FF0000850
:10B0A00005F4004E4FF02C0973468E4619462FE0EA
:10B0B00002F00F000A4C205C03F8010B08F10108B4
:10B0C000120906D00029F3D002F00F00054C205CD5
:10B0D000F2E7744661462CE06C4A0020D4D50300A8
:10B0E000B4D50300C4D50300CDCCCCCC08AB03EB66
:10B0F000080CABFB0032D20802EB8203A0EB430347
:10B1000030330CF80C3C08F1010809280DD9104621
:10B110000029EBD008F00303032BE7D108AB43442D
:10B1200003F80C9C08F10108E0E7714601E04FF0DC
:10B130000008A1EB080121EAE179AAEB090AAAEBD0
:10B14000080AFF2E0ED9AAF1020AC6F307213846D3
:10B15000FFF719FCF1B23846FFF715FC04E04FF099
:10B160000008E6E7002E3DD13A4651462846FFF753
:10B1700032FC3A4649463020FFF71FFCB8F1000F79
:10B180000EDD0DF1140908F1FF38C84498F80010DD
:10B1900046463846FFF7F7FBC14508F1FF38F5D1C1
:10B1A00015F0100F09D114F8011B61B125293FF4E6
:10B1B00013AD3846FFF7E7FBF5E73A465146202046
:10B1C000FFF7FBFBEFE7BB682BB13A6879688A426F
:10B1D0003CBF00219954386809B0BDE8F08F4FF0AA
:0CB1E000FF30F9E70AF1FF3AB4E700BFC6
:10B1EC00719A02000000000005A602000000000099
:08B1FC0079D9020000000000F7
:10B204005936030000000000ADBE0200000000003B
:10B21400C1400300E8330020952E030008340020C9
:10B2240059340300000000005B460300F82A0020A4
:10B23400BB430300FC33002045C6020000000000AD
:10B24400559B0200000000002DA602000000000033
:10B254003951030000000000055203000000000003
:10B264002D9B0200000000009D90030000000000E0
:10B274003C2D0020742C00207C2C00207C2C0020F1
:04B2840018000000AE
:10B2880048C303000000000014C4030000000000CD
:10B2980084C603000000000080C403000000000012
:10B2A80018C70300000000004CC5030000000000A0
:10B2B80018C6030000000000ECB3030000000303FD
:10B2C80020B503000000000034CD0300000000009A
:10B2D800A8C2030000000000DCCB03000000030349
:10B2E800ECBF030000000303A0CD0300000003032C
:10B2F80088CE030000000303DCD103000000030331
:10B30800E0B80300000000004CBA03000000000091
:10B318003CB303000000000058B30300AC2A00202F
:10B32800000000000000000001C1020000700700DA
:04B33800FF9F07006C
:10B33C00B9640200EB640200E1640200000000004A
:10B34C00000000000338FDD8704700007274745F71
:10B35C006C6F675F6261636B656E64004A3A5C7721
:10B36C006F726B61626F75745C424C455F41424F0A
:10B37C0055545C6D6573685C73656C666D6573685C
:10B38C005C6E5246355F53444B5F31362E302E3057
:10B39C005F393861303865325C636F6D706F6E6524
:10B3AC006E74735C6C69627261726965735C6C6FEC
:10B3BC00675C7372635C6E72665F6C6F675F64650B
:10B3CC006661756C745F6261636B656E64732E632A
:10B3DC0000000000442D00207F000000C42D002040
:10B3EC00617070004A3A5C776F726B61626F757452
:10B3FC005C424C455F41424F55545C6D6573685CD3
:10B40C0073656C666D6573685C6E5246355F53444C
:10B41C004B5F31362E302E305F3938613038653223
:10B42C005C636F6D706F6E656E74735C6C69627269
:10B43C0061726965735C6C6F675C7372635C6E726E
:10B44C00665F6C6F675F66726F6E74656E642E6399
:10B45C00000000004261636B656E647320666C755E
:10B46C0073686564000000006572726F7200000002
:10B47C007761726E696E6700696E666F000000001E
:10B48C0064656275670000001B5B306D0000000096
:10B49C001B5B313B33306D001B5B313B33316D003B
:10B4AC001B5B313B33326D001B5B313B33336D0027
:10B4BC001B5B313B33346D001B5B313B33356D0013
:10B4CC001B5B313B33366D001B5B313B33376D00FF
:10B4DC0025734C6F67732064726F707065642028DD
:10B4EC0025642925730D0A00257300003C25733E45
:10B4FC002025733A200000000D0A00002025303270
:10B50C0078000000202020007C0000002563000053
:10B51C00200000006170705F627574746F6E0000C3
:10B52C004A3A5C776F726B61626F75745C424C4522
:10B53C005F41424F55545C6D6573685C73656C6616
:10B54C006D6573685C6E5246355F53444B5F3136A4
:10B55C002E302E305F393861303865325C636F6D58
:10B56C00706F6E656E74735C6C6962726172696522
:10B57C00735C627574746F6E5C6170705F6275740D
:10B58C00746F6E2E63000000534F46544445564969
:10B59C0043453A20415353455254494F4E2046415E
:10B5AC00494C454400000000534F4654444556490D
:10B5BC0043453A20494E56414C4944204D454D4F48
:10B5CC0052592041434345535300000041535345C6
:10B5DC005254494F4E204641494C454420617420F9
:10B5EC0025733A25750000004552524F522025759F
:10B5FC00205B25735D2061742025733A25750D0A37
:10B60C0050432061743A203078253038780000009F
:10B61C00456E64206F66206572726F722072657061
:10B62C006F727400554E4B4E4F574E204641554C41
:10B63C005420617420307825303858004A3A5C77B1
:10B64C006F726B61626F75745C424C455F41424F27
:10B65C0055545C6D6573685C73656C666D65736879
:10B66C005C6E5246355F53444B5F31362E302E3074
:10B67C005F393861303865325C636F6D706F6E6541
:10B68C006E74735C6C69627261726965735C7574FB
:10B69C00696C5C6170705F7574696C5F706C6174FF
:10B6AC00666F726D2E6300004A3A5C776F726B6145
:10B6BC00626F75745C424C455F41424F55545C6DF2
:10B6CC006573685C73656C666D6573685C6E524619
:10B6DC00355F53444B5F31362E302E305F39386135
:10B6EC00303865325C636F6D706F6E656E74735C51
:10B6FC006C69627261726965735C62616C6C6F63B8
:10B70C005C6E72665F62616C6C6F632E630000002E
:10B71C004A3A5C776F726B61626F75745C424C4530
:10B72C005F41424F55545C6D6573685C73656C6624
:10B73C006D6573685C6E5246355F53444B5F3136B2
:10B74C002E302E305F393861303865325C65787454
:10B75C0065726E616C5C667072696E74665C6E723A
:10B76C00665F667072696E74662E63004A3A5C7727
:10B77C006F726B61626F75745C424C455F41424FF6
:10B78C0055545C6D6573685C73656C666D65736848
:10B79C005C6E5246355F53444B5F31362E302E3043
:10B7AC005F393861303865325C65787465726E610A
:10B7BC006C5C667072696E74665C6E72665F6670E5
:10B7CC0072696E74665F666F726D61742E630000D1
:10B7DC0030313233343536373839414243444546BB
:10B7EC004A3A5C776F726B61626F75745C424C4560
:10B7FC005F41424F55545C6D6573685C73656C6654
:10B80C006D6573685C6E5246355F53444B5F3136E1
:10B81C002E302E305F393861303865325C636F6D95
:10B82C00706F6E656E74735C6C696272617269655F
:10B83C00735C6D656D6F626A5C6E72665F6D656D73
:10B84C006F626A2E630000002E2E2F2E2E2F2E2EAE
:10B85C002F2E2E2F2E2E2F2E2E2F636F6D706F6E80
:10B86C00656E74732F6C69627261726965732F6592
:10B87C0078706572696D656E74616C5F7365637405
:10B88C00696F6E5F766172732F6E72665F7365633C
:10B89C0074696F6E5F697465722E68002E2E2F2E80
:10B8AC002E2F2E2E2F2E2E2F2E2E2F2E2E2F636F31
:10B8BC006D706F6E656E74732F6C696272617269F4
:10B8CC0065732F6D757465782F6E72665F6D747805
:10B8DC002E6800007077725F6D676D740000000059
:10B8EC004A3A5C776F726B61626F75745C424C455F
:10B8FC005F41424F55545C6D6573685C73656C6653
:10B90C006D6573685C6E5246355F53444B5F3136E0
:10B91C002E302E305F393861303865325C636F6D94
:10B92C00706F6E656E74735C6C696272617269655E
:10B93C00735C7077725F6D676D745C6E72665F704E
:10B94C0077725F6D676D742E6300000044B2030064
:10B95C0044B20300040000004A3A5C776F726B61DA
:10B96C00626F75745C424C455F41424F55545C6D3F
:10B97C006573685C73656C666D6573685C6E524666
:10B98C00355F53444B5F31362E302E305F39386182
:10B99C00303865325C636F6D706F6E656E74735C9E
:10B9AC006C69627261726965735C72696E676275EB
:10B9BC00665C6E72665F72696E676275662E630096
:10B9CC004A3A5C776F726B61626F75745C424C457E
:10B9DC005F41424F55545C6D6573685C73656C6672
:10B9EC006D6573685C6E5246355F53444B5F313600
:10B9FC002E302E305F393861303865325C636F6DB4
:10BA0C00706F6E656E74735C6C696272617269657D
:10BA1C00735C6578706572696D656E74616C5F736B
:10BA2C00656374696F6E5F766172735C6E72665F6C
:10BA3C0073656374696F6E5F697465722E63000061
:10BA4C00736F72746C697374000000004A3A5C770F
:10BA5C006F726B61626F75745C424C455F41424F13
:10BA6C0055545C6D6573685C73656C666D65736865
:10BA7C005C6E5246355F53444B5F31362E302E3060
:10BA8C005F393861303865325C636F6D706F6E652D
:10BA9C006E74735C6C69627261726965735C736FEE
:10BAAC0072746C6973745C6E72665F736F72746CB3
:10BABC006973742E63000000556E6B6E6F776E2089
:10BACC006572726F7220636F646500004E52465F40
:10BADC0053554343455353004E52465F4552524FC4
:10BAEC00525F5356435F48414E444C45525F4D495B
:10BAFC005353494E470000004E52465F4552524F39
:10BB0C00525F534F46544445564943455F4E4F543C
:10BB1C005F454E41424C4544000000004E52465F8A
:10BB2C004552524F525F494E5445524E414C0000C3
:10BB3C004E52465F4552524F525F4E4F5F4D454DF0
:10BB4C00000000004E52465F4552524F525F4E4F1E
:10BB5C00545F464F554E44004E52465F4552524F2D
:10BB6C00525F4E4F545F535550504F525445440002
:10BB7C004E52465F4552524F525F494E56414C49C8
:10BB8C00445F504152414D004E52465F4552524F18
:10BB9C00525F494E56414C49445F53544154450001
:10BBAC004E52465F4552524F525F494E56414C4998
:10BBBC00445F4C454E475448000000004E52465FCF
:10BBCC004552524F525F494E56414C49445F464C88
:10BBDC00414753004E52465F4552524F525F494EB9
:10BBEC0056414C49445F4441544100004E52465F1B
:10BBFC004552524F525F444154415F53495A45009C
:10BC0C004E52465F4552524F525F54494D454F5527
:10BC1C00540000004E52465F4552524F525F4E55F3
:10BC2C004C4C00004E52465F4552524F525F464FAD
:10BC3C005242494444454E004E52465F4552524F83
:10BC4C00525F494E56414C49445F414444520000B6
:10BC5C004E52465F4552524F525F42555359000067
:10BC6C004E52465F4552524F525F434F4E4E5F43CA
:10BC7C004F554E54000000004E52465F4552524FF5
:10BC8C00525F5245534F5552434553004E52465FF7
:10BC9C004552524F525F4D4F44554C455F4E4F5499
:10BCAC005F494E495449414C495A454400000000F3
:10BCBC004E52465F4552524F525F4D555445585F58
:10BCCC00494E49545F4641494C4544004E52465FEB
:10BCDC004552524F525F4D555445585F4C4F434B54
:10BCEC005F4641494C4544004E52465F4552524FC7
:10BCFC00525F4D555445585F554E4C4F434B5F4624
:10BD0C0041494C45440000004E52465F4552524F4B
:10BD1C00525F4D555445585F434F4E445F494E4911
:10BD2C00545F4641494C4544000000004E52465F6A
:10BD3C004552524F525F4D4F44554C455F414C520A
:10BD4C00454144595F494E495449414C495A45442F
:10BD5C00000000004E52465F4552524F525F535402
:10BD6C004F524147455F46554C4C00004E52465F82
:10BD7C004552524F525F4150495F4E4F545F494DAF
:10BD8C00504C454D454E5445440000004E52465FC4
:10BD9C004552524F525F464541545552455F4E4FA6
:10BDAC00545F454E41424C45440000004E52465FA4
:10BDBC004552524F525F494F5F50454E44494E4792
:10BDCC00000000004E52465F4552524F525F4452A3
:10BDDC00565F5457495F4552525F4F564552525524
:10BDEC004E0000004E52465F4552524F525F445235
:10BDFC00565F5457495F4552525F414E41434B0089
:10BE0C004E52465F4552524F525F4452565F545702
:10BE1C00495F4552525F444E41434B004E52465F80
:10BE2C004552524F525F424C455F495053505F52FE
:10BE3C00585F504B545F5452554E43415445440047
:10BE4C004E52465F4552524F525F424C455F4950ED
:10BE5C0053505F4348414E4E454C5F414C52454117
:10BE6C0044595F4558495354530000004E52465FA5
:10BE7C004552524F525F424C455F495053505F4CB4
:10BE8C00494E4B5F444953434F4E4E4543544544F2
:10BE9C00000000004E52465F4552524F525F424CDA
:10BEAC00455F495053505F504545525F52454A4596
:10BEBC00435445440000000000000000D8BA0300C1
:10BECC0001000000E4BA03000200000004BB030000
:10BEDC000300000028BB0300040000003CBB03006F
:10BEEC000500000050BB03000600000064BB03000B
:10BEFC00070000007CBB03000800000094BB03009B
:10BF0C0009000000ACBB03000A000000C8BB030022
:10BF1C000B000000E0BB03000C000000F8BB0300AA
:10BF2C000D0000000CBC03000E00000020BC030040
:10BF3C000F00000030BC03001000000044BC0300E4
:10BF4C00110000005CBC0300120000006CBC03007C
:10BF5C001300000084BC03008000000098BC0300A8
:10BF6C0081000000BCBC030082000000D8BC0300B0
:10BF7C0083000000F4BC03008400000014BD030027
:10BF8C008500000038BD03008600000060BD030082
:10BF9C009000000078BD03009100000098BD0300E4
:10BFAC0092000000B8BD030000820000D0BD030069
:10BFBC0001820000F0BD0300028200000CBE0300F1
:10BFCC000084000028BE0300018400004CBE030066
:10BFDC000284000078BE030003840000A0BE0300AE
:10BFEC006E72665F6673746F726167650000000045
:10BFFC00705F667300000000257320636865636BD7
:10C00C00206661696C656420696E2025732829207F
:10C01C00776974682076616C756520307825782E88
:10C02C0000000000705F617069000000705F667353
:10C03C002D3E705F61706900705F64657374000001
:10C04C006C656E00616464725F69735F616C6967D3
:10C05C006E65643332287372632900006164647204
:10C06C005F69735F77697468696E5F626F756E6420
:10C07C007328705F66732C207372632C206C656E52
:10C08C0029000000705F73726300000021286C654A
:10C09C006E202520705F66732D3E705F666C617339
:10C0AC00685F696E666F2D3E70726F6772616D5F4F
:10C0BC00756E697429000000616464725F69735F56
:10C0CC00616C69676E65643332286465737429002A
:10C0DC00616464725F69735F616C69676E65643318
:10C0EC0032282875696E7433325F7429705F7372ED
:10C0FC0063290000616464725F69735F77697468B7
:10C10C00696E5F626F756E647328705F66732C2046
:10C11C00646573742C206C656E2900006164647214
:10C12C005F69735F706167655F616C69676E656499
:10C13C0028705F66732C20706167655F6164647240
:10C14C0029000000616464725F69735F77697468C9
:10C15C00696E5F626F756E647328705F66732C20F6
:10C16C00706167655F616464722C20286C656E2059
:10C17C002A20705F66732D3E705F666C6173685F1A
:10C18C00696E666F2D3E65726173655F756E69745D
:10C19C00292900006E72665F6673746F7261676541
:10C1AC005F696E69740000006E72665F6673746F0F
:10C1BC00726167655F726561640000006E72665F34
:10C1CC006673746F726167655F777269746500007E
:10C1DC006E72665F6673746F726167655F657261BC
:10C1EC007365000000100000040000000100000056
:10C1FC00B998020005990200A19902003199020038
:10C20C00C5990200399A0200479A0200559A020019
:10C21C002E2E2F2E2E2F2E2E2F2E2E2F2E2E2F2E2D
:10C22C002E2F6D6F64756C65732F6E7266782F6828
:10C23C00616C2F6E72665F6770696F2E680000000C
:10C24C004A3A5C776F726B61626F75745C424C45F5
:10C25C005F41424F55545C6D6573685C73656C66E9
:10C26C006D6573685C6E5246355F53444B5F313677
:10C27C002E302E305F393861303865325C636F6D2B
:10C28C00706F6E656E74735C626F617264735C6206
:10C29C006F617264732E630011121314636C6F63FD
:10C2AC006B0000004A3A5C776F726B61626F757459
:10C2BC005C424C455F41424F55545C6D6573685C04
:10C2CC0073656C666D6573685C6E5246355F53447E
:10C2DC004B5F31362E302E305F3938613038653255
:10C2EC005C696E746567726174696F6E5C6E7266A0
:10C2FC00785C6C65676163795C6E72665F6472769C
:10C30C005F636C6F636B2E63000000002E2E2F2E6C
:10C31C002E2F2E2E2F2E2E2F2E2E2F2E2E2F696EB1
:10C32C00746567726174696F6E2F6E7266782F6EAA
:10C33C007266785F676C75652E680000434C4F43DE
:10C34C004B0000004A3A5C776F726B61626F7574D8
:10C35C005C424C455F41424F55545C6D6573685C63
:10C36C0073656C666D6573685C6E5246355F5344DD
:10C37C004B5F31362E302E305F39386130386532B4
:10C38C005C6D6F64756C65735C6E7266785C647200
:10C39C0069766572735C7372635C6E7266785F63E8
:10C3AC006C6F636B2E6300002E2E2F2E2E2F2E2ED5
:10C3BC002F2E2E2F2E2E2F2E2E2F696E7465677218
:10C3CC006174696F6E2F6E7266782F6E7266785F0D
:10C3DC00676C75652E6800002E2E2F2E2E2F2E2E9C
:10C3EC002F2E2E2F2E2E2F2E2E2F6D6F64756C65EB
:10C3FC00732F6E7266782F68616C2F6E72665F6732
:10C40C0070696F2E680000004750494F544500007A
:10C41C004A3A5C776F726B61626F75745C424C4523
:10C42C005F41424F55545C6D6573685C73656C6617
:10C43C006D6573685C6E5246355F53444B5F3136A5
:10C44C002E302E305F393861303865325C6D6F6458
:10C45C00756C65735C6E7266785C64726976657215
:10C46C00735C7372635C6E7266785F6770696F740D
:10C47C00652E6300505253004A3A5C776F726B61C1
:10C48C00626F75745C424C455F41424F55545C6D14
:10C49C006573685C73656C666D6573685C6E52463B
:10C4AC00355F53444B5F31362E302E305F39386157
:10C4BC00303865325C6D6F64756C65735C6E72667A
:10C4CC00785C647269766572735C7372635C7072AB
:10C4DC00735C6E7266785F7072732E63000000007E
:10C4EC002E2E2F2E2E2F2E2E2F2E2E2F2E2E2F2E5B
:10C4FC002E2F696E746567726174696F6E2F6E7220
:10C50C0066782F6E7266785F676C75652E680000B2
:10C51C002E2E2F2E2E2F2E2E2F2E2E2F2E2E2F2E2A
:10C52C002E2F6D6F64756C65732F6E7266782F6825
:10C53C00616C2F6E72665F6770696F2E6800000009
:10C54C0055415254000000004A3A5C776F726B619F
:10C55C00626F75745C424C455F41424F55545C6D43
:10C56C006573685C73656C666D6573685C6E52466A
:10C57C00355F53444B5F31362E302E305F39386186
:10C58C00303865325C6D6F64756C65735C6E7266A9
:10C59C00785C647269766572735C7372635C6E72DC
:10C5AC0066785F756172742E630000002E2E2F2E3C
:10C5BC002E2F2E2E2F2E2E2F2E2E2F2E2E2F696E0F
:10C5CC00746567726174696F6E2F6E7266782F6E08
:10C5DC007266785F676C75652E6800002E2E2F2EA4
:10C5EC002E2F2E2E2F2E2E2F2E2E2F2E2E2F6D6FDA
:10C5FC0064756C65732F6E7266782F68616C2F6E24
:10C60C0072665F6770696F2E680000005541525466
:10C61C00450000004A3A5C776F726B61626F75740B
:10C62C005C424C455F41424F55545C6D6573685C90
:10C63C0073656C666D6573685C6E5246355F53440A
:10C64C004B5F31362E302E305F39386130386532E1
:10C65C005C6D6F64756C65735C6E7266785C64722D
:10C66C0069766572735C7372635C6E7266785F7503
:10C67C00617274652E630000505049002E2E2F2ECF
:10C68C002E2F2E2E2F2E2E2F2E2E2F2E2E2F696E3E
:10C69C00746567726174696F6E2F6E7266782F6E37
:10C6AC007266785F676C75652E6800002E2E2F2ED3
:10C6BC002E2F2E2E2F2E2E2F2E2E2F2E2E2F6D6F09
:10C6CC0064756C65732F6E7266782F68616C2F6E53
:10C6DC0072665F70776D2E68000000002E2E2F2E74
:10C6EC002E2F2E2E2F2E2E2F2E2E2F2E2E2F6D6FD9
:10C6FC0064756C65732F6E7266782F68616C2F6E23
:10C70C0072665F6770696F2E6800000050574D00AD
:10C71C004A3A5C776F726B61626F75745C424C4520
:10C72C005F41424F55545C6D6573685C73656C6614
:10C73C006D6573685C6E5246355F53444B5F3136A2
:10C74C002E302E305F393861303865325C6D6F6455
:10C75C00756C65735C6E7266785C64726976657212
:10C76C00735C7372635C6E7266785F70776D2E6348
:10C77C00000000002E2E2F2E2E2F2E2E2F2E2E2F81
:10C78C002E2E2F2E2E2F6D6F64756C65732F6E727F
:10C79C0066782F68616C2F6E72665F6770696F2E9A
:10C7AC0068000000527820646174612070726574B6
:10C7BC0072656174206572726F722E004A3A5C77F2
:10C7CC006F726B61626F75745C424C455F41424F96
:10C7DC0055545C6D6573685C73656C666D657368E8
:10C7EC005C6E5246355F53444B5F31362E302E30E3
:10C7FC005F393861303865325C776F726B7370619A
:10C80C0063655C73656C666D6573685C626C655FB3
:10C81C0073656C666D6573685F3230323031313000
:10C82C00375F563231325F636C69656E743031300C
:10C83C00305C6D61696E2E6300000000432D303159
:10C84C003030000055736572206275666665722023
:10C85C006C656E677468204552524F522E00000072
:10C86C00436F6E6E656374656400000044697363A6
:10C87C006F6E6E65637465640000000044617461E2
:10C88C00206C656E2069732073657420746F203082
:10C89C0078255828256429000800000006000000AF
:10C8AC0005000000070000000000000000E0D701B8
:10C8BC002573000053656C666D6573682073696D34
:10C8CC00706C65207363656E6520636C69656E744E
:10C8DC0020737461727465642E0000003C38002073
:10C8EC00000000000338FDD870470000010000076D
:10C8FC005243563A00000000253032580000000028
:10C90C00000000000000000000000000000000001B
:10C91C00000000003D0B03007D0B0300A90D03007C
:10C92C0002000000000000000000000000000000F9
:10C93C004F55543A000000002530325800000000DA
:10C94C00637C777BF26B6FC53001672BFED7AB76C0
:10C95C00CA82C97DFA5947F0ADD4A2AF9CA472C06B
:10C96C00B7FD9326363FF7CC34A5E5F171D83115D8
:10C97C0004C723C31896059A071280E2EB27B275F9
:10C98C0009832C1A1B6E5AA0523BD6B329E32F8471
:10C99C0053D100ED20FCB15B6ACBBE394A4C58CF69
:10C9AC00D0EFAAFB434D338545F9027F503C9FA83D
:10C9BC0051A3408F929D38F5BCB6DA2110FFF3D20B
:10C9CC00CD0C13EC5F974417C4A77E3D645D1973BF
:10C9DC0060814FDC222A908846EEB814DE5E0BDBB9
:10C9EC00E0323A0A4906245CC2D3AC629195E479F0
:10C9FC00E7C8376D8DD54EA96C56F4EA657AAE084A
:10CA0C00BA78252E1CA6B4C6E8DD741F4BBD8B8AE4
:10CA1C00703EB5664803F60E613557B986C11D9E4A
:10CA2C00E1F8981169D98E949B1E87E9CE5528DFC1
:10CA3C008CA1890DBFE6426841992D0FB054BB16ED
:10CA4C0052096AD53036A538BF40A39E81F3D7FB77
:10CA5C007CE339829B2FFF87348E4344C4DEE9CBC1
:10CA6C00547B9432A6C2233DEE4C950B42FAC34E36
:10CA7C00082EA16628D924B2765BA2496D8BD125EC
:10CA8C0072F8F66486689816D4A45CCC5D65B69290
:10CA9C006C704850FDEDB9DA5E154657A78D9D8434
:10CAAC0090D8AB008CBCD30AF7E45805B8B3450654
:10CABC00D02C1E8FCA3F0F02C1AFBD0301138A6B6E
:10CACC003A9111414F67DCEA97F2CFCEF0B4E6739E
:10CADC0096AC7422E7AD3585E2F937E81C75DF6E4C
:10CAEC0047F11A711D29C5896FB7620EAA18BE1BB2
:10CAFC00FC563E4BC6D279209ADBC0FE78CD5AF458
:10CB0C001FDDA8338807C731B11210592780EC5F9D
:10CB1C0060517FA919B54A0D2DE57A9F93C99CEFF9
:10CB2C00A0E03B4DAE2AF5B0C8EBBB3C83539961FA
:10CB3C00172B047EBA77D626E169146355210C7D38
:10CB4C00E84000205465726D696E616C0000000055
:10CB5C00525454005345474745520000303132334C
:10CB6C003435363738394142434445464A3A5C7786
:10CB7C006F726B61626F75745C424C455F41424FE2
:10CB8C0055545C6D6573685C73656C666D65736834
:10CB9C005C6E5246355F53444B5F31362E302E302F
:10CBAC005F393861303865325C636F6D706F6E65FC
:10CBBC006E74735C626C655C636F6D6D6F6E5C62E2
:10CBCC006C655F636F6E6E5F73746174652E63006A
:10CBDC006E72665F626C655F676174740000000062
:10CBEC0073645F626C655F6761705F646174615FE1
:10CBFC006C656E6774685F75706461746528292054
:10CC0C00287265717565737429206F6E20636F6E61
:10CC1C006E656374696F6E20307825782072657448
:10CC2C0075726E65642025732E00000054686520B3
:10CC3C007265717565737465642054582F52582051
:10CC4C007061636B6574206C656E677468206973C2
:10CC5C0020746F6F206C6F6E672062792025752FA2
:10CC6C002575206F63746574732E000054686520FD
:10CC7C0072657175657374656420636F6D62696E3E
:10CC8C006174696F6E206F6620545820616E642049
:10CC9C005258207061636B6574206C656E677468A4
:10CCAC007320697320746F6F206C6F6E67206279CC
:10CCBC00202575206D6963726F7365636F6E647385
:10CCCC002E00000073645F626C655F67617474634F
:10CCDC005F65786368616E67655F6D74755F7265BB
:10CCEC00717565737428292072657475726E65642C
:10CCFC002025732E0000000073645F626C655F6713
:10CD0C00617474735F65786368616E67655F6D7479
:10CD1C00755F7265706C7928292072657475726EF6
:10CD2C0065642025732E0000626C655F6E75730060
:10CD3C007941DC240EE5A9E093F3A3B50000406E25
:10CD4C002E2E2F2E2E2F2E2E2F2E2E2F2E2E2F2EF2
:10CD5C002E2F636F6D706F6E656E74732F6C6962BE
:10CD6C007261726965732F6578706572696D656E35
:10CD7C0074616C5F73656374696F6E5F76617273F7
:10CD8C002F6E72665F73656374696F6E5F6974652D
:10CD9C00722E68006E72665F736468004A3A5C7744
:10CDAC006F726B61626F75745C424C455F41424FB0
:10CDBC0055545C6D6573685C73656C666D65736802
:10CDCC005C6E5246355F53444B5F31362E302E30FD
:10CDDC005F393861303865325C636F6D706F6E65CA
:10CDEC006E74735C736F66746465766963655C639B
:10CDFC006F6D6D6F6E5C6E72665F7364682E630030
:10CE0C000100000764B2030074B2030008000000C4
:10CE1C0044B2030054B203000800000054B20300F3
:10CE2C0064B20300080000002E2E2F2E2E2F2E2E63
:10CE3C002F2E2E2F2E2E2F2E2E2F636F6D706F6E8A
:10CE4C00656E74732F6C69627261726965732F659C
:10CE5C0078706572696D656E74616C5F736563740F
:10CE6C00696F6E5F766172732F6E72665F73656346
:10CE7C0074696F6E5F697465722E68006E72665F9E
:10CE8C007364685F626C650073645F626C655F639A
:10CE9C0066675F73657428292072657475726E6598
:10CEAC0064202573207768656E20617474656D70DD
:10CEBC0074696E6720746F2073657420424C455FF3
:10CECC00434F4E4E5F4346475F4741502E00000094
:10CEDC0073645F626C655F6366675F736574282952
:10CEEC002072657475726E65642025732077686591
:10CEFC006E20617474656D7074696E6720746F2038
:10CF0C0073657420424C455F4741505F4346475F11
:10CF1C00524F4C455F434F554E542E0073645F6225
:10CF2C006C655F6366675F7365742829207265742E
:10CF3C0075726E6564202573207768656E20617448
:10CF4C0074656D7074696E6720746F2073657420DE
:10CF5C00424C455F434F4E4E5F4346475F474154FB
:10CF6C00542E000073645F626C655F6366675F7369
:10CF7C00657428292072657475726E65642025733A
:10CF8C00207768656E20617474656D7074696E6766
:10CF9C0020746F2073657420424C455F434F4D4D98
:10CFAC004F4E5F4346475F56535F555549442E00DD
:10CFBC0073645F626C655F6366675F736574282971
:10CFCC002072657475726E656420257320776865B0
:10CFDC006E20617474656D7074696E6720746F2057
:10CFEC0073657420424C455F47415454535F43462C
:10CFFC00475F415454525F5441425F53495A452E46
:10D00C000000000073645F626C655F6366675F734A
:10D01C00657428292072657475726E656420257399
:10D02C00207768656E20617474656D7074696E67C5
:10D03C0020746F2073657420424C455F47415454F3
:10D04C00535F4346475F534552564943455F4348F8
:10D05C00414E4745442E0000496E73756666696300
:10D06C0069656E742052414D20616C6C6F63617404
:10D07C00656420666F722074686520536F66744413
:10D08C0065766963652E00004368616E6765207480
:10D09C0068652052414D207374617274206C6F630B
:10D0AC006174696F6E2066726F6D20307825782000
:10D0BC00746F20307825782E000000004D6178695F
:10D0CC006D756D2052414D2073697A6520666F72C3
:10D0DC00206170706C69636174696F6E2069732074
:10D0EC00307825782E00000073645F626C655F6594
:10D0FC006E61626C6528292072657475726E656448
:10D10C002025732E000000004A3A5C776F726B6129
:10D11C00626F75745C424C455F41424F55545C6D77
:10D12C006573685C73656C666D6573685C6E52469E
:10D13C00355F53444B5F31362E302E305F393861BA
:10D14C00303865325C636F6D706F6E656E74735CD6
:10D15C00736F66746465766963655C636F6D6D6F20
:10D16C006E5C6E72665F7364685F626C652E6300E2
:10D17C0004B2030044B20300080000002E2E2F2E30
:10D18C002E2F2E2E2F2E2E2F2E2E2F2E2E2F636F38
:10D19C006D706F6E656E74732F6C696272617269FB
:10D1AC0065732F6578706572696D656E74616C5FFF
:10D1BC0073656374696F6E5F766172732F6E7266DE
:10D1CC005F73656374696F6E5F697465722E680056
:10D1DC006E72665F7364685F736F63004A3A5C7764
:10D1EC006F726B61626F75745C424C455F41424F6C
:10D1FC0055545C6D6573685C73656C666D657368BE
:10D20C005C6E5246355F53444B5F31362E302E30B8
:10D21C005F393861303865325C636F6D706F6E6585
:10D22C006E74735C736F66746465766963655C6356
:10D23C006F6D6D6F6E5C6E72665F7364685F736F3B
:10D24C00632E6300ECB1030004B20300080000007D
:10D25C002526270008042008048000000406080A7C
:10D26C000C0E10121416181C1E20222426282A2CF0
:10D27C002E30323436383A3C3E40424446484A4CD2
:10D28C004E021A50252627003031323334353637CA
:10D29C003839414243444546000000003C743A2072
:10D2AC00253130753E2C2025732C202534642C2000
:10D2BC000000000025753B25753B25733B25753B10
:10D2CC00000000002400000000000000000000002E
:10D2DC00000000000338FDD8704700004C4A0020C5
:10D2EC004A3A5C776F726B61626F75745C424C4545
:10D2FC005F41424F55545C6D6573685C73656C6639
:10D30C006D6573685C6E5246355F53444B5F3136C6
:10D31C002E302E305F393861303865325C6E726673
:10D32C00355F53444B5F666F725F4D6573685F7614
:10D33C00342E312E305F7372635C65787465726E57
:10D34C00616C5C6170705F74696D65725C6170704A
:10D35C005F74696D65725F776F726B61726F756EFA
:10D36C00642E63000000000043000000504F53493E
:10D37C005800000020202020202020202068282871
:10D38C002828202020202020202020202020202081
:10D39C002020202048101010101010101010101009
:10D3AC0010101010848484848484848484841010E9
:10D3BC001010101010818181818181010101010106
:10D3CC000101010101010101010101010101011032
:10D3DC0010101010108282828282820202020202DB
:10D3EC000202020202020202020202020202021003
:10D3FC0010101020000703200417020108571040DA
:10D40C008000000074D3030078D403008CD5030093
:10D41C0053756E004D6F6E00547565005765640052
:10D42C005468750046726900536174000000000076
:10D43C004A616E00466562004D6172004170720077
:10D44C004D6179004A756E004A756C004175670034
:10D45C00536570004F6374004E6F76004465630033
:10D46C0000000000414D00504D000000B0D50300FD
:10D47C00ACD50300ACD50300ACD50300ACD5030090
:10D48C00ACD50300ACD50300ACD50300ACD5030080
:10D49C00ACD50300FFFFFFFFFFFFFFFFFFFFFFFF08
:10D4AC00FFFF0000ECD403001CD4030028D50300BC
:10D4BC003CD4030070D40300D0D4030080D5030007
:10D4CC00DCD40300256D2F25642F25790000000086
:10D4DC002561202562202565202554202559000032
:10D4EC0053756E646179004D6F6E6461790054758B
:10D4FC006573646179005765646E65736461790066
:10D50C00546875727364617900467269646179005C
:10D51C005361747572646179000000004A616E7524
:10D52C00617279004665627275617279004D617243
:10D53C00636800417072696C004D6179004A756EC8
:10D54C0065004A756C790041756775737400536595
:10D55C007074656D626572004F63746F6265720002
:10D56C004E6F76656D62657200446563656D6265CC
:10D57C007200000025483A254D3A25530000000062
:10D58C00EDA8030009A9030015A9030021A90300B4
:10D59C003DA9030049A9030055A9030063A9030091
:10D5AC00000000002E0000003031323334353637A5
:10D5BC0038396162636465663031323334353637FD
:0FD5CC003839414243444546286E756C6C29003E
:10D5DC0000000000FF0000000000000074B4030015
:10D5EC007CB4030084B403008CB4030094B4030033
:10D5FC009CB40300A4B40300ACB40300B4B40300A3
:10D60C00BCB40300C4B40300CCB40300D4B4030012
:10D61C000090D003E433002001000400000000005F
:10D62C0000000000000000000000000000000000EE
:10D63C00F02A002000000000FFFF1400010002008F
:10D64C00FF000000000000000000000000000000CF
:10D65C0000000000000000000000000000000000BE
:10D66C0000000000000000000000000000000000AE
:10D67C00000000000000000000000000000000009E
:10D68C00000000000000000000000000000000008E
:10D69C00000000000000000000000000000000007E
:10D6AC00000000000000000000000000000000006E
:10D6BC00000000000000000000000000000000005E
:10D6CC00000000000000000000000000000000004E
:10D6DC00000000000000000000000000000000003E
:10D6EC00000000000000000000000000000000002E
:10D6FC00000000000000000000000000000000001E
:10D70C00000000000000000000000000000000000D
:10D71C0000000000000000000000000000000000FD
:10D72C0000000000000000000000000000000000ED
:10D73C00010000000700000002000000A97F0300A8
:10D74C0010D4030010D4030010D4030010D4030031
:04D75C0010D40300E2
:040000032000637501
:00000001FF
